#VRML V2.0 utf8
# File generated by ImageToStl.com - Free Image and 3D model conversion tools

Group {
  children [
    Group {
      children [
      ]
    }
    Group {
      children [
      ]
    }
    Group {
      children [
        Group {
          children [
            Group {
              children [
                Group {
                  children [
                    Shape {
                      appearance DEF M0 Appearance {
                        material Material {
                          diffuseColor 0.8 0.8 0.8
                          specularColor 0.401 0.401 0.401
                          emissiveColor 0 0 0
                          ambientIntensity 0
                          shininess 0.5
                        }
                      }
                      geometry IndexedFaceSet {
                        coord Coordinate {
                          point [
10 -21.37999952 1.59999301,-10 -21.38000018 3.59999301,-10 -21.37999952 1.59999301,10 -21.38000018 3.59999301,10 -18.37999952 1.59999399,10 -18.38000018 3.59999399,-10 -18.37999952 1.59999399,-10 -18.38000018 3.59999399                          ]
                        }
                        coordIndex [
0,1,2,-1,0,3,1,-1,4,3,0,-1,4,5,3,-1,6,5,4,-1,6,7,5,-1,2,7,6,-1,2,1,7,-1,4,0,2,-1,4,2,6,-1,5,1,3,-1,5,7,1                        ]
                        ccw TRUE
                        colorPerVertex TRUE
                        color Color {
                          color [
0.8 0.8 0.8,0.424 0.424 0.424,                          ]
                        }
                        colorIndex [
1,1,1,-1,1,1,1,-1,1,1,1,-1,1,1,1,-1,1,1,1,-1,1,1,1,-1,1,1,1,-1,1,1,1,-1,1,1,1,-1,1,1,1,-1,1,1,1,-1,1,1,1                        ]
                      }
                    }
                  ]
                }
              ]
            }
          ]
        }
      ]
    }
    Group {
      children [
        Group {
          children [
            Group {
              children [
                Group {
                  children [
                    Shape {
                      appearance DEF M2 Appearance {
                        material Material {
                          diffuseColor 0.8 0.8 0.8
                          specularColor 0.401 0.401 0.401
                          emissiveColor 0 0 0
                          ambientIntensity 0
                          shininess 0.5
                        }
                      }
                      geometry IndexedFaceSet {
                        coord Coordinate {
                          point [
7.62 -26.7300033 10.09999126,-25.4 -26.7300033 10.09999126,-25.4 -26.73000052 1.59999126,7.62 -26.73000052 1.59999126,7.62 -21.65000052 1.59999292,7.62 -21.6500033 10.09999292,-25.4 -21.6500033 10.09999292,-25.4 -21.65000052 1.59999292                          ]
                        }
                        coordIndex [
0,1,2,-1,3,0,2,-1,4,0,3,-1,4,5,0,-1,6,5,4,-1,7,6,4,-1,2,6,7,-1,2,1,6,-1,3,2,7,-1,4,3,7,-1,0,6,1,-1,5,6,0                        ]
                        ccw TRUE
                        colorPerVertex TRUE
                        color Color {
                          color [
0.8 0.8 0.8,0.239 0.239 0.239,                          ]
                        }
                        colorIndex [
1,1,1,-1,1,1,1,-1,1,1,1,-1,1,1,1,-1,1,1,1,-1,1,1,1,-1,1,1,1,-1,1,1,1,-1,1,1,1,-1,1,1,1,-1,1,1,1,-1,1,1,1                        ]
                      }
                    }
                  ]
                }
              ]
            }
          ]
        }
      ]
    }
    Group {
      children [
        Group {
          children [
            Group {
              children [
                Group {
                  children [
                    Shape {
                      appearance DEF M4 Appearance {
                        material Material {
                          diffuseColor 0.8 0.8 0.8
                          specularColor 0.401 0.401 0.401
                          emissiveColor 0 0 0
                          ambientIntensity 0
                          shininess 0.5
                        }
                      }
                      geometry IndexedFaceSet {
                        coord Coordinate {
                          point [
-23.630621 -22.89507635 -2.00000748,-23.629999 -22.9200033 10.09999251,-23.629999 -22.91999935 -2.00000749,-23.630621 -22.8950803 10.09999252,-23.632484 -22.87021535 -2.00000747,-23.632484 -22.8702193 10.09999253,-23.635584 -22.8454813 10.09999253,-23.635584 -22.84547735 -2.00000747,-23.639914 -22.82092635 -2.00000746,-23.639914 -22.8209303 10.09999254,-23.645462 -22.7966243 10.09999255,-23.645462 -22.79662035 -2.00000745,-23.652214 -22.77262235 -2.00000744,-23.652214 -22.7726263 10.09999256,-23.660154 -22.74898835 -2.00000743,-23.660154 -22.7489923 10.09999257,-23.669262 -22.72578135 -2.00000743,-23.669262 -22.7257853 10.09999257,-23.679516 -22.7030613 10.09999258,-23.679516 -22.70305735 -2.00000742,-23.690889 -22.68087335 -2.00000741,-23.690889 -22.6808773 10.09999259,-23.703354 -22.6592863 10.0999926,-23.703354 -22.65928235 -2.0000074,-23.716881 -22.63833935 -2.0000074,-23.716881 -22.6383433 10.0999926,-23.731434 -22.61809635 -2.00000739,-23.731434 -22.6181003 10.09999261,-23.746977 -22.59860535 -2.00000739,-23.746977 -22.5986093 10.09999261,-23.763474 -22.57991335 -2.00000738,-23.763474 -22.5799173 10.09999262,-23.780882 -22.56206635 -2.00000737,-23.780882 -22.5620703 10.09999263,-23.799156 -22.54510835 -2.00000737,-23.799156 -22.5451123 10.09999263,-23.818254 -22.52908435 -2.00000736,-23.818254 -22.5290883 10.09999264,-23.838129 -22.51402935 -2.00000736,-23.838129 -22.5140333 10.09999264,-23.858727 -22.49998635 -2.00000735,-23.858727 -22.4999903 10.09999265,-23.879999 -22.48698735 -2.00000735,-23.879999 -22.4869913 10.09999265,-23.901896 -22.47506235 -2.00000734,-23.901896 -22.4750663 10.09999266,-23.924356 -22.46424635 -2.00000734,-23.924356 -22.4642503 10.09999266,-23.947329 -22.45456235 -2.00000734,-23.947329 -22.4545663 10.09999266,-23.970757 -22.44603435 -2.00000734,-23.970757 -22.4460383 10.09999266,-23.994579 -22.43868735 -2.00000733,-23.994579 -22.4386913 10.09999267,-24.01874 -22.43253435 -2.00000733,-24.01874 -22.4325383 10.09999267,-24.043177 -22.42759635 -2.00000733,-24.043177 -22.4276003 10.09999267,-24.067827 -22.42387935 -2.00000733,-24.067827 -22.4238833 10.09999267,-24.092634 -22.4214013 10.09999267,-24.092634 -22.42139735 -2.00000733,-24.117535 -22.42015435 -2.00000733,-24.117535 -22.4201583 10.09999267,-24.142466 -22.42015435 -2.00000733,-24.142466 -22.4201583 10.09999267,-24.167364 -22.42139735 -2.00000733,-24.167364 -22.4214013 10.09999267,-24.192171 -22.42387935 -2.00000733,-24.192171 -22.4238833 10.09999267,-24.216824 -22.42759635 -2.00000733,-24.216824 -22.4276003 10.09999267,-24.241261 -22.43253435 -2.00000733,-24.241261 -22.4325383 10.09999267,-24.265421 -22.4386913 10.09999267,-24.265421 -22.43868735 -2.00000733,-24.289244 -22.44603435 -2.00000734,-24.289244 -22.4460383 10.09999266,-24.31267 -22.45456235 -2.00000734,-24.31267 -22.4545663 10.09999266,-24.335644 -22.46424635 -2.00000734,-24.335644 -22.4642503 10.09999266,-24.358105 -22.47506235 -2.00000734,-24.358105 -22.4750663 10.09999266,-24.379999 -22.48698735 -2.00000735,-24.379999 -22.4869913 10.09999265,-24.401274 -22.4999903 10.09999265,-24.401274 -22.49998635 -2.00000735,-24.421871 -22.51402935 -2.00000736,-24.421871 -22.5140333 10.09999264,-24.441746 -22.52908435 -2.00000736,-24.441746 -22.5290883 10.09999264,-24.460842 -22.5451123 10.09999263,-24.460842 -22.54510835 -2.00000737,-24.479118 -22.56206635 -2.00000737,-24.479118 -22.5620703 10.09999263,-24.496527 -22.5799173 10.09999262,-24.496527 -22.57991335 -2.00000738,-24.513021 -22.59860535 -2.00000739,-24.513021 -22.5986093 10.09999261,-24.528566 -22.61809635 -2.00000739,-24.528566 -22.6181003 10.09999261,-24.543119 -22.63833935 -2.0000074,-24.543119 -22.6383433 10.0999926,-24.556646 -22.6592863 10.0999926,-24.556646 -22.65928235 -2.0000074,-24.569111 -22.6808773 10.09999259,-24.569111 -22.68087335 -2.00000741,-24.580484 -22.70305735 -2.00000742,-24.580484 -22.7030613 10.09999258,-24.590738 -22.72578135 -2.00000743,-24.590738 -22.7257853 10.09999257,-24.599846 -22.74898835 -2.00000743,-24.599846 -22.7489923 10.09999257,-24.607786 -22.77262235 -2.00000744,-24.607786 -22.7726263 10.09999256,-24.614538 -22.79662035 -2.00000745,-24.614538 -22.7966243 10.09999255,-24.620087 -22.82092635 -2.00000746,-24.620087 -22.8209303 10.09999254,-24.624416 -22.84547735 -2.00000747,-24.624416 -22.8454813 10.09999253,-24.627516 -22.87021535 -2.00000747,-24.627516 -22.8702193 10.09999253,-24.629379 -22.89507635 -2.00000748,-24.629379 -22.8950803 10.09999252,-24.629999 -22.91999935 -2.00000749,-24.629999 -22.9200033 10.09999251,-24.629379 -22.94492235 -2.0000075,-24.629379 -22.9449263 10.0999925,-24.627516 -22.96978335 -2.00000751,-24.627516 -22.9697873 10.09999249,-24.624416 -22.9945233 10.09999249,-24.624416 -22.99451935 -2.00000751,-24.620087 -23.01907235 -2.00000752,-24.620087 -23.0190763 10.09999248,-24.614538 -23.04337835 -2.00000753,-24.614538 -23.0433823 10.09999247,-24.607786 -23.06737635 -2.00000754,-24.607786 -23.0673803 10.09999246,-24.599846 -23.09100835 -2.00000755,-24.599846 -23.0910123 10.09999245,-24.590738 -23.11421735 -2.00000755,-24.590738 -23.1142213 10.09999245,-24.580484 -23.13694135 -2.00000756,-24.580484 -23.1369453 10.09999244,-24.569111 -23.1591293 10.09999243,-24.569111 -23.15912535 -2.00000757,-24.556646 -23.18071635 -2.00000758,-24.556646 -23.1807203 10.09999242,-24.543119 -23.20165935 -2.00000758,-24.543119 -23.2016633 10.09999242,-24.528566 -23.22190235 -2.00000759,-24.528566 -23.2219063 10.09999241,-24.513021 -23.24139335 -2.0000076,-24.513021 -23.2413973 10.0999924,-24.496527 -23.26008535 -2.0000076,-24.496527 -23.2600893 10.0999924,-24.479118 -23.27793235 -2.00000761,-24.479118 -23.2779363 10.09999239,-24.460842 -23.2948943 10.09999239,-24.460842 -23.29489035 -2.00000761,-24.441746 -23.31091435 -2.00000762,-24.441746 -23.3109183 10.09999238,-24.421871 -23.32596935 -2.00000762,-24.421871 -23.3259733 10.09999238,-24.401274 -23.34001335 -2.00000763,-24.401274 -23.3400173 10.09999237,-24.379999 -23.35301135 -2.00000763,-24.379999 -23.3530153 10.09999237,-24.358105 -23.36493635 -2.00000764,-24.358105 -23.3649403 10.09999236,-24.335644 -23.37575235 -2.00000764,-24.335644 -23.3757563 10.09999236,-24.31267 -23.3854403 10.09999236,-24.31267 -23.38543635 -2.00000764,-24.289244 -23.39396235 -2.00000765,-24.289244 -23.3939663 10.09999235,-24.265421 -23.4013153 10.09999235,-24.265421 -23.40131135 -2.00000765,-24.241261 -23.40746235 -2.00000765,-24.241261 -23.4074663 10.09999235,-24.216824 -23.41240235 -2.00000765,-24.216824 -23.4124063 10.09999235,-24.192171 -23.41612035 -2.00000765,-24.192171 -23.4161243 10.09999235,-24.167364 -23.4186053 10.09999235,-24.167364 -23.41860135 -2.00000765,-24.142466 -23.4198473 10.09999235,-24.142466 -23.41984335 -2.00000765,-24.117535 -23.41984335 -2.00000765,-24.117535 -23.4198473 10.09999235,-24.092634 -23.4186053 10.09999235,-24.092634 -23.41860135 -2.00000765,-24.067827 -23.4161243 10.09999235,-24.067827 -23.41612035 -2.00000765,-24.043177 -23.4124063 10.09999235,-24.043177 -23.41240235 -2.00000765,-24.01874 -23.40746235 -2.00000765,-24.01874 -23.4074663 10.09999235,-23.994579 -23.40131135 -2.00000765,-23.994579 -23.4013153 10.09999235,-23.970757 -23.39396235 -2.00000765,-23.970757 -23.3939663 10.09999235,-23.947329 -23.38543635 -2.00000764,-23.947329 -23.3854403 10.09999236,-23.924356 -23.3757563 10.09999236,-23.924356 -23.37575235 -2.00000764,-23.901896 -23.3649403 10.09999236,-23.901896 -23.36493635 -2.00000764,-23.879999 -23.3530153 10.09999237,-23.879999 -23.35301135 -2.00000763,-23.858727 -23.34001335 -2.00000763,-23.858727 -23.3400173 10.09999237,-23.838129 -23.3259733 10.09999238,-23.838129 -23.32596935 -2.00000762,-23.818254 -23.31091435 -2.00000762,-23.818254 -23.3109183 10.09999238,-23.799156 -23.29489035 -2.00000761,-23.799156 -23.2948943 10.09999239,-23.780882 -23.27793235 -2.00000761,-23.780882 -23.2779363 10.09999239,-23.763474 -23.26008535 -2.0000076,-23.763474 -23.2600893 10.0999924,-23.746977 -23.24139335 -2.0000076,-23.746977 -23.2413973 10.0999924,-23.731434 -23.22190235 -2.00000759,-23.731434 -23.2219063 10.09999241,-23.716881 -23.20165935 -2.00000758,-23.716881 -23.2016633 10.09999242,-23.703354 -23.18071635 -2.00000758,-23.703354 -23.1807203 10.09999242,-23.690889 -23.1591293 10.09999243,-23.690889 -23.15912535 -2.00000757,-23.679516 -23.13694135 -2.00000756,-23.679516 -23.1369453 10.09999244,-23.669262 -23.11421735 -2.00000755,-23.669262 -23.1142213 10.09999245,-23.660154 -23.09100835 -2.00000755,-23.660154 -23.0910123 10.09999245,-23.652214 -23.06737635 -2.00000754,-23.652214 -23.0673803 10.09999246,-23.645462 -23.04337835 -2.00000753,-23.645462 -23.0433823 10.09999247,-23.639914 -23.01907235 -2.00000752,-23.639914 -23.0190763 10.09999248,-23.635584 -22.99451935 -2.00000751,-23.635584 -22.9945233 10.09999249,-23.632484 -22.96978335 -2.00000751,-23.632484 -22.9697873 10.09999249,-23.630621 -22.94492235 -2.0000075,-23.630621 -22.9449263 10.0999925,-23.630621 -25.43507735 -2.00000831,-23.629999 -25.4600023 10.09999168,-23.629999 -25.45999835 -2.00000832,-23.630621 -25.4350813 10.09999169,-23.632484 -25.41021435 -2.0000083,-23.632484 -25.4102183 10.0999917,-23.635584 -25.3854823 10.0999917,-23.635584 -25.38547835 -2.0000083,-23.639914 -25.36092735 -2.00000829,-23.639914 -25.3609313 10.09999171,-23.645462 -25.3366253 10.09999172,-23.645462 -25.33662135 -2.00000828,-23.652214 -25.31262135 -2.00000827,-23.652214 -25.3126253 10.09999173,-23.660154 -25.28898935 -2.00000826,-23.660154 -25.2889933 10.09999174,-23.669262 -25.26578235 -2.00000826,-23.669262 -25.2657863 10.09999174,-23.679516 -25.2430603 10.09999175,-23.679516 -25.24305635 -2.00000825,-23.690889 -25.22087235 -2.00000824,-23.690889 -25.2208763 10.09999176,-23.703354 -25.1992853 10.09999177,-23.703354 -25.19928135 -2.00000823,-23.716881 -25.17834035 -2.00000823,-23.716881 -25.1783443 10.09999177,-23.731434 -25.15809735 -2.00000822,-23.731434 -25.1581013 10.09999178,-23.746977 -25.13860635 -2.00000822,-23.746977 -25.1386103 10.09999178,-23.763474 -25.11991235 -2.00000821,-23.763474 -25.1199163 10.09999179,-23.780882 -25.10206535 -2.0000082,-23.780882 -25.1020693 10.0999918,-23.799156 -25.08510935 -2.0000082,-23.799156 -25.0851133 10.0999918,-23.818254 -25.06908335 -2.00000819,-23.818254 -25.0690873 10.09999181,-23.838129 -25.05403035 -2.00000819,-23.838129 -25.0540343 10.09999181,-23.858727 -25.03998735 -2.00000818,-23.858727 -25.0399913 10.09999182,-23.879999 -25.02698635 -2.00000818,-23.879999 -25.0269903 10.09999182,-23.901896 -25.01506335 -2.00000817,-23.901896 -25.0150673 10.09999183,-23.924356 -25.00424735 -2.00000817,-23.924356 -25.0042513 10.09999183,-23.947329 -24.99456335 -2.00000817,-23.947329 -24.9945673 10.09999183,-23.970757 -24.98603535 -2.00000817,-23.970757 -24.9860393 10.09999183,-23.994579 -24.97868635 -2.00000816,-23.994579 -24.9786903 10.09999184,-24.01874 -24.97253535 -2.00000816,-24.01874 -24.9725393 10.09999184,-24.043177 -24.96759535 -2.00000816,-24.043177 -24.9675993 10.09999184,-24.067827 -24.96388035 -2.00000816,-24.067827 -24.9638843 10.09999184,-24.092634 -24.9614003 10.09999184,-24.092634 -24.96139635 -2.00000816,-24.117535 -24.96015435 -2.00000816,-24.117535 -24.9601583 10.09999184,-24.142466 -24.96015435 -2.00000816,-24.142466 -24.9601583 10.09999184,-24.167364 -24.96139635 -2.00000816,-24.167364 -24.9614003 10.09999184,-24.192171 -24.96388035 -2.00000816,-24.192171 -24.9638843 10.09999184,-24.216824 -24.96759535 -2.00000816,-24.216824 -24.9675993 10.09999184,-24.241261 -24.97253535 -2.00000816,-24.241261 -24.9725393 10.09999184,-24.265421 -24.9786903 10.09999184,-24.265421 -24.97868635 -2.00000816,-24.289244 -24.98603535 -2.00000817,-24.289244 -24.9860393 10.09999183,-24.31267 -24.99456335 -2.00000817,-24.31267 -24.9945673 10.09999183,-24.335644 -25.00424735 -2.00000817,-24.335644 -25.0042513 10.09999183,-24.358105 -25.01506335 -2.00000817,-24.358105 -25.0150673 10.09999183,-24.379999 -25.02698635 -2.00000818,-24.379999 -25.0269903 10.09999182,-24.401274 -25.0399913 10.09999182,-24.401274 -25.03998735 -2.00000818,-24.421871 -25.05403035 -2.00000819,-24.421871 -25.0540343 10.09999181,-24.441746 -25.06908335 -2.00000819,-24.441746 -25.0690873 10.09999181,-24.460842 -25.0851133 10.0999918,-24.460842 -25.08510935 -2.0000082,-24.479118 -25.10206535 -2.0000082,-24.479118 -25.1020693 10.0999918,-24.496527 -25.1199163 10.09999179,-24.496527 -25.11991235 -2.00000821,-24.513021 -25.13860635 -2.00000822,-24.513021 -25.1386103 10.09999178,-24.528566 -25.15809735 -2.00000822,-24.528566 -25.1581013 10.09999178,-24.543119 -25.17834035 -2.00000823,-24.543119 -25.1783443 10.09999177,-24.556646 -25.1992853 10.09999177,-24.556646 -25.19928135 -2.00000823,-24.569111 -25.2208763 10.09999176,-24.569111 -25.22087235 -2.00000824,-24.580484 -25.24305635 -2.00000825,-24.580484 -25.2430603 10.09999175,-24.590738 -25.26578235 -2.00000826,-24.590738 -25.2657863 10.09999174,-24.599846 -25.28898935 -2.00000826,-24.599846 -25.2889933 10.09999174,-24.607786 -25.31262135 -2.00000827,-24.607786 -25.3126253 10.09999173,-24.614538 -25.33662135 -2.00000828,-24.614538 -25.3366253 10.09999172,-24.620087 -25.36092735 -2.00000829,-24.620087 -25.3609313 10.09999171,-24.624416 -25.38547835 -2.0000083,-24.624416 -25.3854823 10.0999917,-24.627516 -25.41021435 -2.0000083,-24.627516 -25.4102183 10.0999917,-24.629379 -25.43507735 -2.00000831,-24.629379 -25.4350813 10.09999169,-24.629999 -25.45999835 -2.00000832,-24.629999 -25.4600023 10.09999168,-24.629379 -25.48492135 -2.00000833,-24.629379 -25.4849253 10.09999167,-24.627516 -25.50978435 -2.00000834,-24.627516 -25.5097883 10.09999166,-24.624416 -25.5345243 10.09999166,-24.624416 -25.53452035 -2.00000834,-24.620087 -25.55907135 -2.00000835,-24.620087 -25.5590753 10.09999165,-24.614538 -25.58337735 -2.00000836,-24.614538 -25.5833813 10.09999164,-24.607786 -25.60737735 -2.00000837,-24.607786 -25.6073813 10.09999163,-24.599846 -25.63100935 -2.00000838,-24.599846 -25.6310133 10.09999162,-24.590738 -25.65421635 -2.00000838,-24.590738 -25.6542203 10.09999162,-24.580484 -25.67694035 -2.00000839,-24.580484 -25.6769443 10.09999161,-24.569111 -25.6991303 10.0999916,-24.569111 -25.69912635 -2.0000084,-24.556646 -25.72071735 -2.00000841,-24.556646 -25.7207213 10.09999159,-24.543119 -25.74165835 -2.00000841,-24.543119 -25.7416623 10.09999159,-24.528566 -25.76190135 -2.00000842,-24.528566 -25.7619053 10.09999158,-24.513021 -25.78139235 -2.00000843,-24.513021 -25.7813963 10.09999157,-24.496527 -25.80008635 -2.00000843,-24.496527 -25.8000903 10.09999157,-24.479118 -25.81793335 -2.00000844,-24.479118 -25.8179373 10.09999156,-24.460842 -25.8348933 10.09999156,-24.460842 -25.83488935 -2.00000844,-24.441746 -25.85091535 -2.00000845,-24.441746 -25.8509193 10.09999155,-24.421871 -25.86596835 -2.00000845,-24.421871 -25.8659723 10.09999155,-24.401274 -25.88001235 -2.00000846,-24.401274 -25.8800163 10.09999154,-24.379999 -25.89301235 -2.00000846,-24.379999 -25.8930163 10.09999154,-24.358105 -25.90493535 -2.00000847,-24.358105 -25.9049393 10.09999153,-24.335644 -25.91575135 -2.00000847,-24.335644 -25.9157553 10.09999153,-24.31267 -25.9254393 10.09999153,-24.31267 -25.92543535 -2.00000847,-24.289244 -25.93396335 -2.00000848,-24.289244 -25.9339673 10.09999152,-24.265421 -25.9413163 10.09999152,-24.265421 -25.94131235 -2.00000848,-24.241261 -25.94746335 -2.00000848,-24.241261 -25.9474673 10.09999152,-24.216824 -25.95240335 -2.00000848,-24.216824 -25.9524073 10.09999152,-24.192171 -25.95611935 -2.00000848,-24.192171 -25.9561233 10.09999152,-24.167364 -25.9586043 10.09999152,-24.167364 -25.95860035 -2.00000848,-24.142466 -25.9598483 10.09999152,-24.142466 -25.95984435 -2.00000848,-24.117535 -25.95984435 -2.00000848,-24.117535 -25.9598483 10.09999152,-24.092634 -25.9586043 10.09999152,-24.092634 -25.95860035 -2.00000848,-24.067827 -25.9561233 10.09999152,-24.067827 -25.95611935 -2.00000848,-24.043177 -25.9524073 10.09999152,-24.043177 -25.95240335 -2.00000848,-24.01874 -25.94746335 -2.00000848,-24.01874 -25.9474673 10.09999152,-23.994579 -25.94131235 -2.00000848,-23.994579 -25.9413163 10.09999152,-23.970757 -25.93396335 -2.00000848,-23.970757 -25.9339673 10.09999152,-23.947329 -25.92543535 -2.00000847,-23.947329 -25.9254393 10.09999153,-23.924356 -25.9157553 10.09999153,-23.924356 -25.91575135 -2.00000847,-23.901896 -25.9049393 10.09999153,-23.901896 -25.90493535 -2.00000847,-23.879999 -25.8930163 10.09999154,-23.879999 -25.89301235 -2.00000846,-23.858727 -25.88001235 -2.00000846,-23.858727 -25.8800163 10.09999154,-23.838129 -25.8659723 10.09999155,-23.838129 -25.86596835 -2.00000845,-23.818254 -25.85091535 -2.00000845,-23.818254 -25.8509193 10.09999155,-23.799156 -25.83488935 -2.00000844,-23.799156 -25.8348933 10.09999156,-23.780882 -25.81793335 -2.00000844,-23.780882 -25.8179373 10.09999156,-23.763474 -25.80008635 -2.00000843,-23.763474 -25.8000903 10.09999157,-23.746977 -25.78139235 -2.00000843,-23.746977 -25.7813963 10.09999157,-23.731434 -25.76190135 -2.00000842,-23.731434 -25.7619053 10.09999158,-23.716881 -25.74165835 -2.00000841,-23.716881 -25.7416623 10.09999159,-23.703354 -25.72071735 -2.00000841,-23.703354 -25.7207213 10.09999159,-23.690889 -25.6991303 10.0999916,-23.690889 -25.69912635 -2.0000084,-23.679516 -25.67694035 -2.00000839,-23.679516 -25.6769443 10.09999161,-23.669262 -25.65421635 -2.00000838,-23.669262 -25.6542203 10.09999162,-23.660154 -25.63100935 -2.00000838,-23.660154 -25.6310133 10.09999162,-23.652214 -25.60737735 -2.00000837,-23.652214 -25.6073813 10.09999163,-23.645462 -25.58337735 -2.00000836,-23.645462 -25.5833813 10.09999164,-23.639914 -25.55907135 -2.00000835,-23.639914 -25.5590753 10.09999165,-23.635584 -25.53452035 -2.00000834,-23.635584 -25.5345243 10.09999166,-23.632484 -25.50978435 -2.00000834,-23.632484 -25.5097883 10.09999166,-23.630621 -25.48492135 -2.00000833,-23.630621 -25.4849253 10.09999167,-21.090622 -22.89507635 -2.00000748,-21.09 -22.9200033 10.09999251,-21.09 -22.91999935 -2.00000749,-21.090622 -22.8950803 10.09999252,-21.092485 -22.87021535 -2.00000747,-21.092485 -22.8702193 10.09999253,-21.095585 -22.8454813 10.09999253,-21.095585 -22.84547735 -2.00000747,-21.099915 -22.82092635 -2.00000746,-21.099915 -22.8209303 10.09999254,-21.105461 -22.7966243 10.09999255,-21.105461 -22.79662035 -2.00000745,-21.112213 -22.77262235 -2.00000744,-21.112213 -22.7726263 10.09999256,-21.120153 -22.74898835 -2.00000743,-21.120153 -22.7489923 10.09999257,-21.129261 -22.72578135 -2.00000743,-21.129261 -22.7257853 10.09999257,-21.139515 -22.7030613 10.09999258,-21.139515 -22.70305735 -2.00000742,-21.150888 -22.68087335 -2.00000741,-21.150888 -22.6808773 10.09999259,-21.163355 -22.6592863 10.0999926,-21.163355 -22.65928235 -2.0000074,-21.17688 -22.63833935 -2.0000074,-21.17688 -22.6383433 10.0999926,-21.191433 -22.61809635 -2.00000739,-21.191433 -22.6181003 10.09999261,-21.206978 -22.59860535 -2.00000739,-21.206978 -22.5986093 10.09999261,-21.223475 -22.57991335 -2.00000738,-21.223475 -22.5799173 10.09999262,-21.240881 -22.56206635 -2.00000737,-21.240881 -22.5620703 10.09999263,-21.259157 -22.54510835 -2.00000737,-21.259157 -22.5451123 10.09999263,-21.278255 -22.52908435 -2.00000736,-21.278255 -22.5290883 10.09999264,-21.298128 -22.51402935 -2.00000736,-21.298128 -22.5140333 10.09999264,-21.318727 -22.49998635 -2.00000735,-21.318727 -22.4999903 10.09999265,-21.34 -22.48698735 -2.00000735,-21.34 -22.4869913 10.09999265,-21.361895 -22.47506235 -2.00000734,-21.361895 -22.4750663 10.09999266,-21.384356 -22.46424635 -2.00000734,-21.384356 -22.4642503 10.09999266,-21.40733 -22.45456235 -2.00000734,-21.40733 -22.4545663 10.09999266,-21.430758 -22.44603435 -2.00000734,-21.430758 -22.4460383 10.09999266,-21.45458 -22.43868735 -2.00000733,-21.45458 -22.4386913 10.09999267,-21.478739 -22.43253435 -2.00000733,-21.478739 -22.4325383 10.09999267,-21.503176 -22.42759635 -2.00000733,-21.503176 -22.4276003 10.09999267,-21.527828 -22.42387935 -2.00000733,-21.527828 -22.4238833 10.09999267,-21.552635 -22.4214013 10.09999267,-21.552635 -22.42139735 -2.00000733,-21.577534 -22.42015435 -2.00000733,-21.577534 -22.4201583 10.09999267,-21.602465 -22.42015435 -2.00000733,-21.602465 -22.4201583 10.09999267,-21.627365 -22.42139735 -2.00000733,-21.627365 -22.4214013 10.09999267,-21.652172 -22.42387935 -2.00000733,-21.652172 -22.4238833 10.09999267,-21.676825 -22.42759635 -2.00000733,-21.676825 -22.4276003 10.09999267,-21.70126 -22.43253435 -2.00000733,-21.70126 -22.4325383 10.09999267,-21.72542 -22.4386913 10.09999267,-21.72542 -22.43868735 -2.00000733,-21.749243 -22.44603435 -2.00000734,-21.749243 -22.4460383 10.09999266,-21.772671 -22.45456235 -2.00000734,-21.772671 -22.4545663 10.09999266,-21.795643 -22.46424635 -2.00000734,-21.795643 -22.4642503 10.09999266,-21.818106 -22.47506235 -2.00000734,-21.818106 -22.4750663 10.09999266,-21.84 -22.48698735 -2.00000735,-21.84 -22.4869913 10.09999265,-21.861273 -22.4999903 10.09999265,-21.861273 -22.49998635 -2.00000735,-21.881872 -22.51402935 -2.00000736,-21.881872 -22.5140333 10.09999264,-21.901745 -22.52908435 -2.00000736,-21.901745 -22.5290883 10.09999264,-21.920843 -22.5451123 10.09999263,-21.920843 -22.54510835 -2.00000737,-21.939119 -22.56206635 -2.00000737,-21.939119 -22.5620703 10.09999263,-21.956526 -22.5799173 10.09999262,-21.956526 -22.57991335 -2.00000738,-21.973022 -22.59860535 -2.00000739,-21.973022 -22.5986093 10.09999261,-21.988565 -22.61809635 -2.00000739,-21.988565 -22.6181003 10.09999261,-22.003119 -22.63833935 -2.0000074,-22.003119 -22.6383433 10.0999926,-22.016645 -22.6592863 10.0999926,-22.016645 -22.65928235 -2.0000074,-22.02911 -22.6808773 10.09999259,-22.02911 -22.68087335 -2.00000741,-22.040485 -22.70305735 -2.00000742,-22.040485 -22.7030613 10.09999258,-22.050737 -22.72578135 -2.00000743,-22.050737 -22.7257853 10.09999257,-22.059847 -22.74898835 -2.00000743,-22.059847 -22.7489923 10.09999257,-22.067787 -22.77262235 -2.00000744,-22.067787 -22.7726263 10.09999256,-22.074539 -22.79662035 -2.00000745,-22.074539 -22.7966243 10.09999255,-22.080086 -22.82092635 -2.00000746,-22.080086 -22.8209303 10.09999254,-22.084415 -22.84547735 -2.00000747,-22.084415 -22.8454813 10.09999253,-22.087515 -22.87021535 -2.00000747,-22.087515 -22.8702193 10.09999253,-22.089378 -22.89507635 -2.00000748,-22.089378 -22.8950803 10.09999252,-22.09 -22.91999935 -2.00000749,-22.09 -22.9200033 10.09999251,-22.089378 -22.94492235 -2.0000075,-22.089378 -22.9449263 10.0999925,-22.087515 -22.96978335 -2.00000751,-22.087515 -22.9697873 10.09999249,-22.084415 -22.9945233 10.09999249,-22.084415 -22.99451935 -2.00000751,-22.080086 -23.01907235 -2.00000752,-22.080086 -23.0190763 10.09999248,-22.074539 -23.04337835 -2.00000753,-22.074539 -23.0433823 10.09999247,-22.067787 -23.06737635 -2.00000754,-22.067787 -23.0673803 10.09999246,-22.059847 -23.09100835 -2.00000755,-22.059847 -23.0910123 10.09999245,-22.050737 -23.11421735 -2.00000755,-22.050737 -23.1142213 10.09999245,-22.040485 -23.13694135 -2.00000756,-22.040485 -23.1369453 10.09999244,-22.02911 -23.1591293 10.09999243,-22.02911 -23.15912535 -2.00000757,-22.016645 -23.18071635 -2.00000758,-22.016645 -23.1807203 10.09999242,-22.003119 -23.20165935 -2.00000758,-22.003119 -23.2016633 10.09999242,-21.988565 -23.22190235 -2.00000759,-21.988565 -23.2219063 10.09999241,-21.973022 -23.24139335 -2.0000076,-21.973022 -23.2413973 10.0999924,-21.956526 -23.26008535 -2.0000076,-21.956526 -23.2600893 10.0999924,-21.939119 -23.27793235 -2.00000761,-21.939119 -23.2779363 10.09999239,-21.920843 -23.2948943 10.09999239,-21.920843 -23.29489035 -2.00000761,-21.901745 -23.31091435 -2.00000762,-21.901745 -23.3109183 10.09999238,-21.881872 -23.32596935 -2.00000762,-21.881872 -23.3259733 10.09999238,-21.861273 -23.34001335 -2.00000763,-21.861273 -23.3400173 10.09999237,-21.84 -23.35301135 -2.00000763,-21.84 -23.3530153 10.09999237,-21.818106 -23.36493635 -2.00000764,-21.818106 -23.3649403 10.09999236,-21.795643 -23.37575235 -2.00000764,-21.795643 -23.3757563 10.09999236,-21.772671 -23.3854403 10.09999236,-21.772671 -23.38543635 -2.00000764,-21.749243 -23.39396235 -2.00000765,-21.749243 -23.3939663 10.09999235,-21.72542 -23.4013153 10.09999235,-21.72542 -23.40131135 -2.00000765,-21.70126 -23.40746235 -2.00000765,-21.70126 -23.4074663 10.09999235,-21.676825 -23.41240235 -2.00000765,-21.676825 -23.4124063 10.09999235,-21.652172 -23.41612035 -2.00000765,-21.652172 -23.4161243 10.09999235,-21.627365 -23.4186053 10.09999235,-21.627365 -23.41860135 -2.00000765,-21.602465 -23.4198473 10.09999235,-21.602465 -23.41984335 -2.00000765,-21.577534 -23.41984335 -2.00000765,-21.577534 -23.4198473 10.09999235,-21.552635 -23.4186053 10.09999235,-21.552635 -23.41860135 -2.00000765,-21.527828 -23.4161243 10.09999235,-21.527828 -23.41612035 -2.00000765,-21.503176 -23.4124063 10.09999235,-21.503176 -23.41240235 -2.00000765,-21.478739 -23.40746235 -2.00000765,-21.478739 -23.4074663 10.09999235,-21.45458 -23.40131135 -2.00000765,-21.45458 -23.4013153 10.09999235,-21.430758 -23.39396235 -2.00000765,-21.430758 -23.3939663 10.09999235,-21.40733 -23.38543635 -2.00000764,-21.40733 -23.3854403 10.09999236,-21.384356 -23.3757563 10.09999236,-21.384356 -23.37575235 -2.00000764,-21.361895 -23.3649403 10.09999236,-21.361895 -23.36493635 -2.00000764,-21.34 -23.3530153 10.09999237,-21.34 -23.35301135 -2.00000763,-21.318727 -23.34001335 -2.00000763,-21.318727 -23.3400173 10.09999237,-21.298128 -23.3259733 10.09999238,-21.298128 -23.32596935 -2.00000762,-21.278255 -23.31091435 -2.00000762,-21.278255 -23.3109183 10.09999238,-21.259157 -23.29489035 -2.00000761,-21.259157 -23.2948943 10.09999239,-21.240881 -23.27793235 -2.00000761,-21.240881 -23.2779363 10.09999239,-21.223475 -23.26008535 -2.0000076,-21.223475 -23.2600893 10.0999924,-21.206978 -23.24139335 -2.0000076,-21.206978 -23.2413973 10.0999924,-21.191433 -23.22190235 -2.00000759,-21.191433 -23.2219063 10.09999241,-21.17688 -23.20165935 -2.00000758,-21.17688 -23.2016633 10.09999242,-21.163355 -23.18071635 -2.00000758,-21.163355 -23.1807203 10.09999242,-21.150888 -23.1591293 10.09999243,-21.150888 -23.15912535 -2.00000757,-21.139515 -23.13694135 -2.00000756,-21.139515 -23.1369453 10.09999244,-21.129261 -23.11421735 -2.00000755,-21.129261 -23.1142213 10.09999245,-21.120153 -23.09100835 -2.00000755,-21.120153 -23.0910123 10.09999245,-21.112213 -23.06737635 -2.00000754,-21.112213 -23.0673803 10.09999246,-21.105461 -23.04337835 -2.00000753,-21.105461 -23.0433823 10.09999247,-21.099915 -23.01907235 -2.00000752,-21.099915 -23.0190763 10.09999248,-21.095585 -22.99451935 -2.00000751,-21.095585 -22.9945233 10.09999249,-21.092485 -22.96978335 -2.00000751,-21.092485 -22.9697873 10.09999249,-21.090622 -22.94492235 -2.0000075,-21.090622 -22.9449263 10.0999925,-21.090622 -25.43507735 -2.00000831,-21.09 -25.4600023 10.09999168,-21.09 -25.45999835 -2.00000832,-21.090622 -25.4350813 10.09999169,-21.092485 -25.41021435 -2.0000083,-21.092485 -25.4102183 10.0999917,-21.095585 -25.3854823 10.0999917,-21.095585 -25.38547835 -2.0000083,-21.099915 -25.36092735 -2.00000829,-21.099915 -25.3609313 10.09999171,-21.105461 -25.3366253 10.09999172,-21.105461 -25.33662135 -2.00000828,-21.112213 -25.31262135 -2.00000827,-21.112213 -25.3126253 10.09999173,-21.120153 -25.28898935 -2.00000826,-21.120153 -25.2889933 10.09999174,-21.129261 -25.26578235 -2.00000826,-21.129261 -25.2657863 10.09999174,-21.139515 -25.2430603 10.09999175,-21.139515 -25.24305635 -2.00000825,-21.150888 -25.22087235 -2.00000824,-21.150888 -25.2208763 10.09999176,-21.163355 -25.1992853 10.09999177,-21.163355 -25.19928135 -2.00000823,-21.17688 -25.17834035 -2.00000823,-21.17688 -25.1783443 10.09999177,-21.191433 -25.15809735 -2.00000822,-21.191433 -25.1581013 10.09999178,-21.206978 -25.13860635 -2.00000822,-21.206978 -25.1386103 10.09999178,-21.223475 -25.11991235 -2.00000821,-21.223475 -25.1199163 10.09999179,-21.240881 -25.10206535 -2.0000082,-21.240881 -25.1020693 10.0999918,-21.259157 -25.08510935 -2.0000082,-21.259157 -25.0851133 10.0999918,-21.278255 -25.06908335 -2.00000819,-21.278255 -25.0690873 10.09999181,-21.298128 -25.05403035 -2.00000819,-21.298128 -25.0540343 10.09999181,-21.318727 -25.03998735 -2.00000818,-21.318727 -25.0399913 10.09999182,-21.34 -25.02698635 -2.00000818,-21.34 -25.0269903 10.09999182,-21.361895 -25.01506335 -2.00000817,-21.361895 -25.0150673 10.09999183,-21.384356 -25.00424735 -2.00000817,-21.384356 -25.0042513 10.09999183,-21.40733 -24.99456335 -2.00000817,-21.40733 -24.9945673 10.09999183,-21.430758 -24.98603535 -2.00000817,-21.430758 -24.9860393 10.09999183,-21.45458 -24.97868635 -2.00000816,-21.45458 -24.9786903 10.09999184,-21.478739 -24.97253535 -2.00000816,-21.478739 -24.9725393 10.09999184,-21.503176 -24.96759535 -2.00000816,-21.503176 -24.9675993 10.09999184,-21.527828 -24.96388035 -2.00000816,-21.527828 -24.9638843 10.09999184,-21.552635 -24.9614003 10.09999184,-21.552635 -24.96139635 -2.00000816,-21.577534 -24.96015435 -2.00000816,-21.577534 -24.9601583 10.09999184,-21.602465 -24.96015435 -2.00000816,-21.602465 -24.9601583 10.09999184,-21.627365 -24.96139635 -2.00000816,-21.627365 -24.9614003 10.09999184,-21.652172 -24.96388035 -2.00000816,-21.652172 -24.9638843 10.09999184,-21.676825 -24.96759535 -2.00000816,-21.676825 -24.9675993 10.09999184,-21.70126 -24.97253535 -2.00000816,-21.70126 -24.9725393 10.09999184,-21.72542 -24.9786903 10.09999184,-21.72542 -24.97868635 -2.00000816,-21.749243 -24.98603535 -2.00000817,-21.749243 -24.9860393 10.09999183,-21.772671 -24.99456335 -2.00000817,-21.772671 -24.9945673 10.09999183,-21.795643 -25.00424735 -2.00000817,-21.795643 -25.0042513 10.09999183,-21.818106 -25.01506335 -2.00000817,-21.818106 -25.0150673 10.09999183,-21.84 -25.02698635 -2.00000818,-21.84 -25.0269903 10.09999182,-21.861273 -25.0399913 10.09999182,-21.861273 -25.03998735 -2.00000818,-21.881872 -25.05403035 -2.00000819,-21.881872 -25.0540343 10.09999181,-21.901745 -25.06908335 -2.00000819,-21.901745 -25.0690873 10.09999181,-21.920843 -25.0851133 10.0999918,-21.920843 -25.08510935 -2.0000082,-21.939119 -25.10206535 -2.0000082,-21.939119 -25.1020693 10.0999918,-21.956526 -25.1199163 10.09999179,-21.956526 -25.11991235 -2.00000821,-21.973022 -25.13860635 -2.00000822,-21.973022 -25.1386103 10.09999178,-21.988565 -25.15809735 -2.00000822,-21.988565 -25.1581013 10.09999178,-22.003119 -25.17834035 -2.00000823,-22.003119 -25.1783443 10.09999177,-22.016645 -25.1992853 10.09999177,-22.016645 -25.19928135 -2.00000823,-22.02911 -25.2208763 10.09999176,-22.02911 -25.22087235 -2.00000824,-22.040485 -25.24305635 -2.00000825,-22.040485 -25.2430603 10.09999175,-22.050737 -25.26578235 -2.00000826,-22.050737 -25.2657863 10.09999174,-22.059847 -25.28898935 -2.00000826,-22.059847 -25.2889933 10.09999174,-22.067787 -25.31262135 -2.00000827,-22.067787 -25.3126253 10.09999173,-22.074539 -25.33662135 -2.00000828,-22.074539 -25.3366253 10.09999172,-22.080086 -25.36092735 -2.00000829,-22.080086 -25.3609313 10.09999171,-22.084415 -25.38547835 -2.0000083,-22.084415 -25.3854823 10.0999917,-22.087515 -25.41021435 -2.0000083,-22.087515 -25.4102183 10.0999917,-22.089378 -25.43507735 -2.00000831,-22.089378 -25.4350813 10.09999169,-22.09 -25.45999835 -2.00000832,-22.09 -25.4600023 10.09999168,-22.089378 -25.48492135 -2.00000833,-22.089378 -25.4849253 10.09999167,-22.087515 -25.50978435 -2.00000834,-22.087515 -25.5097883 10.09999166,-22.084415 -25.5345243 10.09999166,-22.084415 -25.53452035 -2.00000834,-22.080086 -25.55907135 -2.00000835,-22.080086 -25.5590753 10.09999165,-22.074539 -25.58337735 -2.00000836,-22.074539 -25.5833813 10.09999164,-22.067787 -25.60737735 -2.00000837,-22.067787 -25.6073813 10.09999163,-22.059847 -25.63100935 -2.00000838,-22.059847 -25.6310133 10.09999162,-22.050737 -25.65421635 -2.00000838,-22.050737 -25.6542203 10.09999162,-22.040485 -25.67694035 -2.00000839,-22.040485 -25.6769443 10.09999161,-22.02911 -25.6991303 10.0999916,-22.02911 -25.69912635 -2.0000084,-22.016645 -25.72071735 -2.00000841,-22.016645 -25.7207213 10.09999159,-22.003119 -25.74165835 -2.00000841,-22.003119 -25.7416623 10.09999159,-21.988565 -25.76190135 -2.00000842,-21.988565 -25.7619053 10.09999158,-21.973022 -25.78139235 -2.00000843,-21.973022 -25.7813963 10.09999157,-21.956526 -25.80008635 -2.00000843,-21.956526 -25.8000903 10.09999157,-21.939119 -25.81793335 -2.00000844,-21.939119 -25.8179373 10.09999156,-21.920843 -25.8348933 10.09999156,-21.920843 -25.83488935 -2.00000844,-21.901745 -25.85091535 -2.00000845,-21.901745 -25.8509193 10.09999155,-21.881872 -25.86596835 -2.00000845,-21.881872 -25.8659723 10.09999155,-21.861273 -25.88001235 -2.00000846,-21.861273 -25.8800163 10.09999154,-21.84 -25.89301235 -2.00000846,-21.84 -25.8930163 10.09999154,-21.818106 -25.90493535 -2.00000847,-21.818106 -25.9049393 10.09999153,-21.795643 -25.91575135 -2.00000847,-21.795643 -25.9157553 10.09999153,-21.772671 -25.9254393 10.09999153,-21.772671 -25.92543535 -2.00000847,-21.749243 -25.93396335 -2.00000848,-21.749243 -25.9339673 10.09999152,-21.72542 -25.9413163 10.09999152,-21.72542 -25.94131235 -2.00000848,-21.70126 -25.94746335 -2.00000848,-21.70126 -25.9474673 10.09999152,-21.676825 -25.95240335 -2.00000848,-21.676825 -25.9524073 10.09999152,-21.652172 -25.95611935 -2.00000848,-21.652172 -25.9561233 10.09999152,-21.627365 -25.9586043 10.09999152,-21.627365 -25.95860035 -2.00000848,-21.602465 -25.9598483 10.09999152,-21.602465 -25.95984435 -2.00000848,-21.577534 -25.95984435 -2.00000848,-21.577534 -25.9598483 10.09999152,-21.552635 -25.9586043 10.09999152,-21.552635 -25.95860035 -2.00000848,-21.527828 -25.9561233 10.09999152,-21.527828 -25.95611935 -2.00000848,-21.503176 -25.9524073 10.09999152,-21.503176 -25.95240335 -2.00000848,-21.478739 -25.94746335 -2.00000848,-21.478739 -25.9474673 10.09999152,-21.45458 -25.94131235 -2.00000848,-21.45458 -25.9413163 10.09999152,-21.430758 -25.93396335 -2.00000848,-21.430758 -25.9339673 10.09999152,-21.40733 -25.92543535 -2.00000847,-21.40733 -25.9254393 10.09999153,-21.384356 -25.9157553 10.09999153,-21.384356 -25.91575135 -2.00000847,-21.361895 -25.9049393 10.09999153,-21.361895 -25.90493535 -2.00000847,-21.34 -25.8930163 10.09999154,-21.34 -25.89301235 -2.00000846,-21.318727 -25.88001235 -2.00000846,-21.318727 -25.8800163 10.09999154,-21.298128 -25.8659723 10.09999155,-21.298128 -25.86596835 -2.00000845,-21.278255 -25.85091535 -2.00000845,-21.278255 -25.8509193 10.09999155,-21.259157 -25.83488935 -2.00000844,-21.259157 -25.8348933 10.09999156,-21.240881 -25.81793335 -2.00000844,-21.240881 -25.8179373 10.09999156,-21.223475 -25.80008635 -2.00000843,-21.223475 -25.8000903 10.09999157,-21.206978 -25.78139235 -2.00000843,-21.206978 -25.7813963 10.09999157,-21.191433 -25.76190135 -2.00000842,-21.191433 -25.7619053 10.09999158,-21.17688 -25.74165835 -2.00000841,-21.17688 -25.7416623 10.09999159,-21.163355 -25.72071735 -2.00000841,-21.163355 -25.7207213 10.09999159,-21.150888 -25.6991303 10.0999916,-21.150888 -25.69912635 -2.0000084,-21.139515 -25.67694035 -2.00000839,-21.139515 -25.6769443 10.09999161,-21.129261 -25.65421635 -2.00000838,-21.129261 -25.6542203 10.09999162,-21.120153 -25.63100935 -2.00000838,-21.120153 -25.6310133 10.09999162,-21.112213 -25.60737735 -2.00000837,-21.112213 -25.6073813 10.09999163,-21.105461 -25.58337735 -2.00000836,-21.105461 -25.5833813 10.09999164,-21.099915 -25.55907135 -2.00000835,-21.099915 -25.5590753 10.09999165,-21.095585 -25.53452035 -2.00000834,-21.095585 -25.5345243 10.09999166,-21.092485 -25.50978435 -2.00000834,-21.092485 -25.5097883 10.09999166,-21.090622 -25.48492135 -2.00000833,-21.090622 -25.4849253 10.09999167,-18.550621 -22.89507635 -2.00000748,-18.549999 -22.9200033 10.09999251,-18.549999 -22.91999935 -2.00000749,-18.550621 -22.8950803 10.09999252,-18.552485 -22.87021535 -2.00000747,-18.552485 -22.8702193 10.09999253,-18.555584 -22.8454813 10.09999253,-18.555584 -22.84547735 -2.00000747,-18.559914 -22.82092635 -2.00000746,-18.559914 -22.8209303 10.09999254,-18.565462 -22.7966243 10.09999255,-18.565462 -22.79662035 -2.00000745,-18.572214 -22.77262235 -2.00000744,-18.572214 -22.7726263 10.09999256,-18.580154 -22.74898835 -2.00000743,-18.580154 -22.7489923 10.09999257,-18.589262 -22.72578135 -2.00000743,-18.589262 -22.7257853 10.09999257,-18.599516 -22.7030613 10.09999258,-18.599516 -22.70305735 -2.00000742,-18.610889 -22.68087335 -2.00000741,-18.610889 -22.6808773 10.09999259,-18.623354 -22.6592863 10.0999926,-18.623354 -22.65928235 -2.0000074,-18.636881 -22.63833935 -2.0000074,-18.636881 -22.6383433 10.0999926,-18.651434 -22.61809635 -2.00000739,-18.651434 -22.6181003 10.09999261,-18.666977 -22.59860535 -2.00000739,-18.666977 -22.5986093 10.09999261,-18.683474 -22.57991335 -2.00000738,-18.683474 -22.5799173 10.09999262,-18.700882 -22.56206635 -2.00000737,-18.700882 -22.5620703 10.09999263,-18.719156 -22.54510835 -2.00000737,-18.719156 -22.5451123 10.09999263,-18.738255 -22.52908435 -2.00000736,-18.738255 -22.5290883 10.09999264,-18.758127 -22.51402935 -2.00000736,-18.758127 -22.5140333 10.09999264,-18.778727 -22.49998635 -2.00000735,-18.778727 -22.4999903 10.09999265,-18.799999 -22.48698735 -2.00000735,-18.799999 -22.4869913 10.09999265,-18.821896 -22.47506235 -2.00000734,-18.821896 -22.4750663 10.09999266,-18.844357 -22.46424635 -2.00000734,-18.844357 -22.4642503 10.09999266,-18.867329 -22.45456235 -2.00000734,-18.867329 -22.4545663 10.09999266,-18.890757 -22.44603435 -2.00000734,-18.890757 -22.4460383 10.09999266,-18.914579 -22.43868735 -2.00000733,-18.914579 -22.4386913 10.09999267,-18.93874 -22.43253435 -2.00000733,-18.93874 -22.4325383 10.09999267,-18.963177 -22.42759635 -2.00000733,-18.963177 -22.4276003 10.09999267,-18.987827 -22.42387935 -2.00000733,-18.987827 -22.4238833 10.09999267,-19.012634 -22.4214013 10.09999267,-19.012634 -22.42139735 -2.00000733,-19.037535 -22.42015435 -2.00000733,-19.037535 -22.4201583 10.09999267,-19.062466 -22.42015435 -2.00000733,-19.062466 -22.4201583 10.09999267,-19.087364 -22.42139735 -2.00000733,-19.087364 -22.4214013 10.09999267,-19.112171 -22.42387935 -2.00000733,-19.112171 -22.4238833 10.09999267,-19.136824 -22.42759635 -2.00000733,-19.136824 -22.4276003 10.09999267,-19.161261 -22.43253435 -2.00000733,-19.161261 -22.4325383 10.09999267,-19.185421 -22.4386913 10.09999267,-19.185421 -22.43868735 -2.00000733,-19.209244 -22.44603435 -2.00000734,-19.209244 -22.4460383 10.09999266,-19.23267 -22.45456235 -2.00000734,-19.23267 -22.4545663 10.09999266,-19.255644 -22.46424635 -2.00000734,-19.255644 -22.4642503 10.09999266,-19.278105 -22.47506235 -2.00000734,-19.278105 -22.4750663 10.09999266,-19.299999 -22.48698735 -2.00000735,-19.299999 -22.4869913 10.09999265,-19.321274 -22.4999903 10.09999265,-19.321274 -22.49998635 -2.00000735,-19.341871 -22.51402935 -2.00000736,-19.341871 -22.5140333 10.09999264,-19.361746 -22.52908435 -2.00000736,-19.361746 -22.5290883 10.09999264,-19.380842 -22.5451123 10.09999263,-19.380842 -22.54510835 -2.00000737,-19.399118 -22.56206635 -2.00000737,-19.399118 -22.5620703 10.09999263,-19.416527 -22.5799173 10.09999262,-19.416527 -22.57991335 -2.00000738,-19.433022 -22.59860535 -2.00000739,-19.433022 -22.5986093 10.09999261,-19.448566 -22.61809635 -2.00000739,-19.448566 -22.6181003 10.09999261,-19.46312 -22.63833935 -2.0000074,-19.46312 -22.6383433 10.0999926,-19.476645 -22.6592863 10.0999926,-19.476645 -22.65928235 -2.0000074,-19.489111 -22.6808773 10.09999259,-19.489111 -22.68087335 -2.00000741,-19.500484 -22.70305735 -2.00000742,-19.500484 -22.7030613 10.09999258,-19.510738 -22.72578135 -2.00000743,-19.510738 -22.7257853 10.09999257,-19.519846 -22.74898835 -2.00000743,-19.519846 -22.7489923 10.09999257,-19.527786 -22.77262235 -2.00000744,-19.527786 -22.7726263 10.09999256,-19.534538 -22.79662035 -2.00000745,-19.534538 -22.7966243 10.09999255,-19.540087 -22.82092635 -2.00000746,-19.540087 -22.8209303 10.09999254,-19.544415 -22.84547735 -2.00000747,-19.544415 -22.8454813 10.09999253,-19.547516 -22.87021535 -2.00000747,-19.547516 -22.8702193 10.09999253,-19.549379 -22.89507635 -2.00000748,-19.549379 -22.8950803 10.09999252,-19.549999 -22.91999935 -2.00000749,-19.549999 -22.9200033 10.09999251,-19.549379 -22.94492235 -2.0000075,-19.549379 -22.9449263 10.0999925,-19.547516 -22.96978335 -2.00000751,-19.547516 -22.9697873 10.09999249,-19.544415 -22.9945233 10.09999249,-19.544415 -22.99451935 -2.00000751,-19.540087 -23.01907235 -2.00000752,-19.540087 -23.0190763 10.09999248,-19.534538 -23.04337835 -2.00000753,-19.534538 -23.0433823 10.09999247,-19.527786 -23.06737635 -2.00000754,-19.527786 -23.0673803 10.09999246,-19.519846 -23.09100835 -2.00000755,-19.519846 -23.0910123 10.09999245,-19.510738 -23.11421735 -2.00000755,-19.510738 -23.1142213 10.09999245,-19.500484 -23.13694135 -2.00000756,-19.500484 -23.1369453 10.09999244,-19.489111 -23.1591293 10.09999243,-19.489111 -23.15912535 -2.00000757,-19.476645 -23.18071635 -2.00000758,-19.476645 -23.1807203 10.09999242,-19.46312 -23.20165935 -2.00000758,-19.46312 -23.2016633 10.09999242,-19.448566 -23.22190235 -2.00000759,-19.448566 -23.2219063 10.09999241,-19.433022 -23.24139335 -2.0000076,-19.433022 -23.2413973 10.0999924,-19.416527 -23.26008535 -2.0000076,-19.416527 -23.2600893 10.0999924,-19.399118 -23.27793235 -2.00000761,-19.399118 -23.2779363 10.09999239,-19.380842 -23.2948943 10.09999239,-19.380842 -23.29489035 -2.00000761,-19.361746 -23.31091435 -2.00000762,-19.361746 -23.3109183 10.09999238,-19.341871 -23.32596935 -2.00000762,-19.341871 -23.3259733 10.09999238,-19.321274 -23.34001335 -2.00000763,-19.321274 -23.3400173 10.09999237,-19.299999 -23.35301135 -2.00000763,-19.299999 -23.3530153 10.09999237,-19.278105 -23.36493635 -2.00000764,-19.278105 -23.3649403 10.09999236,-19.255644 -23.37575235 -2.00000764,-19.255644 -23.3757563 10.09999236,-19.23267 -23.3854403 10.09999236,-19.23267 -23.38543635 -2.00000764,-19.209244 -23.39396235 -2.00000765,-19.209244 -23.3939663 10.09999235,-19.185421 -23.4013153 10.09999235,-19.185421 -23.40131135 -2.00000765,-19.161261 -23.40746235 -2.00000765,-19.161261 -23.4074663 10.09999235,-19.136824 -23.41240235 -2.00000765,-19.136824 -23.4124063 10.09999235,-19.112171 -23.41612035 -2.00000765,-19.112171 -23.4161243 10.09999235,-19.087364 -23.4186053 10.09999235,-19.087364 -23.41860135 -2.00000765,-19.062466 -23.4198473 10.09999235,-19.062466 -23.41984335 -2.00000765,-19.037535 -23.41984335 -2.00000765,-19.037535 -23.4198473 10.09999235,-19.012634 -23.4186053 10.09999235,-19.012634 -23.41860135 -2.00000765,-18.987827 -23.4161243 10.09999235,-18.987827 -23.41612035 -2.00000765,-18.963177 -23.4124063 10.09999235,-18.963177 -23.41240235 -2.00000765,-18.93874 -23.40746235 -2.00000765,-18.93874 -23.4074663 10.09999235,-18.914579 -23.40131135 -2.00000765,-18.914579 -23.4013153 10.09999235,-18.890757 -23.39396235 -2.00000765,-18.890757 -23.3939663 10.09999235,-18.867329 -23.38543635 -2.00000764,-18.867329 -23.3854403 10.09999236,-18.844357 -23.3757563 10.09999236,-18.844357 -23.37575235 -2.00000764,-18.821896 -23.3649403 10.09999236,-18.821896 -23.36493635 -2.00000764,-18.799999 -23.3530153 10.09999237,-18.799999 -23.35301135 -2.00000763,-18.778727 -23.34001335 -2.00000763,-18.778727 -23.3400173 10.09999237,-18.758127 -23.3259733 10.09999238,-18.758127 -23.32596935 -2.00000762,-18.738255 -23.31091435 -2.00000762,-18.738255 -23.3109183 10.09999238,-18.719156 -23.29489035 -2.00000761,-18.719156 -23.2948943 10.09999239,-18.700882 -23.27793235 -2.00000761,-18.700882 -23.2779363 10.09999239,-18.683474 -23.26008535 -2.0000076,-18.683474 -23.2600893 10.0999924,-18.666977 -23.24139335 -2.0000076,-18.666977 -23.2413973 10.0999924,-18.651434 -23.22190235 -2.00000759,-18.651434 -23.2219063 10.09999241,-18.636881 -23.20165935 -2.00000758,-18.636881 -23.2016633 10.09999242,-18.623354 -23.18071635 -2.00000758,-18.623354 -23.1807203 10.09999242,-18.610889 -23.1591293 10.09999243,-18.610889 -23.15912535 -2.00000757,-18.599516 -23.13694135 -2.00000756,-18.599516 -23.1369453 10.09999244,-18.589262 -23.11421735 -2.00000755,-18.589262 -23.1142213 10.09999245,-18.580154 -23.09100835 -2.00000755,-18.580154 -23.0910123 10.09999245,-18.572214 -23.06737635 -2.00000754,-18.572214 -23.0673803 10.09999246,-18.565462 -23.04337835 -2.00000753,-18.565462 -23.0433823 10.09999247,-18.559914 -23.01907235 -2.00000752,-18.559914 -23.0190763 10.09999248,-18.555584 -22.99451935 -2.00000751,-18.555584 -22.9945233 10.09999249,-18.552485 -22.96978335 -2.00000751,-18.552485 -22.9697873 10.09999249,-18.550621 -22.94492235 -2.0000075,-18.550621 -22.9449263 10.0999925,-18.550621 -25.43507735 -2.00000831,-18.549999 -25.4600023 10.09999168,-18.549999 -25.45999835 -2.00000832,-18.550621 -25.4350813 10.09999169,-18.552485 -25.41021435 -2.0000083,-18.552485 -25.4102183 10.0999917,-18.555584 -25.3854823 10.0999917,-18.555584 -25.38547835 -2.0000083,-18.559914 -25.36092735 -2.00000829,-18.559914 -25.3609313 10.09999171,-18.565462 -25.3366253 10.09999172,-18.565462 -25.33662135 -2.00000828,-18.572214 -25.31262135 -2.00000827,-18.572214 -25.3126253 10.09999173,-18.580154 -25.28898935 -2.00000826,-18.580154 -25.2889933 10.09999174,-18.589262 -25.26578235 -2.00000826,-18.589262 -25.2657863 10.09999174,-18.599516 -25.2430603 10.09999175,-18.599516 -25.24305635 -2.00000825,-18.610889 -25.22087235 -2.00000824,-18.610889 -25.2208763 10.09999176,-18.623354 -25.1992853 10.09999177,-18.623354 -25.19928135 -2.00000823,-18.636881 -25.17834035 -2.00000823,-18.636881 -25.1783443 10.09999177,-18.651434 -25.15809735 -2.00000822,-18.651434 -25.1581013 10.09999178,-18.666977 -25.13860635 -2.00000822,-18.666977 -25.1386103 10.09999178,-18.683474 -25.11991235 -2.00000821,-18.683474 -25.1199163 10.09999179,-18.700882 -25.10206535 -2.0000082,-18.700882 -25.1020693 10.0999918,-18.719156 -25.08510935 -2.0000082,-18.719156 -25.0851133 10.0999918,-18.738255 -25.06908335 -2.00000819,-18.738255 -25.0690873 10.09999181,-18.758127 -25.05403035 -2.00000819,-18.758127 -25.0540343 10.09999181,-18.778727 -25.03998735 -2.00000818,-18.778727 -25.0399913 10.09999182,-18.799999 -25.02698635 -2.00000818,-18.799999 -25.0269903 10.09999182,-18.821896 -25.01506335 -2.00000817,-18.821896 -25.0150673 10.09999183,-18.844357 -25.00424735 -2.00000817,-18.844357 -25.0042513 10.09999183,-18.867329 -24.99456335 -2.00000817,-18.867329 -24.9945673 10.09999183,-18.890757 -24.98603535 -2.00000817,-18.890757 -24.9860393 10.09999183,-18.914579 -24.97868635 -2.00000816,-18.914579 -24.9786903 10.09999184,-18.93874 -24.97253535 -2.00000816,-18.93874 -24.9725393 10.09999184,-18.963177 -24.96759535 -2.00000816,-18.963177 -24.9675993 10.09999184,-18.987827 -24.96388035 -2.00000816,-18.987827 -24.9638843 10.09999184,-19.012634 -24.9614003 10.09999184,-19.012634 -24.96139635 -2.00000816,-19.037535 -24.96015435 -2.00000816,-19.037535 -24.9601583 10.09999184,-19.062466 -24.96015435 -2.00000816,-19.062466 -24.9601583 10.09999184,-19.087364 -24.96139635 -2.00000816,-19.087364 -24.9614003 10.09999184,-19.112171 -24.96388035 -2.00000816,-19.112171 -24.9638843 10.09999184,-19.136824 -24.96759535 -2.00000816,-19.136824 -24.9675993 10.09999184,-19.161261 -24.97253535 -2.00000816,-19.161261 -24.9725393 10.09999184,-19.185421 -24.9786903 10.09999184,-19.185421 -24.97868635 -2.00000816,-19.209244 -24.98603535 -2.00000817,-19.209244 -24.9860393 10.09999183,-19.23267 -24.99456335 -2.00000817,-19.23267 -24.9945673 10.09999183,-19.255644 -25.00424735 -2.00000817,-19.255644 -25.0042513 10.09999183,-19.278105 -25.01506335 -2.00000817,-19.278105 -25.0150673 10.09999183,-19.299999 -25.02698635 -2.00000818,-19.299999 -25.0269903 10.09999182,-19.321274 -25.0399913 10.09999182,-19.321274 -25.03998735 -2.00000818,-19.341871 -25.05403035 -2.00000819,-19.341871 -25.0540343 10.09999181,-19.361746 -25.06908335 -2.00000819,-19.361746 -25.0690873 10.09999181,-19.380842 -25.0851133 10.0999918,-19.380842 -25.08510935 -2.0000082,-19.399118 -25.10206535 -2.0000082,-19.399118 -25.1020693 10.0999918,-19.416527 -25.1199163 10.09999179,-19.416527 -25.11991235 -2.00000821,-19.433022 -25.13860635 -2.00000822,-19.433022 -25.1386103 10.09999178,-19.448566 -25.15809735 -2.00000822,-19.448566 -25.1581013 10.09999178,-19.46312 -25.17834035 -2.00000823,-19.46312 -25.1783443 10.09999177,-19.476645 -25.1992853 10.09999177,-19.476645 -25.19928135 -2.00000823,-19.489111 -25.2208763 10.09999176,-19.489111 -25.22087235 -2.00000824,-19.500484 -25.24305635 -2.00000825,-19.500484 -25.2430603 10.09999175,-19.510738 -25.26578235 -2.00000826,-19.510738 -25.2657863 10.09999174,-19.519846 -25.28898935 -2.00000826,-19.519846 -25.2889933 10.09999174,-19.527786 -25.31262135 -2.00000827,-19.527786 -25.3126253 10.09999173,-19.534538 -25.33662135 -2.00000828,-19.534538 -25.3366253 10.09999172,-19.540087 -25.36092735 -2.00000829,-19.540087 -25.3609313 10.09999171,-19.544415 -25.38547835 -2.0000083,-19.544415 -25.3854823 10.0999917,-19.547516 -25.41021435 -2.0000083,-19.547516 -25.4102183 10.0999917,-19.549379 -25.43507735 -2.00000831,-19.549379 -25.4350813 10.09999169,-19.549999 -25.45999835 -2.00000832,-19.549999 -25.4600023 10.09999168,-19.549379 -25.48492135 -2.00000833,-19.549379 -25.4849253 10.09999167,-19.547516 -25.50978435 -2.00000834,-19.547516 -25.5097883 10.09999166,-19.544415 -25.5345243 10.09999166,-19.544415 -25.53452035 -2.00000834,-19.540087 -25.55907135 -2.00000835,-19.540087 -25.5590753 10.09999165,-19.534538 -25.58337735 -2.00000836,-19.534538 -25.5833813 10.09999164,-19.527786 -25.60737735 -2.00000837,-19.527786 -25.6073813 10.09999163,-19.519846 -25.63100935 -2.00000838,-19.519846 -25.6310133 10.09999162,-19.510738 -25.65421635 -2.00000838,-19.510738 -25.6542203 10.09999162,-19.500484 -25.67694035 -2.00000839,-19.500484 -25.6769443 10.09999161,-19.489111 -25.6991303 10.0999916,-19.489111 -25.69912635 -2.0000084,-19.476645 -25.72071735 -2.00000841,-19.476645 -25.7207213 10.09999159,-19.46312 -25.74165835 -2.00000841,-19.46312 -25.7416623 10.09999159,-19.448566 -25.76190135 -2.00000842,-19.448566 -25.7619053 10.09999158,-19.433022 -25.78139235 -2.00000843,-19.433022 -25.7813963 10.09999157,-19.416527 -25.80008635 -2.00000843,-19.416527 -25.8000903 10.09999157,-19.399118 -25.81793335 -2.00000844,-19.399118 -25.8179373 10.09999156,-19.380842 -25.8348933 10.09999156,-19.380842 -25.83488935 -2.00000844,-19.361746 -25.85091535 -2.00000845,-19.361746 -25.8509193 10.09999155,-19.341871 -25.86596835 -2.00000845,-19.341871 -25.8659723 10.09999155,-19.321274 -25.88001235 -2.00000846,-19.321274 -25.8800163 10.09999154,-19.299999 -25.89301235 -2.00000846,-19.299999 -25.8930163 10.09999154,-19.278105 -25.90493535 -2.00000847,-19.278105 -25.9049393 10.09999153,-19.255644 -25.91575135 -2.00000847,-19.255644 -25.9157553 10.09999153,-19.23267 -25.9254393 10.09999153,-19.23267 -25.92543535 -2.00000847,-19.209244 -25.93396335 -2.00000848,-19.209244 -25.9339673 10.09999152,-19.185421 -25.9413163 10.09999152,-19.185421 -25.94131235 -2.00000848,-19.161261 -25.94746335 -2.00000848,-19.161261 -25.9474673 10.09999152,-19.136824 -25.95240335 -2.00000848,-19.136824 -25.9524073 10.09999152,-19.112171 -25.95611935 -2.00000848,-19.112171 -25.9561233 10.09999152,-19.087364 -25.9586043 10.09999152,-19.087364 -25.95860035 -2.00000848,-19.062466 -25.9598483 10.09999152,-19.062466 -25.95984435 -2.00000848,-19.037535 -25.95984435 -2.00000848,-19.037535 -25.9598483 10.09999152,-19.012634 -25.9586043 10.09999152,-19.012634 -25.95860035 -2.00000848,-18.987827 -25.9561233 10.09999152,-18.987827 -25.95611935 -2.00000848,-18.963177 -25.9524073 10.09999152,-18.963177 -25.95240335 -2.00000848,-18.93874 -25.94746335 -2.00000848,-18.93874 -25.9474673 10.09999152,-18.914579 -25.94131235 -2.00000848,-18.914579 -25.9413163 10.09999152,-18.890757 -25.93396335 -2.00000848,-18.890757 -25.9339673 10.09999152,-18.867329 -25.92543535 -2.00000847,-18.867329 -25.9254393 10.09999153,-18.844357 -25.9157553 10.09999153,-18.844357 -25.91575135 -2.00000847,-18.821896 -25.9049393 10.09999153,-18.821896 -25.90493535 -2.00000847,-18.799999 -25.8930163 10.09999154,-18.799999 -25.89301235 -2.00000846,-18.778727 -25.88001235 -2.00000846,-18.778727 -25.8800163 10.09999154,-18.758127 -25.8659723 10.09999155,-18.758127 -25.86596835 -2.00000845,-18.738255 -25.85091535 -2.00000845,-18.738255 -25.8509193 10.09999155,-18.719156 -25.83488935 -2.00000844,-18.719156 -25.8348933 10.09999156,-18.700882 -25.81793335 -2.00000844,-18.700882 -25.8179373 10.09999156,-18.683474 -25.80008635 -2.00000843,-18.683474 -25.8000903 10.09999157,-18.666977 -25.78139235 -2.00000843,-18.666977 -25.7813963 10.09999157,-18.651434 -25.76190135 -2.00000842,-18.651434 -25.7619053 10.09999158,-18.636881 -25.74165835 -2.00000841,-18.636881 -25.7416623 10.09999159,-18.623354 -25.72071735 -2.00000841,-18.623354 -25.7207213 10.09999159,-18.610889 -25.6991303 10.0999916,-18.610889 -25.69912635 -2.0000084,-18.599516 -25.67694035 -2.00000839,-18.599516 -25.6769443 10.09999161,-18.589262 -25.65421635 -2.00000838,-18.589262 -25.6542203 10.09999162,-18.580154 -25.63100935 -2.00000838,-18.580154 -25.6310133 10.09999162,-18.572214 -25.60737735 -2.00000837,-18.572214 -25.6073813 10.09999163,-18.565462 -25.58337735 -2.00000836,-18.565462 -25.5833813 10.09999164,-18.559914 -25.55907135 -2.00000835,-18.559914 -25.5590753 10.09999165,-18.555584 -25.53452035 -2.00000834,-18.555584 -25.5345243 10.09999166,-18.552485 -25.50978435 -2.00000834,-18.552485 -25.5097883 10.09999166,-18.550621 -25.48492135 -2.00000833,-18.550621 -25.4849253 10.09999167,-16.010622 -22.89507635 -2.00000748,-16.01 -22.9200033 10.09999251,-16.01 -22.91999935 -2.00000749,-16.010622 -22.8950803 10.09999252,-16.012486 -22.87021535 -2.00000747,-16.012486 -22.8702193 10.09999253,-16.015585 -22.8454813 10.09999253,-16.015585 -22.84547735 -2.00000747,-16.019915 -22.82092635 -2.00000746,-16.019915 -22.8209303 10.09999254,-16.025461 -22.7966243 10.09999255,-16.025461 -22.79662035 -2.00000745,-16.032213 -22.77262235 -2.00000744,-16.032213 -22.7726263 10.09999256,-16.040154 -22.74898835 -2.00000743,-16.040154 -22.7489923 10.09999257,-16.049261 -22.72578135 -2.00000743,-16.049261 -22.7257853 10.09999257,-16.059515 -22.7030613 10.09999258,-16.059515 -22.70305735 -2.00000742,-16.070889 -22.68087335 -2.00000741,-16.070889 -22.6808773 10.09999259,-16.083355 -22.6592863 10.0999926,-16.083355 -22.65928235 -2.0000074,-16.09688 -22.63833935 -2.0000074,-16.09688 -22.6383433 10.0999926,-16.111433 -22.61809635 -2.00000739,-16.111433 -22.6181003 10.09999261,-16.126978 -22.59860535 -2.00000739,-16.126978 -22.5986093 10.09999261,-16.143475 -22.57991335 -2.00000738,-16.143475 -22.5799173 10.09999262,-16.160881 -22.56206635 -2.00000737,-16.160881 -22.5620703 10.09999263,-16.179157 -22.54510835 -2.00000737,-16.179157 -22.5451123 10.09999263,-16.198256 -22.52908435 -2.00000736,-16.198256 -22.5290883 10.09999264,-16.218128 -22.51402935 -2.00000736,-16.218128 -22.5140333 10.09999264,-16.238728 -22.49998635 -2.00000735,-16.238728 -22.4999903 10.09999265,-16.26 -22.48698735 -2.00000735,-16.26 -22.4869913 10.09999265,-16.281895 -22.47506235 -2.00000734,-16.281895 -22.4750663 10.09999266,-16.304356 -22.46424635 -2.00000734,-16.304356 -22.4642503 10.09999266,-16.32733 -22.45456235 -2.00000734,-16.32733 -22.4545663 10.09999266,-16.350758 -22.44603435 -2.00000734,-16.350758 -22.4460383 10.09999266,-16.37458 -22.43868735 -2.00000733,-16.37458 -22.4386913 10.09999267,-16.398739 -22.43253435 -2.00000733,-16.398739 -22.4325383 10.09999267,-16.423176 -22.42759635 -2.00000733,-16.423176 -22.4276003 10.09999267,-16.447828 -22.42387935 -2.00000733,-16.447828 -22.4238833 10.09999267,-16.472635 -22.4214013 10.09999267,-16.472635 -22.42139735 -2.00000733,-16.497534 -22.42015435 -2.00000733,-16.497534 -22.4201583 10.09999267,-16.522465 -22.42015435 -2.00000733,-16.522465 -22.4201583 10.09999267,-16.547365 -22.42139735 -2.00000733,-16.547365 -22.4214013 10.09999267,-16.572172 -22.42387935 -2.00000733,-16.572172 -22.4238833 10.09999267,-16.596825 -22.42759635 -2.00000733,-16.596825 -22.4276003 10.09999267,-16.62126 -22.43253435 -2.00000733,-16.62126 -22.4325383 10.09999267,-16.64542 -22.4386913 10.09999267,-16.64542 -22.43868735 -2.00000733,-16.669243 -22.44603435 -2.00000734,-16.669243 -22.4460383 10.09999266,-16.692671 -22.45456235 -2.00000734,-16.692671 -22.4545663 10.09999266,-16.715643 -22.46424635 -2.00000734,-16.715643 -22.4642503 10.09999266,-16.738106 -22.47506235 -2.00000734,-16.738106 -22.4750663 10.09999266,-16.76 -22.48698735 -2.00000735,-16.76 -22.4869913 10.09999265,-16.781273 -22.4999903 10.09999265,-16.781273 -22.49998635 -2.00000735,-16.801872 -22.51402935 -2.00000736,-16.801872 -22.5140333 10.09999264,-16.821745 -22.52908435 -2.00000736,-16.821745 -22.5290883 10.09999264,-16.840843 -22.5451123 10.09999263,-16.840843 -22.54510835 -2.00000737,-16.859118 -22.56206635 -2.00000737,-16.859118 -22.5620703 10.09999263,-16.876526 -22.5799173 10.09999262,-16.876526 -22.57991335 -2.00000738,-16.893023 -22.59860535 -2.00000739,-16.893023 -22.5986093 10.09999261,-16.908566 -22.61809635 -2.00000739,-16.908566 -22.6181003 10.09999261,-16.923119 -22.63833935 -2.0000074,-16.923119 -22.6383433 10.0999926,-16.936646 -22.6592863 10.0999926,-16.936646 -22.65928235 -2.0000074,-16.94911 -22.6808773 10.09999259,-16.94911 -22.68087335 -2.00000741,-16.960484 -22.70305735 -2.00000742,-16.960484 -22.7030613 10.09999258,-16.970737 -22.72578135 -2.00000743,-16.970737 -22.7257853 10.09999257,-16.979847 -22.74898835 -2.00000743,-16.979847 -22.7489923 10.09999257,-16.987787 -22.77262235 -2.00000744,-16.987787 -22.7726263 10.09999256,-16.994539 -22.79662035 -2.00000745,-16.994539 -22.7966243 10.09999255,-17.000086 -22.82092635 -2.00000746,-17.000086 -22.8209303 10.09999254,-17.004416 -22.84547735 -2.00000747,-17.004416 -22.8454813 10.09999253,-17.007515 -22.87021535 -2.00000747,-17.007515 -22.8702193 10.09999253,-17.009378 -22.89507635 -2.00000748,-17.009378 -22.8950803 10.09999252,-17.01 -22.91999935 -2.00000749,-17.01 -22.9200033 10.09999251,-17.009378 -22.94492235 -2.0000075,-17.009378 -22.9449263 10.0999925,-17.007515 -22.96978335 -2.00000751,-17.007515 -22.9697873 10.09999249,-17.004416 -22.9945233 10.09999249,-17.004416 -22.99451935 -2.00000751,-17.000086 -23.01907235 -2.00000752,-17.000086 -23.0190763 10.09999248,-16.994539 -23.04337835 -2.00000753,-16.994539 -23.0433823 10.09999247,-16.987787 -23.06737635 -2.00000754,-16.987787 -23.0673803 10.09999246,-16.979847 -23.09100835 -2.00000755,-16.979847 -23.0910123 10.09999245,-16.970737 -23.11421735 -2.00000755,-16.970737 -23.1142213 10.09999245,-16.960484 -23.13694135 -2.00000756,-16.960484 -23.1369453 10.09999244,-16.94911 -23.1591293 10.09999243,-16.94911 -23.15912535 -2.00000757,-16.936646 -23.18071635 -2.00000758,-16.936646 -23.1807203 10.09999242,-16.923119 -23.20165935 -2.00000758,-16.923119 -23.2016633 10.09999242,-16.908566 -23.22190235 -2.00000759,-16.908566 -23.2219063 10.09999241,-16.893023 -23.24139335 -2.0000076,-16.893023 -23.2413973 10.0999924,-16.876526 -23.26008535 -2.0000076,-16.876526 -23.2600893 10.0999924,-16.859118 -23.27793235 -2.00000761,-16.859118 -23.2779363 10.09999239,-16.840843 -23.2948943 10.09999239,-16.840843 -23.29489035 -2.00000761,-16.821745 -23.31091435 -2.00000762,-16.821745 -23.3109183 10.09999238,-16.801872 -23.32596935 -2.00000762,-16.801872 -23.3259733 10.09999238,-16.781273 -23.34001335 -2.00000763,-16.781273 -23.3400173 10.09999237,-16.76 -23.35301135 -2.00000763,-16.76 -23.3530153 10.09999237,-16.738106 -23.36493635 -2.00000764,-16.738106 -23.3649403 10.09999236,-16.715643 -23.37575235 -2.00000764,-16.715643 -23.3757563 10.09999236,-16.692671 -23.3854403 10.09999236,-16.692671 -23.38543635 -2.00000764,-16.669243 -23.39396235 -2.00000765,-16.669243 -23.3939663 10.09999235,-16.64542 -23.4013153 10.09999235,-16.64542 -23.40131135 -2.00000765,-16.62126 -23.40746235 -2.00000765,-16.62126 -23.4074663 10.09999235,-16.596825 -23.41240235 -2.00000765,-16.596825 -23.4124063 10.09999235,-16.572172 -23.41612035 -2.00000765,-16.572172 -23.4161243 10.09999235,-16.547365 -23.4186053 10.09999235,-16.547365 -23.41860135 -2.00000765,-16.522465 -23.4198473 10.09999235,-16.522465 -23.41984335 -2.00000765,-16.497534 -23.41984335 -2.00000765,-16.497534 -23.4198473 10.09999235,-16.472635 -23.4186053 10.09999235,-16.472635 -23.41860135 -2.00000765,-16.447828 -23.4161243 10.09999235,-16.447828 -23.41612035 -2.00000765,-16.423176 -23.4124063 10.09999235,-16.423176 -23.41240235 -2.00000765,-16.398739 -23.40746235 -2.00000765,-16.398739 -23.4074663 10.09999235,-16.37458 -23.40131135 -2.00000765,-16.37458 -23.4013153 10.09999235,-16.350758 -23.39396235 -2.00000765,-16.350758 -23.3939663 10.09999235,-16.32733 -23.38543635 -2.00000764,-16.32733 -23.3854403 10.09999236,-16.304356 -23.3757563 10.09999236,-16.304356 -23.37575235 -2.00000764,-16.281895 -23.3649403 10.09999236,-16.281895 -23.36493635 -2.00000764,-16.26 -23.3530153 10.09999237,-16.26 -23.35301135 -2.00000763,-16.238728 -23.34001335 -2.00000763,-16.238728 -23.3400173 10.09999237,-16.218128 -23.3259733 10.09999238,-16.218128 -23.32596935 -2.00000762,-16.198256 -23.31091435 -2.00000762,-16.198256 -23.3109183 10.09999238,-16.179157 -23.29489035 -2.00000761,-16.179157 -23.2948943 10.09999239,-16.160881 -23.27793235 -2.00000761,-16.160881 -23.2779363 10.09999239,-16.143475 -23.26008535 -2.0000076,-16.143475 -23.2600893 10.0999924,-16.126978 -23.24139335 -2.0000076,-16.126978 -23.2413973 10.0999924,-16.111433 -23.22190235 -2.00000759,-16.111433 -23.2219063 10.09999241,-16.09688 -23.20165935 -2.00000758,-16.09688 -23.2016633 10.09999242,-16.083355 -23.18071635 -2.00000758,-16.083355 -23.1807203 10.09999242,-16.070889 -23.1591293 10.09999243,-16.070889 -23.15912535 -2.00000757,-16.059515 -23.13694135 -2.00000756,-16.059515 -23.1369453 10.09999244,-16.049261 -23.11421735 -2.00000755,-16.049261 -23.1142213 10.09999245,-16.040154 -23.09100835 -2.00000755,-16.040154 -23.0910123 10.09999245,-16.032213 -23.06737635 -2.00000754,-16.032213 -23.0673803 10.09999246,-16.025461 -23.04337835 -2.00000753,-16.025461 -23.0433823 10.09999247,-16.019915 -23.01907235 -2.00000752,-16.019915 -23.0190763 10.09999248,-16.015585 -22.99451935 -2.00000751,-16.015585 -22.9945233 10.09999249,-16.012486 -22.96978335 -2.00000751,-16.012486 -22.9697873 10.09999249,-16.010622 -22.94492235 -2.0000075,-16.010622 -22.9449263 10.0999925,-16.010622 -25.43507735 -2.00000831,-16.01 -25.4600023 10.09999168,-16.01 -25.45999835 -2.00000832,-16.010622 -25.4350813 10.09999169,-16.012486 -25.41021435 -2.0000083,-16.012486 -25.4102183 10.0999917,-16.015585 -25.3854823 10.0999917,-16.015585 -25.38547835 -2.0000083,-16.019915 -25.36092735 -2.00000829,-16.019915 -25.3609313 10.09999171,-16.025461 -25.3366253 10.09999172,-16.025461 -25.33662135 -2.00000828,-16.032213 -25.31262135 -2.00000827,-16.032213 -25.3126253 10.09999173,-16.040154 -25.28898935 -2.00000826,-16.040154 -25.2889933 10.09999174,-16.049261 -25.26578235 -2.00000826,-16.049261 -25.2657863 10.09999174,-16.059515 -25.2430603 10.09999175,-16.059515 -25.24305635 -2.00000825,-16.070889 -25.22087235 -2.00000824,-16.070889 -25.2208763 10.09999176,-16.083355 -25.1992853 10.09999177,-16.083355 -25.19928135 -2.00000823,-16.09688 -25.17834035 -2.00000823,-16.09688 -25.1783443 10.09999177,-16.111433 -25.15809735 -2.00000822,-16.111433 -25.1581013 10.09999178,-16.126978 -25.13860635 -2.00000822,-16.126978 -25.1386103 10.09999178,-16.143475 -25.11991235 -2.00000821,-16.143475 -25.1199163 10.09999179,-16.160881 -25.10206535 -2.0000082,-16.160881 -25.1020693 10.0999918,-16.179157 -25.08510935 -2.0000082,-16.179157 -25.0851133 10.0999918,-16.198256 -25.06908335 -2.00000819,-16.198256 -25.0690873 10.09999181,-16.218128 -25.05403035 -2.00000819,-16.218128 -25.0540343 10.09999181,-16.238728 -25.03998735 -2.00000818,-16.238728 -25.0399913 10.09999182,-16.26 -25.02698635 -2.00000818,-16.26 -25.0269903 10.09999182,-16.281895 -25.01506335 -2.00000817,-16.281895 -25.0150673 10.09999183,-16.304356 -25.00424735 -2.00000817,-16.304356 -25.0042513 10.09999183,-16.32733 -24.99456335 -2.00000817,-16.32733 -24.9945673 10.09999183,-16.350758 -24.98603535 -2.00000817,-16.350758 -24.9860393 10.09999183,-16.37458 -24.97868635 -2.00000816,-16.37458 -24.9786903 10.09999184,-16.398739 -24.97253535 -2.00000816,-16.398739 -24.9725393 10.09999184,-16.423176 -24.96759535 -2.00000816,-16.423176 -24.9675993 10.09999184,-16.447828 -24.96388035 -2.00000816,-16.447828 -24.9638843 10.09999184,-16.472635 -24.9614003 10.09999184,-16.472635 -24.96139635 -2.00000816,-16.497534 -24.96015435 -2.00000816,-16.497534 -24.9601583 10.09999184,-16.522465 -24.96015435 -2.00000816,-16.522465 -24.9601583 10.09999184,-16.547365 -24.96139635 -2.00000816,-16.547365 -24.9614003 10.09999184,-16.572172 -24.96388035 -2.00000816,-16.572172 -24.9638843 10.09999184,-16.596825 -24.96759535 -2.00000816,-16.596825 -24.9675993 10.09999184,-16.62126 -24.97253535 -2.00000816,-16.62126 -24.9725393 10.09999184,-16.64542 -24.9786903 10.09999184,-16.64542 -24.97868635 -2.00000816,-16.669243 -24.98603535 -2.00000817,-16.669243 -24.9860393 10.09999183,-16.692671 -24.99456335 -2.00000817,-16.692671 -24.9945673 10.09999183,-16.715643 -25.00424735 -2.00000817,-16.715643 -25.0042513 10.09999183,-16.738106 -25.01506335 -2.00000817,-16.738106 -25.0150673 10.09999183,-16.76 -25.02698635 -2.00000818,-16.76 -25.0269903 10.09999182,-16.781273 -25.0399913 10.09999182,-16.781273 -25.03998735 -2.00000818,-16.801872 -25.05403035 -2.00000819,-16.801872 -25.0540343 10.09999181,-16.821745 -25.06908335 -2.00000819,-16.821745 -25.0690873 10.09999181,-16.840843 -25.0851133 10.0999918,-16.840843 -25.08510935 -2.0000082,-16.859118 -25.10206535 -2.0000082,-16.859118 -25.1020693 10.0999918,-16.876526 -25.1199163 10.09999179,-16.876526 -25.11991235 -2.00000821,-16.893023 -25.13860635 -2.00000822,-16.893023 -25.1386103 10.09999178,-16.908566 -25.15809735 -2.00000822,-16.908566 -25.1581013 10.09999178,-16.923119 -25.17834035 -2.00000823,-16.923119 -25.1783443 10.09999177,-16.936646 -25.1992853 10.09999177,-16.936646 -25.19928135 -2.00000823,-16.94911 -25.2208763 10.09999176,-16.94911 -25.22087235 -2.00000824,-16.960484 -25.24305635 -2.00000825,-16.960484 -25.2430603 10.09999175,-16.970737 -25.26578235 -2.00000826,-16.970737 -25.2657863 10.09999174,-16.979847 -25.28898935 -2.00000826,-16.979847 -25.2889933 10.09999174,-16.987787 -25.31262135 -2.00000827,-16.987787 -25.3126253 10.09999173,-16.994539 -25.33662135 -2.00000828,-16.994539 -25.3366253 10.09999172,-17.000086 -25.36092735 -2.00000829,-17.000086 -25.3609313 10.09999171,-17.004416 -25.38547835 -2.0000083,-17.004416 -25.3854823 10.0999917,-17.007515 -25.41021435 -2.0000083,-17.007515 -25.4102183 10.0999917,-17.009378 -25.43507735 -2.00000831,-17.009378 -25.4350813 10.09999169,-17.01 -25.45999835 -2.00000832,-17.01 -25.4600023 10.09999168,-17.009378 -25.48492135 -2.00000833,-17.009378 -25.4849253 10.09999167,-17.007515 -25.50978435 -2.00000834,-17.007515 -25.5097883 10.09999166,-17.004416 -25.5345243 10.09999166,-17.004416 -25.53452035 -2.00000834,-17.000086 -25.55907135 -2.00000835,-17.000086 -25.5590753 10.09999165,-16.994539 -25.58337735 -2.00000836,-16.994539 -25.5833813 10.09999164,-16.987787 -25.60737735 -2.00000837,-16.987787 -25.6073813 10.09999163,-16.979847 -25.63100935 -2.00000838,-16.979847 -25.6310133 10.09999162,-16.970737 -25.65421635 -2.00000838,-16.970737 -25.6542203 10.09999162,-16.960484 -25.67694035 -2.00000839,-16.960484 -25.6769443 10.09999161,-16.94911 -25.6991303 10.0999916,-16.94911 -25.69912635 -2.0000084,-16.936646 -25.72071735 -2.00000841,-16.936646 -25.7207213 10.09999159,-16.923119 -25.74165835 -2.00000841,-16.923119 -25.7416623 10.09999159,-16.908566 -25.76190135 -2.00000842,-16.908566 -25.7619053 10.09999158,-16.893023 -25.78139235 -2.00000843,-16.893023 -25.7813963 10.09999157,-16.876526 -25.80008635 -2.00000843,-16.876526 -25.8000903 10.09999157,-16.859118 -25.81793335 -2.00000844,-16.859118 -25.8179373 10.09999156,-16.840843 -25.8348933 10.09999156,-16.840843 -25.83488935 -2.00000844,-16.821745 -25.85091535 -2.00000845,-16.821745 -25.8509193 10.09999155,-16.801872 -25.86596835 -2.00000845,-16.801872 -25.8659723 10.09999155,-16.781273 -25.88001235 -2.00000846,-16.781273 -25.8800163 10.09999154,-16.76 -25.89301235 -2.00000846,-16.76 -25.8930163 10.09999154,-16.738106 -25.90493535 -2.00000847,-16.738106 -25.9049393 10.09999153,-16.715643 -25.91575135 -2.00000847,-16.715643 -25.9157553 10.09999153,-16.692671 -25.9254393 10.09999153,-16.692671 -25.92543535 -2.00000847,-16.669243 -25.93396335 -2.00000848,-16.669243 -25.9339673 10.09999152,-16.64542 -25.9413163 10.09999152,-16.64542 -25.94131235 -2.00000848,-16.62126 -25.94746335 -2.00000848,-16.62126 -25.9474673 10.09999152,-16.596825 -25.95240335 -2.00000848,-16.596825 -25.9524073 10.09999152,-16.572172 -25.95611935 -2.00000848,-16.572172 -25.9561233 10.09999152,-16.547365 -25.9586043 10.09999152,-16.547365 -25.95860035 -2.00000848,-16.522465 -25.9598483 10.09999152,-16.522465 -25.95984435 -2.00000848,-16.497534 -25.95984435 -2.00000848,-16.497534 -25.9598483 10.09999152,-16.472635 -25.9586043 10.09999152,-16.472635 -25.95860035 -2.00000848,-16.447828 -25.9561233 10.09999152,-16.447828 -25.95611935 -2.00000848,-16.423176 -25.9524073 10.09999152,-16.423176 -25.95240335 -2.00000848,-16.398739 -25.94746335 -2.00000848,-16.398739 -25.9474673 10.09999152,-16.37458 -25.94131235 -2.00000848,-16.37458 -25.9413163 10.09999152,-16.350758 -25.93396335 -2.00000848,-16.350758 -25.9339673 10.09999152,-16.32733 -25.92543535 -2.00000847,-16.32733 -25.9254393 10.09999153,-16.304356 -25.9157553 10.09999153,-16.304356 -25.91575135 -2.00000847,-16.281895 -25.9049393 10.09999153,-16.281895 -25.90493535 -2.00000847,-16.26 -25.8930163 10.09999154,-16.26 -25.89301235 -2.00000846,-16.238728 -25.88001235 -2.00000846,-16.238728 -25.8800163 10.09999154,-16.218128 -25.8659723 10.09999155,-16.218128 -25.86596835 -2.00000845,-16.198256 -25.85091535 -2.00000845,-16.198256 -25.8509193 10.09999155,-16.179157 -25.83488935 -2.00000844,-16.179157 -25.8348933 10.09999156,-16.160881 -25.81793335 -2.00000844,-16.160881 -25.8179373 10.09999156,-16.143475 -25.80008635 -2.00000843,-16.143475 -25.8000903 10.09999157,-16.126978 -25.78139235 -2.00000843,-16.126978 -25.7813963 10.09999157,-16.111433 -25.76190135 -2.00000842,-16.111433 -25.7619053 10.09999158,-16.09688 -25.74165835 -2.00000841,-16.09688 -25.7416623 10.09999159,-16.083355 -25.72071735 -2.00000841,-16.083355 -25.7207213 10.09999159,-16.070889 -25.6991303 10.0999916,-16.070889 -25.69912635 -2.0000084,-16.059515 -25.67694035 -2.00000839,-16.059515 -25.6769443 10.09999161,-16.049261 -25.65421635 -2.00000838,-16.049261 -25.6542203 10.09999162,-16.040154 -25.63100935 -2.00000838,-16.040154 -25.6310133 10.09999162,-16.032213 -25.60737735 -2.00000837,-16.032213 -25.6073813 10.09999163,-16.025461 -25.58337735 -2.00000836,-16.025461 -25.5833813 10.09999164,-16.019915 -25.55907135 -2.00000835,-16.019915 -25.5590753 10.09999165,-16.015585 -25.53452035 -2.00000834,-16.015585 -25.5345243 10.09999166,-16.012486 -25.50978435 -2.00000834,-16.012486 -25.5097883 10.09999166,-16.010622 -25.48492135 -2.00000833,-16.010622 -25.4849253 10.09999167,-13.470621 -22.89507635 -2.00000748,-13.47 -22.9200033 10.09999251,-13.47 -22.91999935 -2.00000749,-13.470621 -22.8950803 10.09999252,-13.472485 -22.87021535 -2.00000747,-13.472485 -22.8702193 10.09999253,-13.475585 -22.8454813 10.09999253,-13.475585 -22.84547735 -2.00000747,-13.479914 -22.82092635 -2.00000746,-13.479914 -22.8209303 10.09999254,-13.485461 -22.7966243 10.09999255,-13.485461 -22.79662035 -2.00000745,-13.492213 -22.77262235 -2.00000744,-13.492213 -22.7726263 10.09999256,-13.500154 -22.74898835 -2.00000743,-13.500154 -22.7489923 10.09999257,-13.509262 -22.72578135 -2.00000743,-13.509262 -22.7257853 10.09999257,-13.519516 -22.7030613 10.09999258,-13.519516 -22.70305735 -2.00000742,-13.53089 -22.68087335 -2.00000741,-13.53089 -22.6808773 10.09999259,-13.543355 -22.6592863 10.0999926,-13.543355 -22.65928235 -2.0000074,-13.556881 -22.63833935 -2.0000074,-13.556881 -22.6383433 10.0999926,-13.571434 -22.61809635 -2.00000739,-13.571434 -22.6181003 10.09999261,-13.586978 -22.59860535 -2.00000739,-13.586978 -22.5986093 10.09999261,-13.603474 -22.57991335 -2.00000738,-13.603474 -22.5799173 10.09999262,-13.620882 -22.56206635 -2.00000737,-13.620882 -22.5620703 10.09999263,-13.639157 -22.54510835 -2.00000737,-13.639157 -22.5451123 10.09999263,-13.658255 -22.52908435 -2.00000736,-13.658255 -22.5290883 10.09999264,-13.678128 -22.51402935 -2.00000736,-13.678128 -22.5140333 10.09999264,-13.698727 -22.49998635 -2.00000735,-13.698727 -22.4999903 10.09999265,-13.72 -22.48698735 -2.00000735,-13.72 -22.4869913 10.09999265,-13.741895 -22.47506235 -2.00000734,-13.741895 -22.4750663 10.09999266,-13.764357 -22.46424635 -2.00000734,-13.764357 -22.4642503 10.09999266,-13.78733 -22.45456235 -2.00000734,-13.78733 -22.4545663 10.09999266,-13.810757 -22.44603435 -2.00000734,-13.810757 -22.4460383 10.09999266,-13.834579 -22.43868735 -2.00000733,-13.834579 -22.4386913 10.09999267,-13.85874 -22.43253435 -2.00000733,-13.85874 -22.4325383 10.09999267,-13.883176 -22.42759635 -2.00000733,-13.883176 -22.4276003 10.09999267,-13.907828 -22.42387935 -2.00000733,-13.907828 -22.4238833 10.09999267,-13.932635 -22.4214013 10.09999267,-13.932635 -22.42139735 -2.00000733,-13.957535 -22.42015435 -2.00000733,-13.957535 -22.4201583 10.09999267,-13.982466 -22.42015435 -2.00000733,-13.982466 -22.4201583 10.09999267,-14.007365 -22.42139735 -2.00000733,-14.007365 -22.4214013 10.09999267,-14.032172 -22.42387935 -2.00000733,-14.032172 -22.4238833 10.09999267,-14.056824 -22.42759635 -2.00000733,-14.056824 -22.4276003 10.09999267,-14.081261 -22.43253435 -2.00000733,-14.081261 -22.4325383 10.09999267,-14.10542 -22.4386913 10.09999267,-14.10542 -22.43868735 -2.00000733,-14.129243 -22.44603435 -2.00000734,-14.129243 -22.4460383 10.09999266,-14.152671 -22.45456235 -2.00000734,-14.152671 -22.4545663 10.09999266,-14.175644 -22.46424635 -2.00000734,-14.175644 -22.4642503 10.09999266,-14.198105 -22.47506235 -2.00000734,-14.198105 -22.4750663 10.09999266,-14.22 -22.48698735 -2.00000735,-14.22 -22.4869913 10.09999265,-14.241273 -22.4999903 10.09999265,-14.241273 -22.49998635 -2.00000735,-14.261872 -22.51402935 -2.00000736,-14.261872 -22.5140333 10.09999264,-14.281745 -22.52908435 -2.00000736,-14.281745 -22.5290883 10.09999264,-14.300843 -22.5451123 10.09999263,-14.300843 -22.54510835 -2.00000737,-14.319118 -22.56206635 -2.00000737,-14.319118 -22.5620703 10.09999263,-14.336526 -22.5799173 10.09999262,-14.336526 -22.57991335 -2.00000738,-14.353023 -22.59860535 -2.00000739,-14.353023 -22.5986093 10.09999261,-14.368567 -22.61809635 -2.00000739,-14.368567 -22.6181003 10.09999261,-14.38312 -22.63833935 -2.0000074,-14.38312 -22.6383433 10.0999926,-14.396646 -22.6592863 10.0999926,-14.396646 -22.65928235 -2.0000074,-14.409111 -22.6808773 10.09999259,-14.409111 -22.68087335 -2.00000741,-14.420485 -22.70305735 -2.00000742,-14.420485 -22.7030613 10.09999258,-14.430738 -22.72578135 -2.00000743,-14.430738 -22.7257853 10.09999257,-14.439846 -22.74898835 -2.00000743,-14.439846 -22.7489923 10.09999257,-14.447786 -22.77262235 -2.00000744,-14.447786 -22.7726263 10.09999256,-14.454538 -22.79662035 -2.00000745,-14.454538 -22.7966243 10.09999255,-14.460086 -22.82092635 -2.00000746,-14.460086 -22.8209303 10.09999254,-14.464416 -22.84547735 -2.00000747,-14.464416 -22.8454813 10.09999253,-14.467515 -22.87021535 -2.00000747,-14.467515 -22.8702193 10.09999253,-14.469378 -22.89507635 -2.00000748,-14.469378 -22.8950803 10.09999252,-14.47 -22.91999935 -2.00000749,-14.47 -22.9200033 10.09999251,-14.469378 -22.94492235 -2.0000075,-14.469378 -22.9449263 10.0999925,-14.467515 -22.96978335 -2.00000751,-14.467515 -22.9697873 10.09999249,-14.464416 -22.9945233 10.09999249,-14.464416 -22.99451935 -2.00000751,-14.460086 -23.01907235 -2.00000752,-14.460086 -23.0190763 10.09999248,-14.454538 -23.04337835 -2.00000753,-14.454538 -23.0433823 10.09999247,-14.447786 -23.06737635 -2.00000754,-14.447786 -23.0673803 10.09999246,-14.439846 -23.09100835 -2.00000755,-14.439846 -23.0910123 10.09999245,-14.430738 -23.11421735 -2.00000755,-14.430738 -23.1142213 10.09999245,-14.420485 -23.13694135 -2.00000756,-14.420485 -23.1369453 10.09999244,-14.409111 -23.1591293 10.09999243,-14.409111 -23.15912535 -2.00000757,-14.396646 -23.18071635 -2.00000758,-14.396646 -23.1807203 10.09999242,-14.38312 -23.20165935 -2.00000758,-14.38312 -23.2016633 10.09999242,-14.368567 -23.22190235 -2.00000759,-14.368567 -23.2219063 10.09999241,-14.353023 -23.24139335 -2.0000076,-14.353023 -23.2413973 10.0999924,-14.336526 -23.26008535 -2.0000076,-14.336526 -23.2600893 10.0999924,-14.319118 -23.27793235 -2.00000761,-14.319118 -23.2779363 10.09999239,-14.300843 -23.2948943 10.09999239,-14.300843 -23.29489035 -2.00000761,-14.281745 -23.31091435 -2.00000762,-14.281745 -23.3109183 10.09999238,-14.261872 -23.32596935 -2.00000762,-14.261872 -23.3259733 10.09999238,-14.241273 -23.34001335 -2.00000763,-14.241273 -23.3400173 10.09999237,-14.22 -23.35301135 -2.00000763,-14.22 -23.3530153 10.09999237,-14.198105 -23.36493635 -2.00000764,-14.198105 -23.3649403 10.09999236,-14.175644 -23.37575235 -2.00000764,-14.175644 -23.3757563 10.09999236,-14.152671 -23.3854403 10.09999236,-14.152671 -23.38543635 -2.00000764,-14.129243 -23.39396235 -2.00000765,-14.129243 -23.3939663 10.09999235,-14.10542 -23.4013153 10.09999235,-14.10542 -23.40131135 -2.00000765,-14.081261 -23.40746235 -2.00000765,-14.081261 -23.4074663 10.09999235,-14.056824 -23.41240235 -2.00000765,-14.056824 -23.4124063 10.09999235,-14.032172 -23.41612035 -2.00000765,-14.032172 -23.4161243 10.09999235,-14.007365 -23.4186053 10.09999235,-14.007365 -23.41860135 -2.00000765,-13.982466 -23.4198473 10.09999235,-13.982466 -23.41984335 -2.00000765,-13.957535 -23.41984335 -2.00000765,-13.957535 -23.4198473 10.09999235,-13.932635 -23.4186053 10.09999235,-13.932635 -23.41860135 -2.00000765,-13.907828 -23.4161243 10.09999235,-13.907828 -23.41612035 -2.00000765,-13.883176 -23.4124063 10.09999235,-13.883176 -23.41240235 -2.00000765,-13.85874 -23.40746235 -2.00000765,-13.85874 -23.4074663 10.09999235,-13.834579 -23.40131135 -2.00000765,-13.834579 -23.4013153 10.09999235,-13.810757 -23.39396235 -2.00000765,-13.810757 -23.3939663 10.09999235,-13.78733 -23.38543635 -2.00000764,-13.78733 -23.3854403 10.09999236,-13.764357 -23.3757563 10.09999236,-13.764357 -23.37575235 -2.00000764,-13.741895 -23.3649403 10.09999236,-13.741895 -23.36493635 -2.00000764,-13.72 -23.3530153 10.09999237,-13.72 -23.35301135 -2.00000763,-13.698727 -23.34001335 -2.00000763,-13.698727 -23.3400173 10.09999237,-13.678128 -23.3259733 10.09999238,-13.678128 -23.32596935 -2.00000762,-13.658255 -23.31091435 -2.00000762,-13.658255 -23.3109183 10.09999238,-13.639157 -23.29489035 -2.00000761,-13.639157 -23.2948943 10.09999239,-13.620882 -23.27793235 -2.00000761,-13.620882 -23.2779363 10.09999239,-13.603474 -23.26008535 -2.0000076,-13.603474 -23.2600893 10.0999924,-13.586978 -23.24139335 -2.0000076,-13.586978 -23.2413973 10.0999924,-13.571434 -23.22190235 -2.00000759,-13.571434 -23.2219063 10.09999241,-13.556881 -23.20165935 -2.00000758,-13.556881 -23.2016633 10.09999242,-13.543355 -23.18071635 -2.00000758,-13.543355 -23.1807203 10.09999242,-13.53089 -23.1591293 10.09999243,-13.53089 -23.15912535 -2.00000757,-13.519516 -23.13694135 -2.00000756,-13.519516 -23.1369453 10.09999244,-13.509262 -23.11421735 -2.00000755,-13.509262 -23.1142213 10.09999245,-13.500154 -23.09100835 -2.00000755,-13.500154 -23.0910123 10.09999245,-13.492213 -23.06737635 -2.00000754,-13.492213 -23.0673803 10.09999246,-13.485461 -23.04337835 -2.00000753,-13.485461 -23.0433823 10.09999247,-13.479914 -23.01907235 -2.00000752,-13.479914 -23.0190763 10.09999248,-13.475585 -22.99451935 -2.00000751,-13.475585 -22.9945233 10.09999249,-13.472485 -22.96978335 -2.00000751,-13.472485 -22.9697873 10.09999249,-13.470621 -22.94492235 -2.0000075,-13.470621 -22.9449263 10.0999925,-13.470621 -25.43507735 -2.00000831,-13.47 -25.4600023 10.09999168,-13.47 -25.45999835 -2.00000832,-13.470621 -25.4350813 10.09999169,-13.472485 -25.41021435 -2.0000083,-13.472485 -25.4102183 10.0999917,-13.475585 -25.3854823 10.0999917,-13.475585 -25.38547835 -2.0000083,-13.479914 -25.36092735 -2.00000829,-13.479914 -25.3609313 10.09999171,-13.485461 -25.3366253 10.09999172,-13.485461 -25.33662135 -2.00000828,-13.492213 -25.31262135 -2.00000827,-13.492213 -25.3126253 10.09999173,-13.500154 -25.28898935 -2.00000826,-13.500154 -25.2889933 10.09999174,-13.509262 -25.26578235 -2.00000826,-13.509262 -25.2657863 10.09999174,-13.519516 -25.2430603 10.09999175,-13.519516 -25.24305635 -2.00000825,-13.53089 -25.22087235 -2.00000824,-13.53089 -25.2208763 10.09999176,-13.543355 -25.1992853 10.09999177,-13.543355 -25.19928135 -2.00000823,-13.556881 -25.17834035 -2.00000823,-13.556881 -25.1783443 10.09999177,-13.571434 -25.15809735 -2.00000822,-13.571434 -25.1581013 10.09999178,-13.586978 -25.13860635 -2.00000822,-13.586978 -25.1386103 10.09999178,-13.603474 -25.11991235 -2.00000821,-13.603474 -25.1199163 10.09999179,-13.620882 -25.10206535 -2.0000082,-13.620882 -25.1020693 10.0999918,-13.639157 -25.08510935 -2.0000082,-13.639157 -25.0851133 10.0999918,-13.658255 -25.06908335 -2.00000819,-13.658255 -25.0690873 10.09999181,-13.678128 -25.05403035 -2.00000819,-13.678128 -25.0540343 10.09999181,-13.698727 -25.03998735 -2.00000818,-13.698727 -25.0399913 10.09999182,-13.72 -25.02698635 -2.00000818,-13.72 -25.0269903 10.09999182,-13.741895 -25.01506335 -2.00000817,-13.741895 -25.0150673 10.09999183,-13.764357 -25.00424735 -2.00000817,-13.764357 -25.0042513 10.09999183,-13.78733 -24.99456335 -2.00000817,-13.78733 -24.9945673 10.09999183,-13.810757 -24.98603535 -2.00000817,-13.810757 -24.9860393 10.09999183,-13.834579 -24.97868635 -2.00000816,-13.834579 -24.9786903 10.09999184,-13.85874 -24.97253535 -2.00000816,-13.85874 -24.9725393 10.09999184,-13.883176 -24.96759535 -2.00000816,-13.883176 -24.9675993 10.09999184,-13.907828 -24.96388035 -2.00000816,-13.907828 -24.9638843 10.09999184,-13.932635 -24.9614003 10.09999184,-13.932635 -24.96139635 -2.00000816,-13.957535 -24.96015435 -2.00000816,-13.957535 -24.9601583 10.09999184,-13.982466 -24.96015435 -2.00000816,-13.982466 -24.9601583 10.09999184,-14.007365 -24.96139635 -2.00000816,-14.007365 -24.9614003 10.09999184,-14.032172 -24.96388035 -2.00000816,-14.032172 -24.9638843 10.09999184,-14.056824 -24.96759535 -2.00000816,-14.056824 -24.9675993 10.09999184,-14.081261 -24.97253535 -2.00000816,-14.081261 -24.9725393 10.09999184,-14.10542 -24.9786903 10.09999184,-14.10542 -24.97868635 -2.00000816,-14.129243 -24.98603535 -2.00000817,-14.129243 -24.9860393 10.09999183,-14.152671 -24.99456335 -2.00000817,-14.152671 -24.9945673 10.09999183,-14.175644 -25.00424735 -2.00000817,-14.175644 -25.0042513 10.09999183,-14.198105 -25.01506335 -2.00000817,-14.198105 -25.0150673 10.09999183,-14.22 -25.02698635 -2.00000818,-14.22 -25.0269903 10.09999182,-14.241273 -25.0399913 10.09999182,-14.241273 -25.03998735 -2.00000818,-14.261872 -25.05403035 -2.00000819,-14.261872 -25.0540343 10.09999181,-14.281745 -25.06908335 -2.00000819,-14.281745 -25.0690873 10.09999181,-14.300843 -25.0851133 10.0999918,-14.300843 -25.08510935 -2.0000082,-14.319118 -25.10206535 -2.0000082,-14.319118 -25.1020693 10.0999918,-14.336526 -25.1199163 10.09999179,-14.336526 -25.11991235 -2.00000821,-14.353023 -25.13860635 -2.00000822,-14.353023 -25.1386103 10.09999178,-14.368567 -25.15809735 -2.00000822,-14.368567 -25.1581013 10.09999178,-14.38312 -25.17834035 -2.00000823,-14.38312 -25.1783443 10.09999177,-14.396646 -25.1992853 10.09999177,-14.396646 -25.19928135 -2.00000823,-14.409111 -25.2208763 10.09999176,-14.409111 -25.22087235 -2.00000824,-14.420485 -25.24305635 -2.00000825,-14.420485 -25.2430603 10.09999175,-14.430738 -25.26578235 -2.00000826,-14.430738 -25.2657863 10.09999174,-14.439846 -25.28898935 -2.00000826,-14.439846 -25.2889933 10.09999174,-14.447786 -25.31262135 -2.00000827,-14.447786 -25.3126253 10.09999173,-14.454538 -25.33662135 -2.00000828,-14.454538 -25.3366253 10.09999172,-14.460086 -25.36092735 -2.00000829,-14.460086 -25.3609313 10.09999171,-14.464416 -25.38547835 -2.0000083,-14.464416 -25.3854823 10.0999917,-14.467515 -25.41021435 -2.0000083,-14.467515 -25.4102183 10.0999917,-14.469378 -25.43507735 -2.00000831,-14.469378 -25.4350813 10.09999169,-14.47 -25.45999835 -2.00000832,-14.47 -25.4600023 10.09999168,-14.469378 -25.48492135 -2.00000833,-14.469378 -25.4849253 10.09999167,-14.467515 -25.50978435 -2.00000834,-14.467515 -25.5097883 10.09999166,-14.464416 -25.5345243 10.09999166,-14.464416 -25.53452035 -2.00000834,-14.460086 -25.55907135 -2.00000835,-14.460086 -25.5590753 10.09999165,-14.454538 -25.58337735 -2.00000836,-14.454538 -25.5833813 10.09999164,-14.447786 -25.60737735 -2.00000837,-14.447786 -25.6073813 10.09999163,-14.439846 -25.63100935 -2.00000838,-14.439846 -25.6310133 10.09999162,-14.430738 -25.65421635 -2.00000838,-14.430738 -25.6542203 10.09999162,-14.420485 -25.67694035 -2.00000839,-14.420485 -25.6769443 10.09999161,-14.409111 -25.6991303 10.0999916,-14.409111 -25.69912635 -2.0000084,-14.396646 -25.72071735 -2.00000841,-14.396646 -25.7207213 10.09999159,-14.38312 -25.74165835 -2.00000841,-14.38312 -25.7416623 10.09999159,-14.368567 -25.76190135 -2.00000842,-14.368567 -25.7619053 10.09999158,-14.353023 -25.78139235 -2.00000843,-14.353023 -25.7813963 10.09999157,-14.336526 -25.80008635 -2.00000843,-14.336526 -25.8000903 10.09999157,-14.319118 -25.81793335 -2.00000844,-14.319118 -25.8179373 10.09999156,-14.300843 -25.8348933 10.09999156,-14.300843 -25.83488935 -2.00000844,-14.281745 -25.85091535 -2.00000845,-14.281745 -25.8509193 10.09999155,-14.261872 -25.86596835 -2.00000845,-14.261872 -25.8659723 10.09999155,-14.241273 -25.88001235 -2.00000846,-14.241273 -25.8800163 10.09999154,-14.22 -25.89301235 -2.00000846,-14.22 -25.8930163 10.09999154,-14.198105 -25.90493535 -2.00000847,-14.198105 -25.9049393 10.09999153,-14.175644 -25.91575135 -2.00000847,-14.175644 -25.9157553 10.09999153,-14.152671 -25.9254393 10.09999153,-14.152671 -25.92543535 -2.00000847,-14.129243 -25.93396335 -2.00000848,-14.129243 -25.9339673 10.09999152,-14.10542 -25.9413163 10.09999152,-14.10542 -25.94131235 -2.00000848,-14.081261 -25.94746335 -2.00000848,-14.081261 -25.9474673 10.09999152,-14.056824 -25.95240335 -2.00000848,-14.056824 -25.9524073 10.09999152,-14.032172 -25.95611935 -2.00000848,-14.032172 -25.9561233 10.09999152,-14.007365 -25.9586043 10.09999152,-14.007365 -25.95860035 -2.00000848,-13.982466 -25.9598483 10.09999152,-13.982466 -25.95984435 -2.00000848,-13.957535 -25.95984435 -2.00000848,-13.957535 -25.9598483 10.09999152,-13.932635 -25.9586043 10.09999152,-13.932635 -25.95860035 -2.00000848,-13.907828 -25.9561233 10.09999152,-13.907828 -25.95611935 -2.00000848,-13.883176 -25.9524073 10.09999152,-13.883176 -25.95240335 -2.00000848,-13.85874 -25.94746335 -2.00000848,-13.85874 -25.9474673 10.09999152,-13.834579 -25.94131235 -2.00000848,-13.834579 -25.9413163 10.09999152,-13.810757 -25.93396335 -2.00000848,-13.810757 -25.9339673 10.09999152,-13.78733 -25.92543535 -2.00000847,-13.78733 -25.9254393 10.09999153,-13.764357 -25.9157553 10.09999153,-13.764357 -25.91575135 -2.00000847,-13.741895 -25.9049393 10.09999153,-13.741895 -25.90493535 -2.00000847,-13.72 -25.8930163 10.09999154,-13.72 -25.89301235 -2.00000846,-13.698727 -25.88001235 -2.00000846,-13.698727 -25.8800163 10.09999154,-13.678128 -25.8659723 10.09999155,-13.678128 -25.86596835 -2.00000845,-13.658255 -25.85091535 -2.00000845,-13.658255 -25.8509193 10.09999155,-13.639157 -25.83488935 -2.00000844,-13.639157 -25.8348933 10.09999156,-13.620882 -25.81793335 -2.00000844,-13.620882 -25.8179373 10.09999156,-13.603474 -25.80008635 -2.00000843,-13.603474 -25.8000903 10.09999157,-13.586978 -25.78139235 -2.00000843,-13.586978 -25.7813963 10.09999157,-13.571434 -25.76190135 -2.00000842,-13.571434 -25.7619053 10.09999158,-13.556881 -25.74165835 -2.00000841,-13.556881 -25.7416623 10.09999159,-13.543355 -25.72071735 -2.00000841,-13.543355 -25.7207213 10.09999159,-13.53089 -25.6991303 10.0999916,-13.53089 -25.69912635 -2.0000084,-13.519516 -25.67694035 -2.00000839,-13.519516 -25.6769443 10.09999161,-13.509262 -25.65421635 -2.00000838,-13.509262 -25.6542203 10.09999162,-13.500154 -25.63100935 -2.00000838,-13.500154 -25.6310133 10.09999162,-13.492213 -25.60737735 -2.00000837,-13.492213 -25.6073813 10.09999163,-13.485461 -25.58337735 -2.00000836,-13.485461 -25.5833813 10.09999164,-13.479914 -25.55907135 -2.00000835,-13.479914 -25.5590753 10.09999165,-13.475585 -25.53452035 -2.00000834,-13.475585 -25.5345243 10.09999166,-13.472485 -25.50978435 -2.00000834,-13.472485 -25.5097883 10.09999166,-13.470621 -25.48492135 -2.00000833,-13.470621 -25.4849253 10.09999167,-10.930621 -22.89507635 -2.00000748,-10.93 -22.9200033 10.09999251,-10.93 -22.91999935 -2.00000749,-10.930621 -22.8950803 10.09999252,-10.932485 -22.87021535 -2.00000747,-10.932485 -22.8702193 10.09999253,-10.935585 -22.8454813 10.09999253,-10.935585 -22.84547735 -2.00000747,-10.939914 -22.82092635 -2.00000746,-10.939914 -22.8209303 10.09999254,-10.945461 -22.7966243 10.09999255,-10.945461 -22.79662035 -2.00000745,-10.952213 -22.77262235 -2.00000744,-10.952213 -22.7726263 10.09999256,-10.960154 -22.74898835 -2.00000743,-10.960154 -22.7489923 10.09999257,-10.969262 -22.72578135 -2.00000743,-10.969262 -22.7257853 10.09999257,-10.979516 -22.7030613 10.09999258,-10.979516 -22.70305735 -2.00000742,-10.99089 -22.68087335 -2.00000741,-10.99089 -22.6808773 10.09999259,-11.003355 -22.6592863 10.0999926,-11.003355 -22.65928235 -2.0000074,-11.016881 -22.63833935 -2.0000074,-11.016881 -22.6383433 10.0999926,-11.031434 -22.61809635 -2.00000739,-11.031434 -22.6181003 10.09999261,-11.046978 -22.59860535 -2.00000739,-11.046978 -22.5986093 10.09999261,-11.063474 -22.57991335 -2.00000738,-11.063474 -22.5799173 10.09999262,-11.080881 -22.56206635 -2.00000737,-11.080881 -22.5620703 10.09999263,-11.099157 -22.54510835 -2.00000737,-11.099157 -22.5451123 10.09999263,-11.118255 -22.52908435 -2.00000736,-11.118255 -22.5290883 10.09999264,-11.138128 -22.51402935 -2.00000736,-11.138128 -22.5140333 10.09999264,-11.158727 -22.49998635 -2.00000735,-11.158727 -22.4999903 10.09999265,-11.18 -22.48698735 -2.00000735,-11.18 -22.4869913 10.09999265,-11.201895 -22.47506235 -2.00000734,-11.201895 -22.4750663 10.09999266,-11.224357 -22.46424635 -2.00000734,-11.224357 -22.4642503 10.09999266,-11.24733 -22.45456235 -2.00000734,-11.24733 -22.4545663 10.09999266,-11.270757 -22.44603435 -2.00000734,-11.270757 -22.4460383 10.09999266,-11.29458 -22.43868735 -2.00000733,-11.29458 -22.4386913 10.09999267,-11.31874 -22.43253435 -2.00000733,-11.31874 -22.4325383 10.09999267,-11.343176 -22.42759635 -2.00000733,-11.343176 -22.4276003 10.09999267,-11.367828 -22.42387935 -2.00000733,-11.367828 -22.4238833 10.09999267,-11.392635 -22.4214013 10.09999267,-11.392635 -22.42139735 -2.00000733,-11.417535 -22.42015435 -2.00000733,-11.417535 -22.4201583 10.09999267,-11.442466 -22.42015435 -2.00000733,-11.442466 -22.4201583 10.09999267,-11.467365 -22.42139735 -2.00000733,-11.467365 -22.4214013 10.09999267,-11.492172 -22.42387935 -2.00000733,-11.492172 -22.4238833 10.09999267,-11.516824 -22.42759635 -2.00000733,-11.516824 -22.4276003 10.09999267,-11.541261 -22.43253435 -2.00000733,-11.541261 -22.4325383 10.09999267,-11.56542 -22.4386913 10.09999267,-11.56542 -22.43868735 -2.00000733,-11.589243 -22.44603435 -2.00000734,-11.589243 -22.4460383 10.09999266,-11.612671 -22.45456235 -2.00000734,-11.612671 -22.4545663 10.09999266,-11.635644 -22.46424635 -2.00000734,-11.635644 -22.4642503 10.09999266,-11.658105 -22.47506235 -2.00000734,-11.658105 -22.4750663 10.09999266,-11.68 -22.48698735 -2.00000735,-11.68 -22.4869913 10.09999265,-11.701273 -22.4999903 10.09999265,-11.701273 -22.49998635 -2.00000735,-11.721871 -22.51402935 -2.00000736,-11.721871 -22.5140333 10.09999264,-11.741745 -22.52908435 -2.00000736,-11.741745 -22.5290883 10.09999264,-11.760843 -22.5451123 10.09999263,-11.760843 -22.54510835 -2.00000737,-11.779119 -22.56206635 -2.00000737,-11.779119 -22.5620703 10.09999263,-11.796526 -22.5799173 10.09999262,-11.796526 -22.57991335 -2.00000738,-11.813023 -22.59860535 -2.00000739,-11.813023 -22.5986093 10.09999261,-11.828567 -22.61809635 -2.00000739,-11.828567 -22.6181003 10.09999261,-11.84312 -22.63833935 -2.0000074,-11.84312 -22.6383433 10.0999926,-11.856646 -22.6592863 10.0999926,-11.856646 -22.65928235 -2.0000074,-11.869111 -22.6808773 10.09999259,-11.869111 -22.68087335 -2.00000741,-11.880485 -22.70305735 -2.00000742,-11.880485 -22.7030613 10.09999258,-11.890738 -22.72578135 -2.00000743,-11.890738 -22.7257853 10.09999257,-11.899846 -22.74898835 -2.00000743,-11.899846 -22.7489923 10.09999257,-11.907786 -22.77262235 -2.00000744,-11.907786 -22.7726263 10.09999256,-11.914538 -22.79662035 -2.00000745,-11.914538 -22.7966243 10.09999255,-11.920086 -22.82092635 -2.00000746,-11.920086 -22.8209303 10.09999254,-11.924416 -22.84547735 -2.00000747,-11.924416 -22.8454813 10.09999253,-11.927515 -22.87021535 -2.00000747,-11.927515 -22.8702193 10.09999253,-11.929379 -22.89507635 -2.00000748,-11.929379 -22.8950803 10.09999252,-11.93 -22.91999935 -2.00000749,-11.93 -22.9200033 10.09999251,-11.929379 -22.94492235 -2.0000075,-11.929379 -22.9449263 10.0999925,-11.927515 -22.96978335 -2.00000751,-11.927515 -22.9697873 10.09999249,-11.924416 -22.9945233 10.09999249,-11.924416 -22.99451935 -2.00000751,-11.920086 -23.01907235 -2.00000752,-11.920086 -23.0190763 10.09999248,-11.914538 -23.04337835 -2.00000753,-11.914538 -23.0433823 10.09999247,-11.907786 -23.06737635 -2.00000754,-11.907786 -23.0673803 10.09999246,-11.899846 -23.09100835 -2.00000755,-11.899846 -23.0910123 10.09999245,-11.890738 -23.11421735 -2.00000755,-11.890738 -23.1142213 10.09999245,-11.880485 -23.13694135 -2.00000756,-11.880485 -23.1369453 10.09999244,-11.869111 -23.1591293 10.09999243,-11.869111 -23.15912535 -2.00000757,-11.856646 -23.18071635 -2.00000758,-11.856646 -23.1807203 10.09999242,-11.84312 -23.20165935 -2.00000758,-11.84312 -23.2016633 10.09999242,-11.828567 -23.22190235 -2.00000759,-11.828567 -23.2219063 10.09999241,-11.813023 -23.24139335 -2.0000076,-11.813023 -23.2413973 10.0999924,-11.796526 -23.26008535 -2.0000076,-11.796526 -23.2600893 10.0999924,-11.779119 -23.27793235 -2.00000761,-11.779119 -23.2779363 10.09999239,-11.760843 -23.2948943 10.09999239,-11.760843 -23.29489035 -2.00000761,-11.741745 -23.31091435 -2.00000762,-11.741745 -23.3109183 10.09999238,-11.721871 -23.32596935 -2.00000762,-11.721871 -23.3259733 10.09999238,-11.701273 -23.34001335 -2.00000763,-11.701273 -23.3400173 10.09999237,-11.68 -23.35301135 -2.00000763,-11.68 -23.3530153 10.09999237,-11.658105 -23.36493635 -2.00000764,-11.658105 -23.3649403 10.09999236,-11.635644 -23.37575235 -2.00000764,-11.635644 -23.3757563 10.09999236,-11.612671 -23.3854403 10.09999236,-11.612671 -23.38543635 -2.00000764,-11.589243 -23.39396235 -2.00000765,-11.589243 -23.3939663 10.09999235,-11.56542 -23.4013153 10.09999235,-11.56542 -23.40131135 -2.00000765,-11.541261 -23.40746235 -2.00000765,-11.541261 -23.4074663 10.09999235,-11.516824 -23.41240235 -2.00000765,-11.516824 -23.4124063 10.09999235,-11.492172 -23.41612035 -2.00000765,-11.492172 -23.4161243 10.09999235,-11.467365 -23.4186053 10.09999235,-11.467365 -23.41860135 -2.00000765,-11.442466 -23.4198473 10.09999235,-11.442466 -23.41984335 -2.00000765,-11.417535 -23.41984335 -2.00000765,-11.417535 -23.4198473 10.09999235,-11.392635 -23.4186053 10.09999235,-11.392635 -23.41860135 -2.00000765,-11.367828 -23.4161243 10.09999235,-11.367828 -23.41612035 -2.00000765,-11.343176 -23.4124063 10.09999235,-11.343176 -23.41240235 -2.00000765,-11.31874 -23.40746235 -2.00000765,-11.31874 -23.4074663 10.09999235,-11.29458 -23.40131135 -2.00000765,-11.29458 -23.4013153 10.09999235,-11.270757 -23.39396235 -2.00000765,-11.270757 -23.3939663 10.09999235,-11.24733 -23.38543635 -2.00000764,-11.24733 -23.3854403 10.09999236,-11.224357 -23.3757563 10.09999236,-11.224357 -23.37575235 -2.00000764,-11.201895 -23.3649403 10.09999236,-11.201895 -23.36493635 -2.00000764,-11.18 -23.3530153 10.09999237,-11.18 -23.35301135 -2.00000763,-11.158727 -23.34001335 -2.00000763,-11.158727 -23.3400173 10.09999237,-11.138128 -23.3259733 10.09999238,-11.138128 -23.32596935 -2.00000762,-11.118255 -23.31091435 -2.00000762,-11.118255 -23.3109183 10.09999238,-11.099157 -23.29489035 -2.00000761,-11.099157 -23.2948943 10.09999239,-11.080881 -23.27793235 -2.00000761,-11.080881 -23.2779363 10.09999239,-11.063474 -23.26008535 -2.0000076,-11.063474 -23.2600893 10.0999924,-11.046978 -23.24139335 -2.0000076,-11.046978 -23.2413973 10.0999924,-11.031434 -23.22190235 -2.00000759,-11.031434 -23.2219063 10.09999241,-11.016881 -23.20165935 -2.00000758,-11.016881 -23.2016633 10.09999242,-11.003355 -23.18071635 -2.00000758,-11.003355 -23.1807203 10.09999242,-10.99089 -23.1591293 10.09999243,-10.99089 -23.15912535 -2.00000757,-10.979516 -23.13694135 -2.00000756,-10.979516 -23.1369453 10.09999244,-10.969262 -23.11421735 -2.00000755,-10.969262 -23.1142213 10.09999245,-10.960154 -23.09100835 -2.00000755,-10.960154 -23.0910123 10.09999245,-10.952213 -23.06737635 -2.00000754,-10.952213 -23.0673803 10.09999246,-10.945461 -23.04337835 -2.00000753,-10.945461 -23.0433823 10.09999247,-10.939914 -23.01907235 -2.00000752,-10.939914 -23.0190763 10.09999248,-10.935585 -22.99451935 -2.00000751,-10.935585 -22.9945233 10.09999249,-10.932485 -22.96978335 -2.00000751,-10.932485 -22.9697873 10.09999249,-10.930621 -22.94492235 -2.0000075,-10.930621 -22.9449263 10.0999925,-10.930621 -25.43507735 -2.00000831,-10.93 -25.4600023 10.09999168,-10.93 -25.45999835 -2.00000832,-10.930621 -25.4350813 10.09999169,-10.932485 -25.41021435 -2.0000083,-10.932485 -25.4102183 10.0999917,-10.935585 -25.3854823 10.0999917,-10.935585 -25.38547835 -2.0000083,-10.939914 -25.36092735 -2.00000829,-10.939914 -25.3609313 10.09999171,-10.945461 -25.3366253 10.09999172,-10.945461 -25.33662135 -2.00000828,-10.952213 -25.31262135 -2.00000827,-10.952213 -25.3126253 10.09999173,-10.960154 -25.28898935 -2.00000826,-10.960154 -25.2889933 10.09999174,-10.969262 -25.26578235 -2.00000826,-10.969262 -25.2657863 10.09999174,-10.979516 -25.2430603 10.09999175,-10.979516 -25.24305635 -2.00000825,-10.99089 -25.22087235 -2.00000824,-10.99089 -25.2208763 10.09999176,-11.003355 -25.1992853 10.09999177,-11.003355 -25.19928135 -2.00000823,-11.016881 -25.17834035 -2.00000823,-11.016881 -25.1783443 10.09999177,-11.031434 -25.15809735 -2.00000822,-11.031434 -25.1581013 10.09999178,-11.046978 -25.13860635 -2.00000822,-11.046978 -25.1386103 10.09999178,-11.063474 -25.11991235 -2.00000821,-11.063474 -25.1199163 10.09999179,-11.080881 -25.10206535 -2.0000082,-11.080881 -25.1020693 10.0999918,-11.099157 -25.08510935 -2.0000082,-11.099157 -25.0851133 10.0999918,-11.118255 -25.06908335 -2.00000819,-11.118255 -25.0690873 10.09999181,-11.138128 -25.05403035 -2.00000819,-11.138128 -25.0540343 10.09999181,-11.158727 -25.03998735 -2.00000818,-11.158727 -25.0399913 10.09999182,-11.18 -25.02698635 -2.00000818,-11.18 -25.0269903 10.09999182,-11.201895 -25.01506335 -2.00000817,-11.201895 -25.0150673 10.09999183,-11.224357 -25.00424735 -2.00000817,-11.224357 -25.0042513 10.09999183,-11.24733 -24.99456335 -2.00000817,-11.24733 -24.9945673 10.09999183,-11.270757 -24.98603535 -2.00000817,-11.270757 -24.9860393 10.09999183,-11.29458 -24.97868635 -2.00000816,-11.29458 -24.9786903 10.09999184,-11.31874 -24.97253535 -2.00000816,-11.31874 -24.9725393 10.09999184,-11.343176 -24.96759535 -2.00000816,-11.343176 -24.9675993 10.09999184,-11.367828 -24.96388035 -2.00000816,-11.367828 -24.9638843 10.09999184,-11.392635 -24.9614003 10.09999184,-11.392635 -24.96139635 -2.00000816,-11.417535 -24.96015435 -2.00000816,-11.417535 -24.9601583 10.09999184,-11.442466 -24.96015435 -2.00000816,-11.442466 -24.9601583 10.09999184,-11.467365 -24.96139635 -2.00000816,-11.467365 -24.9614003 10.09999184,-11.492172 -24.96388035 -2.00000816,-11.492172 -24.9638843 10.09999184,-11.516824 -24.96759535 -2.00000816,-11.516824 -24.9675993 10.09999184,-11.541261 -24.97253535 -2.00000816,-11.541261 -24.9725393 10.09999184,-11.56542 -24.9786903 10.09999184,-11.56542 -24.97868635 -2.00000816,-11.589243 -24.98603535 -2.00000817,-11.589243 -24.9860393 10.09999183,-11.612671 -24.99456335 -2.00000817,-11.612671 -24.9945673 10.09999183,-11.635644 -25.00424735 -2.00000817,-11.635644 -25.0042513 10.09999183,-11.658105 -25.01506335 -2.00000817,-11.658105 -25.0150673 10.09999183,-11.68 -25.02698635 -2.00000818,-11.68 -25.0269903 10.09999182,-11.701273 -25.0399913 10.09999182,-11.701273 -25.03998735 -2.00000818,-11.721871 -25.05403035 -2.00000819,-11.721871 -25.0540343 10.09999181,-11.741745 -25.06908335 -2.00000819,-11.741745 -25.0690873 10.09999181,-11.760843 -25.0851133 10.0999918,-11.760843 -25.08510935 -2.0000082,-11.779119 -25.10206535 -2.0000082,-11.779119 -25.1020693 10.0999918,-11.796526 -25.1199163 10.09999179,-11.796526 -25.11991235 -2.00000821,-11.813023 -25.13860635 -2.00000822,-11.813023 -25.1386103 10.09999178,-11.828567 -25.15809735 -2.00000822,-11.828567 -25.1581013 10.09999178,-11.84312 -25.17834035 -2.00000823,-11.84312 -25.1783443 10.09999177,-11.856646 -25.1992853 10.09999177,-11.856646 -25.19928135 -2.00000823,-11.869111 -25.2208763 10.09999176,-11.869111 -25.22087235 -2.00000824,-11.880485 -25.24305635 -2.00000825,-11.880485 -25.2430603 10.09999175,-11.890738 -25.26578235 -2.00000826,-11.890738 -25.2657863 10.09999174,-11.899846 -25.28898935 -2.00000826,-11.899846 -25.2889933 10.09999174,-11.907786 -25.31262135 -2.00000827,-11.907786 -25.3126253 10.09999173,-11.914538 -25.33662135 -2.00000828,-11.914538 -25.3366253 10.09999172,-11.920086 -25.36092735 -2.00000829,-11.920086 -25.3609313 10.09999171,-11.924416 -25.38547835 -2.0000083,-11.924416 -25.3854823 10.0999917,-11.927515 -25.41021435 -2.0000083,-11.927515 -25.4102183 10.0999917,-11.929379 -25.43507735 -2.00000831,-11.929379 -25.4350813 10.09999169,-11.93 -25.45999835 -2.00000832,-11.93 -25.4600023 10.09999168,-11.929379 -25.48492135 -2.00000833,-11.929379 -25.4849253 10.09999167,-11.927515 -25.50978435 -2.00000834,-11.927515 -25.5097883 10.09999166,-11.924416 -25.5345243 10.09999166,-11.924416 -25.53452035 -2.00000834,-11.920086 -25.55907135 -2.00000835,-11.920086 -25.5590753 10.09999165,-11.914538 -25.58337735 -2.00000836,-11.914538 -25.5833813 10.09999164,-11.907786 -25.60737735 -2.00000837,-11.907786 -25.6073813 10.09999163,-11.899846 -25.63100935 -2.00000838,-11.899846 -25.6310133 10.09999162,-11.890738 -25.65421635 -2.00000838,-11.890738 -25.6542203 10.09999162,-11.880485 -25.67694035 -2.00000839,-11.880485 -25.6769443 10.09999161,-11.869111 -25.6991303 10.0999916,-11.869111 -25.69912635 -2.0000084,-11.856646 -25.72071735 -2.00000841,-11.856646 -25.7207213 10.09999159,-11.84312 -25.74165835 -2.00000841,-11.84312 -25.7416623 10.09999159,-11.828567 -25.76190135 -2.00000842,-11.828567 -25.7619053 10.09999158,-11.813023 -25.78139235 -2.00000843,-11.813023 -25.7813963 10.09999157,-11.796526 -25.80008635 -2.00000843,-11.796526 -25.8000903 10.09999157,-11.779119 -25.81793335 -2.00000844,-11.779119 -25.8179373 10.09999156,-11.760843 -25.8348933 10.09999156,-11.760843 -25.83488935 -2.00000844,-11.741745 -25.85091535 -2.00000845,-11.741745 -25.8509193 10.09999155,-11.721871 -25.86596835 -2.00000845,-11.721871 -25.8659723 10.09999155,-11.701273 -25.88001235 -2.00000846,-11.701273 -25.8800163 10.09999154,-11.68 -25.89301235 -2.00000846,-11.68 -25.8930163 10.09999154,-11.658105 -25.90493535 -2.00000847,-11.658105 -25.9049393 10.09999153,-11.635644 -25.91575135 -2.00000847,-11.635644 -25.9157553 10.09999153,-11.612671 -25.9254393 10.09999153,-11.612671 -25.92543535 -2.00000847,-11.589243 -25.93396335 -2.00000848,-11.589243 -25.9339673 10.09999152,-11.56542 -25.9413163 10.09999152,-11.56542 -25.94131235 -2.00000848,-11.541261 -25.94746335 -2.00000848,-11.541261 -25.9474673 10.09999152,-11.516824 -25.95240335 -2.00000848,-11.516824 -25.9524073 10.09999152,-11.492172 -25.95611935 -2.00000848,-11.492172 -25.9561233 10.09999152,-11.467365 -25.9586043 10.09999152,-11.467365 -25.95860035 -2.00000848,-11.442466 -25.9598483 10.09999152,-11.442466 -25.95984435 -2.00000848,-11.417535 -25.95984435 -2.00000848,-11.417535 -25.9598483 10.09999152,-11.392635 -25.9586043 10.09999152,-11.392635 -25.95860035 -2.00000848,-11.367828 -25.9561233 10.09999152,-11.367828 -25.95611935 -2.00000848,-11.343176 -25.9524073 10.09999152,-11.343176 -25.95240335 -2.00000848,-11.31874 -25.94746335 -2.00000848,-11.31874 -25.9474673 10.09999152,-11.29458 -25.94131235 -2.00000848,-11.29458 -25.9413163 10.09999152,-11.270757 -25.93396335 -2.00000848,-11.270757 -25.9339673 10.09999152,-11.24733 -25.92543535 -2.00000847,-11.24733 -25.9254393 10.09999153,-11.224357 -25.9157553 10.09999153,-11.224357 -25.91575135 -2.00000847,-11.201895 -25.9049393 10.09999153,-11.201895 -25.90493535 -2.00000847,-11.18 -25.8930163 10.09999154,-11.18 -25.89301235 -2.00000846,-11.158727 -25.88001235 -2.00000846,-11.158727 -25.8800163 10.09999154,-11.138128 -25.8659723 10.09999155,-11.138128 -25.86596835 -2.00000845,-11.118255 -25.85091535 -2.00000845,-11.118255 -25.8509193 10.09999155,-11.099157 -25.83488935 -2.00000844,-11.099157 -25.8348933 10.09999156,-11.080881 -25.81793335 -2.00000844,-11.080881 -25.8179373 10.09999156,-11.063474 -25.80008635 -2.00000843,-11.063474 -25.8000903 10.09999157,-11.046978 -25.78139235 -2.00000843,-11.046978 -25.7813963 10.09999157,-11.031434 -25.76190135 -2.00000842,-11.031434 -25.7619053 10.09999158,-11.016881 -25.74165835 -2.00000841,-11.016881 -25.7416623 10.09999159,-11.003355 -25.72071735 -2.00000841,-11.003355 -25.7207213 10.09999159,-10.99089 -25.6991303 10.0999916,-10.99089 -25.69912635 -2.0000084,-10.979516 -25.67694035 -2.00000839,-10.979516 -25.6769443 10.09999161,-10.969262 -25.65421635 -2.00000838,-10.969262 -25.6542203 10.09999162,-10.960154 -25.63100935 -2.00000838,-10.960154 -25.6310133 10.09999162,-10.952213 -25.60737735 -2.00000837,-10.952213 -25.6073813 10.09999163,-10.945461 -25.58337735 -2.00000836,-10.945461 -25.5833813 10.09999164,-10.939914 -25.55907135 -2.00000835,-10.939914 -25.5590753 10.09999165,-10.935585 -25.53452035 -2.00000834,-10.935585 -25.5345243 10.09999166,-10.932485 -25.50978435 -2.00000834,-10.932485 -25.5097883 10.09999166,-10.930621 -25.48492135 -2.00000833,-10.930621 -25.4849253 10.09999167,-8.390621 -22.89507635 -2.00000748,-8.39 -22.9200033 10.09999251,-8.39 -22.91999935 -2.00000749,-8.390621 -22.8950803 10.09999252,-8.392485 -22.87021535 -2.00000747,-8.392485 -22.8702193 10.09999253,-8.395585 -22.8454813 10.09999253,-8.395585 -22.84547735 -2.00000747,-8.399914 -22.82092635 -2.00000746,-8.399914 -22.8209303 10.09999254,-8.405461 -22.7966243 10.09999255,-8.405461 -22.79662035 -2.00000745,-8.412213 -22.77262235 -2.00000744,-8.412213 -22.7726263 10.09999256,-8.420154 -22.74898835 -2.00000743,-8.420154 -22.7489923 10.09999257,-8.429262 -22.72578135 -2.00000743,-8.429262 -22.7257853 10.09999257,-8.439515 -22.7030613 10.09999258,-8.439515 -22.70305735 -2.00000742,-8.45089 -22.68087335 -2.00000741,-8.45089 -22.6808773 10.09999259,-8.463354 -22.6592863 10.0999926,-8.463354 -22.65928235 -2.0000074,-8.476881 -22.63833935 -2.0000074,-8.476881 -22.6383433 10.0999926,-8.491434 -22.61809635 -2.00000739,-8.491434 -22.6181003 10.09999261,-8.506978 -22.59860535 -2.00000739,-8.506978 -22.5986093 10.09999261,-8.523474 -22.57991335 -2.00000738,-8.523474 -22.5799173 10.09999262,-8.540881 -22.56206635 -2.00000737,-8.540881 -22.5620703 10.09999263,-8.559157 -22.54510835 -2.00000737,-8.559157 -22.5451123 10.09999263,-8.578255 -22.52908435 -2.00000736,-8.578255 -22.5290883 10.09999264,-8.598128 -22.51402935 -2.00000736,-8.598128 -22.5140333 10.09999264,-8.618727 -22.49998635 -2.00000735,-8.618727 -22.4999903 10.09999265,-8.64 -22.48698735 -2.00000735,-8.64 -22.4869913 10.09999265,-8.661895 -22.47506235 -2.00000734,-8.661895 -22.4750663 10.09999266,-8.684357 -22.46424635 -2.00000734,-8.684357 -22.4642503 10.09999266,-8.70733 -22.45456235 -2.00000734,-8.70733 -22.4545663 10.09999266,-8.730757 -22.44603435 -2.00000734,-8.730757 -22.4460383 10.09999266,-8.75458 -22.43868735 -2.00000733,-8.75458 -22.4386913 10.09999267,-8.77874 -22.43253435 -2.00000733,-8.77874 -22.4325383 10.09999267,-8.803176 -22.42759635 -2.00000733,-8.803176 -22.4276003 10.09999267,-8.827828 -22.42387935 -2.00000733,-8.827828 -22.4238833 10.09999267,-8.852635 -22.4214013 10.09999267,-8.852635 -22.42139735 -2.00000733,-8.877535 -22.42015435 -2.00000733,-8.877535 -22.4201583 10.09999267,-8.902466 -22.42015435 -2.00000733,-8.902466 -22.4201583 10.09999267,-8.927365 -22.42139735 -2.00000733,-8.927365 -22.4214013 10.09999267,-8.952172 -22.42387935 -2.00000733,-8.952172 -22.4238833 10.09999267,-8.976824 -22.42759635 -2.00000733,-8.976824 -22.4276003 10.09999267,-9.001261 -22.43253435 -2.00000733,-9.001261 -22.4325383 10.09999267,-9.02542 -22.4386913 10.09999267,-9.02542 -22.43868735 -2.00000733,-9.049243 -22.44603435 -2.00000734,-9.049243 -22.4460383 10.09999266,-9.072671 -22.45456235 -2.00000734,-9.072671 -22.4545663 10.09999266,-9.095644 -22.46424635 -2.00000734,-9.095644 -22.4642503 10.09999266,-9.118105 -22.47506235 -2.00000734,-9.118105 -22.4750663 10.09999266,-9.14 -22.48698735 -2.00000735,-9.14 -22.4869913 10.09999265,-9.161273 -22.4999903 10.09999265,-9.161273 -22.49998635 -2.00000735,-9.181871 -22.51402935 -2.00000736,-9.181871 -22.5140333 10.09999264,-9.201745 -22.52908435 -2.00000736,-9.201745 -22.5290883 10.09999264,-9.220843 -22.5451123 10.09999263,-9.220843 -22.54510835 -2.00000737,-9.239119 -22.56206635 -2.00000737,-9.239119 -22.5620703 10.09999263,-9.256526 -22.5799173 10.09999262,-9.256526 -22.57991335 -2.00000738,-9.273023 -22.59860535 -2.00000739,-9.273023 -22.5986093 10.09999261,-9.288567 -22.61809635 -2.00000739,-9.288567 -22.6181003 10.09999261,-9.30312 -22.63833935 -2.0000074,-9.30312 -22.6383433 10.0999926,-9.316646 -22.6592863 10.0999926,-9.316646 -22.65928235 -2.0000074,-9.329111 -22.6808773 10.09999259,-9.329111 -22.68087335 -2.00000741,-9.340485 -22.70305735 -2.00000742,-9.340485 -22.7030613 10.09999258,-9.350739 -22.72578135 -2.00000743,-9.350739 -22.7257853 10.09999257,-9.359846 -22.74898835 -2.00000743,-9.359846 -22.7489923 10.09999257,-9.367786 -22.77262235 -2.00000744,-9.367786 -22.7726263 10.09999256,-9.374538 -22.79662035 -2.00000745,-9.374538 -22.7966243 10.09999255,-9.380086 -22.82092635 -2.00000746,-9.380086 -22.8209303 10.09999254,-9.384416 -22.84547735 -2.00000747,-9.384416 -22.8454813 10.09999253,-9.387515 -22.87021535 -2.00000747,-9.387515 -22.8702193 10.09999253,-9.389379 -22.89507635 -2.00000748,-9.389379 -22.8950803 10.09999252,-9.39 -22.91999935 -2.00000749,-9.39 -22.9200033 10.09999251,-9.389379 -22.94492235 -2.0000075,-9.389379 -22.9449263 10.0999925,-9.387515 -22.96978335 -2.00000751,-9.387515 -22.9697873 10.09999249,-9.384416 -22.9945233 10.09999249,-9.384416 -22.99451935 -2.00000751,-9.380086 -23.01907235 -2.00000752,-9.380086 -23.0190763 10.09999248,-9.374538 -23.04337835 -2.00000753,-9.374538 -23.0433823 10.09999247,-9.367786 -23.06737635 -2.00000754,-9.367786 -23.0673803 10.09999246,-9.359846 -23.09100835 -2.00000755,-9.359846 -23.0910123 10.09999245,-9.350739 -23.11421735 -2.00000755,-9.350739 -23.1142213 10.09999245,-9.340485 -23.13694135 -2.00000756,-9.340485 -23.1369453 10.09999244,-9.329111 -23.1591293 10.09999243,-9.329111 -23.15912535 -2.00000757,-9.316646 -23.18071635 -2.00000758,-9.316646 -23.1807203 10.09999242,-9.30312 -23.20165935 -2.00000758,-9.30312 -23.2016633 10.09999242,-9.288567 -23.22190235 -2.00000759,-9.288567 -23.2219063 10.09999241,-9.273023 -23.24139335 -2.0000076,-9.273023 -23.2413973 10.0999924,-9.256526 -23.26008535 -2.0000076,-9.256526 -23.2600893 10.0999924,-9.239119 -23.27793235 -2.00000761,-9.239119 -23.2779363 10.09999239,-9.220843 -23.2948943 10.09999239,-9.220843 -23.29489035 -2.00000761,-9.201745 -23.31091435 -2.00000762,-9.201745 -23.3109183 10.09999238,-9.181871 -23.32596935 -2.00000762,-9.181871 -23.3259733 10.09999238,-9.161273 -23.34001335 -2.00000763,-9.161273 -23.3400173 10.09999237,-9.14 -23.35301135 -2.00000763,-9.14 -23.3530153 10.09999237,-9.118105 -23.36493635 -2.00000764,-9.118105 -23.3649403 10.09999236,-9.095644 -23.37575235 -2.00000764,-9.095644 -23.3757563 10.09999236,-9.072671 -23.3854403 10.09999236,-9.072671 -23.38543635 -2.00000764,-9.049243 -23.39396235 -2.00000765,-9.049243 -23.3939663 10.09999235,-9.02542 -23.4013153 10.09999235,-9.02542 -23.40131135 -2.00000765,-9.001261 -23.40746235 -2.00000765,-9.001261 -23.4074663 10.09999235,-8.976824 -23.41240235 -2.00000765,-8.976824 -23.4124063 10.09999235,-8.952172 -23.41612035 -2.00000765,-8.952172 -23.4161243 10.09999235,-8.927365 -23.4186053 10.09999235,-8.927365 -23.41860135 -2.00000765,-8.902466 -23.4198473 10.09999235,-8.902466 -23.41984335 -2.00000765,-8.877535 -23.41984335 -2.00000765,-8.877535 -23.4198473 10.09999235,-8.852635 -23.4186053 10.09999235,-8.852635 -23.41860135 -2.00000765,-8.827828 -23.4161243 10.09999235,-8.827828 -23.41612035 -2.00000765,-8.803176 -23.4124063 10.09999235,-8.803176 -23.41240235 -2.00000765,-8.77874 -23.40746235 -2.00000765,-8.77874 -23.4074663 10.09999235,-8.75458 -23.40131135 -2.00000765,-8.75458 -23.4013153 10.09999235,-8.730757 -23.39396235 -2.00000765,-8.730757 -23.3939663 10.09999235,-8.70733 -23.38543635 -2.00000764,-8.70733 -23.3854403 10.09999236,-8.684357 -23.3757563 10.09999236,-8.684357 -23.37575235 -2.00000764,-8.661895 -23.3649403 10.09999236,-8.661895 -23.36493635 -2.00000764,-8.64 -23.3530153 10.09999237,-8.64 -23.35301135 -2.00000763,-8.618727 -23.34001335 -2.00000763,-8.618727 -23.3400173 10.09999237,-8.598128 -23.3259733 10.09999238,-8.598128 -23.32596935 -2.00000762,-8.578255 -23.31091435 -2.00000762,-8.578255 -23.3109183 10.09999238,-8.559157 -23.29489035 -2.00000761,-8.559157 -23.2948943 10.09999239,-8.540881 -23.27793235 -2.00000761,-8.540881 -23.2779363 10.09999239,-8.523474 -23.26008535 -2.0000076,-8.523474 -23.2600893 10.0999924,-8.506978 -23.24139335 -2.0000076,-8.506978 -23.2413973 10.0999924,-8.491434 -23.22190235 -2.00000759,-8.491434 -23.2219063 10.09999241,-8.476881 -23.20165935 -2.00000758,-8.476881 -23.2016633 10.09999242,-8.463354 -23.18071635 -2.00000758,-8.463354 -23.1807203 10.09999242,-8.45089 -23.1591293 10.09999243,-8.45089 -23.15912535 -2.00000757,-8.439515 -23.13694135 -2.00000756,-8.439515 -23.1369453 10.09999244,-8.429262 -23.11421735 -2.00000755,-8.429262 -23.1142213 10.09999245,-8.420154 -23.09100835 -2.00000755,-8.420154 -23.0910123 10.09999245,-8.412213 -23.06737635 -2.00000754,-8.412213 -23.0673803 10.09999246,-8.405461 -23.04337835 -2.00000753,-8.405461 -23.0433823 10.09999247,-8.399914 -23.01907235 -2.00000752,-8.399914 -23.0190763 10.09999248,-8.395585 -22.99451935 -2.00000751,-8.395585 -22.9945233 10.09999249,-8.392485 -22.96978335 -2.00000751,-8.392485 -22.9697873 10.09999249,-8.390621 -22.94492235 -2.0000075,-8.390621 -22.9449263 10.0999925,-8.390621 -25.43507735 -2.00000831,-8.39 -25.4600023 10.09999168,-8.39 -25.45999835 -2.00000832,-8.390621 -25.4350813 10.09999169,-8.392485 -25.41021435 -2.0000083,-8.392485 -25.4102183 10.0999917,-8.395585 -25.3854823 10.0999917,-8.395585 -25.38547835 -2.0000083,-8.399914 -25.36092735 -2.00000829,-8.399914 -25.3609313 10.09999171,-8.405461 -25.3366253 10.09999172,-8.405461 -25.33662135 -2.00000828,-8.412213 -25.31262135 -2.00000827,-8.412213 -25.3126253 10.09999173,-8.420154 -25.28898935 -2.00000826,-8.420154 -25.2889933 10.09999174,-8.429262 -25.26578235 -2.00000826,-8.429262 -25.2657863 10.09999174,-8.439515 -25.2430603 10.09999175,-8.439515 -25.24305635 -2.00000825,-8.45089 -25.22087235 -2.00000824,-8.45089 -25.2208763 10.09999176,-8.463354 -25.1992853 10.09999177,-8.463354 -25.19928135 -2.00000823,-8.476881 -25.17834035 -2.00000823,-8.476881 -25.1783443 10.09999177,-8.491434 -25.15809735 -2.00000822,-8.491434 -25.1581013 10.09999178,-8.506978 -25.13860635 -2.00000822,-8.506978 -25.1386103 10.09999178,-8.523474 -25.11991235 -2.00000821,-8.523474 -25.1199163 10.09999179,-8.540881 -25.10206535 -2.0000082,-8.540881 -25.1020693 10.0999918,-8.559157 -25.08510935 -2.0000082,-8.559157 -25.0851133 10.0999918,-8.578255 -25.06908335 -2.00000819,-8.578255 -25.0690873 10.09999181,-8.598128 -25.05403035 -2.00000819,-8.598128 -25.0540343 10.09999181,-8.618727 -25.03998735 -2.00000818,-8.618727 -25.0399913 10.09999182,-8.64 -25.02698635 -2.00000818,-8.64 -25.0269903 10.09999182,-8.661895 -25.01506335 -2.00000817,-8.661895 -25.0150673 10.09999183,-8.684357 -25.00424735 -2.00000817,-8.684357 -25.0042513 10.09999183,-8.70733 -24.99456335 -2.00000817,-8.70733 -24.9945673 10.09999183,-8.730757 -24.98603535 -2.00000817,-8.730757 -24.9860393 10.09999183,-8.75458 -24.97868635 -2.00000816,-8.75458 -24.9786903 10.09999184,-8.77874 -24.97253535 -2.00000816,-8.77874 -24.9725393 10.09999184,-8.803176 -24.96759535 -2.00000816,-8.803176 -24.9675993 10.09999184,-8.827828 -24.96388035 -2.00000816,-8.827828 -24.9638843 10.09999184,-8.852635 -24.9614003 10.09999184,-8.852635 -24.96139635 -2.00000816,-8.877535 -24.96015435 -2.00000816,-8.877535 -24.9601583 10.09999184,-8.902466 -24.96015435 -2.00000816,-8.902466 -24.9601583 10.09999184,-8.927365 -24.96139635 -2.00000816,-8.927365 -24.9614003 10.09999184,-8.952172 -24.96388035 -2.00000816,-8.952172 -24.9638843 10.09999184,-8.976824 -24.96759535 -2.00000816,-8.976824 -24.9675993 10.09999184,-9.001261 -24.97253535 -2.00000816,-9.001261 -24.9725393 10.09999184,-9.02542 -24.9786903 10.09999184,-9.02542 -24.97868635 -2.00000816,-9.049243 -24.98603535 -2.00000817,-9.049243 -24.9860393 10.09999183,-9.072671 -24.99456335 -2.00000817,-9.072671 -24.9945673 10.09999183,-9.095644 -25.00424735 -2.00000817,-9.095644 -25.0042513 10.09999183,-9.118105 -25.01506335 -2.00000817,-9.118105 -25.0150673 10.09999183,-9.14 -25.02698635 -2.00000818,-9.14 -25.0269903 10.09999182,-9.161273 -25.0399913 10.09999182,-9.161273 -25.03998735 -2.00000818,-9.181871 -25.05403035 -2.00000819,-9.181871 -25.0540343 10.09999181,-9.201745 -25.06908335 -2.00000819,-9.201745 -25.0690873 10.09999181,-9.220843 -25.0851133 10.0999918,-9.220843 -25.08510935 -2.0000082,-9.239119 -25.10206535 -2.0000082,-9.239119 -25.1020693 10.0999918,-9.256526 -25.1199163 10.09999179,-9.256526 -25.11991235 -2.00000821,-9.273023 -25.13860635 -2.00000822,-9.273023 -25.1386103 10.09999178,-9.288567 -25.15809735 -2.00000822,-9.288567 -25.1581013 10.09999178,-9.30312 -25.17834035 -2.00000823,-9.30312 -25.1783443 10.09999177,-9.316646 -25.1992853 10.09999177,-9.316646 -25.19928135 -2.00000823,-9.329111 -25.2208763 10.09999176,-9.329111 -25.22087235 -2.00000824,-9.340485 -25.24305635 -2.00000825,-9.340485 -25.2430603 10.09999175,-9.350739 -25.26578235 -2.00000826,-9.350739 -25.2657863 10.09999174,-9.359846 -25.28898935 -2.00000826,-9.359846 -25.2889933 10.09999174,-9.367786 -25.31262135 -2.00000827,-9.367786 -25.3126253 10.09999173,-9.374538 -25.33662135 -2.00000828,-9.374538 -25.3366253 10.09999172,-9.380086 -25.36092735 -2.00000829,-9.380086 -25.3609313 10.09999171,-9.384416 -25.38547835 -2.0000083,-9.384416 -25.3854823 10.0999917,-9.387515 -25.41021435 -2.0000083,-9.387515 -25.4102183 10.0999917,-9.389379 -25.43507735 -2.00000831,-9.389379 -25.4350813 10.09999169,-9.39 -25.45999835 -2.00000832,-9.39 -25.4600023 10.09999168,-9.389379 -25.48492135 -2.00000833,-9.389379 -25.4849253 10.09999167,-9.387515 -25.50978435 -2.00000834,-9.387515 -25.5097883 10.09999166,-9.384416 -25.5345243 10.09999166,-9.384416 -25.53452035 -2.00000834,-9.380086 -25.55907135 -2.00000835,-9.380086 -25.5590753 10.09999165,-9.374538 -25.58337735 -2.00000836,-9.374538 -25.5833813 10.09999164,-9.367786 -25.60737735 -2.00000837,-9.367786 -25.6073813 10.09999163,-9.359846 -25.63100935 -2.00000838,-9.359846 -25.6310133 10.09999162,-9.350739 -25.65421635 -2.00000838,-9.350739 -25.6542203 10.09999162,-9.340485 -25.67694035 -2.00000839,-9.340485 -25.6769443 10.09999161,-9.329111 -25.6991303 10.0999916,-9.329111 -25.69912635 -2.0000084,-9.316646 -25.72071735 -2.00000841,-9.316646 -25.7207213 10.09999159,-9.30312 -25.74165835 -2.00000841,-9.30312 -25.7416623 10.09999159,-9.288567 -25.76190135 -2.00000842,-9.288567 -25.7619053 10.09999158,-9.273023 -25.78139235 -2.00000843,-9.273023 -25.7813963 10.09999157,-9.256526 -25.80008635 -2.00000843,-9.256526 -25.8000903 10.09999157,-9.239119 -25.81793335 -2.00000844,-9.239119 -25.8179373 10.09999156,-9.220843 -25.8348933 10.09999156,-9.220843 -25.83488935 -2.00000844,-9.201745 -25.85091535 -2.00000845,-9.201745 -25.8509193 10.09999155,-9.181871 -25.86596835 -2.00000845,-9.181871 -25.8659723 10.09999155,-9.161273 -25.88001235 -2.00000846,-9.161273 -25.8800163 10.09999154,-9.14 -25.89301235 -2.00000846,-9.14 -25.8930163 10.09999154,-9.118105 -25.90493535 -2.00000847,-9.118105 -25.9049393 10.09999153,-9.095644 -25.91575135 -2.00000847,-9.095644 -25.9157553 10.09999153,-9.072671 -25.9254393 10.09999153,-9.072671 -25.92543535 -2.00000847,-9.049243 -25.93396335 -2.00000848,-9.049243 -25.9339673 10.09999152,-9.02542 -25.9413163 10.09999152,-9.02542 -25.94131235 -2.00000848,-9.001261 -25.94746335 -2.00000848,-9.001261 -25.9474673 10.09999152,-8.976824 -25.95240335 -2.00000848,-8.976824 -25.9524073 10.09999152,-8.952172 -25.95611935 -2.00000848,-8.952172 -25.9561233 10.09999152,-8.927365 -25.9586043 10.09999152,-8.927365 -25.95860035 -2.00000848,-8.902466 -25.9598483 10.09999152,-8.902466 -25.95984435 -2.00000848,-8.877535 -25.95984435 -2.00000848,-8.877535 -25.9598483 10.09999152,-8.852635 -25.9586043 10.09999152,-8.852635 -25.95860035 -2.00000848,-8.827828 -25.9561233 10.09999152,-8.827828 -25.95611935 -2.00000848,-8.803176 -25.9524073 10.09999152,-8.803176 -25.95240335 -2.00000848,-8.77874 -25.94746335 -2.00000848,-8.77874 -25.9474673 10.09999152,-8.75458 -25.94131235 -2.00000848,-8.75458 -25.9413163 10.09999152,-8.730757 -25.93396335 -2.00000848,-8.730757 -25.9339673 10.09999152,-8.70733 -25.92543535 -2.00000847,-8.70733 -25.9254393 10.09999153,-8.684357 -25.9157553 10.09999153,-8.684357 -25.91575135 -2.00000847,-8.661895 -25.9049393 10.09999153,-8.661895 -25.90493535 -2.00000847,-8.64 -25.8930163 10.09999154,-8.64 -25.89301235 -2.00000846,-8.618727 -25.88001235 -2.00000846,-8.618727 -25.8800163 10.09999154,-8.598128 -25.8659723 10.09999155,-8.598128 -25.86596835 -2.00000845,-8.578255 -25.85091535 -2.00000845,-8.578255 -25.8509193 10.09999155,-8.559157 -25.83488935 -2.00000844,-8.559157 -25.8348933 10.09999156,-8.540881 -25.81793335 -2.00000844,-8.540881 -25.8179373 10.09999156,-8.523474 -25.80008635 -2.00000843,-8.523474 -25.8000903 10.09999157,-8.506978 -25.78139235 -2.00000843,-8.506978 -25.7813963 10.09999157,-8.491434 -25.76190135 -2.00000842,-8.491434 -25.7619053 10.09999158,-8.476881 -25.74165835 -2.00000841,-8.476881 -25.7416623 10.09999159,-8.463354 -25.72071735 -2.00000841,-8.463354 -25.7207213 10.09999159,-8.45089 -25.6991303 10.0999916,-8.45089 -25.69912635 -2.0000084,-8.439515 -25.67694035 -2.00000839,-8.439515 -25.6769443 10.09999161,-8.429262 -25.65421635 -2.00000838,-8.429262 -25.6542203 10.09999162,-8.420154 -25.63100935 -2.00000838,-8.420154 -25.6310133 10.09999162,-8.412213 -25.60737735 -2.00000837,-8.412213 -25.6073813 10.09999163,-8.405461 -25.58337735 -2.00000836,-8.405461 -25.5833813 10.09999164,-8.399914 -25.55907135 -2.00000835,-8.399914 -25.5590753 10.09999165,-8.395585 -25.53452035 -2.00000834,-8.395585 -25.5345243 10.09999166,-8.392485 -25.50978435 -2.00000834,-8.392485 -25.5097883 10.09999166,-8.390621 -25.48492135 -2.00000833,-8.390621 -25.4849253 10.09999167,-5.850622 -22.89507635 -2.00000748,-5.85 -22.9200033 10.09999251,-5.85 -22.91999935 -2.00000749,-5.850622 -22.8950803 10.09999252,-5.852485 -22.87021535 -2.00000747,-5.852485 -22.8702193 10.09999253,-5.855585 -22.8454813 10.09999253,-5.855585 -22.84547735 -2.00000747,-5.859914 -22.82092635 -2.00000746,-5.859914 -22.8209303 10.09999254,-5.865461 -22.7966243 10.09999255,-5.865461 -22.79662035 -2.00000745,-5.872213 -22.77262235 -2.00000744,-5.872213 -22.7726263 10.09999256,-5.880154 -22.74898835 -2.00000743,-5.880154 -22.7489923 10.09999257,-5.889262 -22.72578135 -2.00000743,-5.889262 -22.7257853 10.09999257,-5.899516 -22.7030613 10.09999258,-5.899516 -22.70305735 -2.00000742,-5.910889 -22.68087335 -2.00000741,-5.910889 -22.6808773 10.09999259,-5.923355 -22.6592863 10.0999926,-5.923355 -22.65928235 -2.0000074,-5.936881 -22.63833935 -2.0000074,-5.936881 -22.6383433 10.0999926,-5.951434 -22.61809635 -2.00000739,-5.951434 -22.6181003 10.09999261,-5.966978 -22.59860535 -2.00000739,-5.966978 -22.5986093 10.09999261,-5.983474 -22.57991335 -2.00000738,-5.983474 -22.5799173 10.09999262,-6.000882 -22.56206635 -2.00000737,-6.000882 -22.5620703 10.09999263,-6.019157 -22.54510835 -2.00000737,-6.019157 -22.5451123 10.09999263,-6.038255 -22.52908435 -2.00000736,-6.038255 -22.5290883 10.09999264,-6.058128 -22.51402935 -2.00000736,-6.058128 -22.5140333 10.09999264,-6.078727 -22.49998635 -2.00000735,-6.078727 -22.4999903 10.09999265,-6.1 -22.48698735 -2.00000735,-6.1 -22.4869913 10.09999265,-6.121895 -22.47506235 -2.00000734,-6.121895 -22.4750663 10.09999266,-6.144356 -22.46424635 -2.00000734,-6.144356 -22.4642503 10.09999266,-6.167329 -22.45456235 -2.00000734,-6.167329 -22.4545663 10.09999266,-6.190757 -22.44603435 -2.00000734,-6.190757 -22.4460383 10.09999266,-6.21458 -22.43868735 -2.00000733,-6.21458 -22.4386913 10.09999267,-6.238739 -22.43253435 -2.00000733,-6.238739 -22.4325383 10.09999267,-6.263176 -22.42759635 -2.00000733,-6.263176 -22.4276003 10.09999267,-6.287828 -22.42387935 -2.00000733,-6.287828 -22.4238833 10.09999267,-6.312635 -22.4214013 10.09999267,-6.312635 -22.42139735 -2.00000733,-6.337534 -22.42015435 -2.00000733,-6.337534 -22.4201583 10.09999267,-6.362465 -22.42015435 -2.00000733,-6.362465 -22.4201583 10.09999267,-6.387365 -22.42139735 -2.00000733,-6.387365 -22.4214013 10.09999267,-6.412172 -22.42387935 -2.00000733,-6.412172 -22.4238833 10.09999267,-6.436824 -22.42759635 -2.00000733,-6.436824 -22.4276003 10.09999267,-6.46126 -22.43253435 -2.00000733,-6.46126 -22.4325383 10.09999267,-6.48542 -22.4386913 10.09999267,-6.48542 -22.43868735 -2.00000733,-6.509243 -22.44603435 -2.00000734,-6.509243 -22.4460383 10.09999266,-6.53267 -22.45456235 -2.00000734,-6.53267 -22.4545663 10.09999266,-6.555644 -22.46424635 -2.00000734,-6.555644 -22.4642503 10.09999266,-6.578105 -22.47506235 -2.00000734,-6.578105 -22.4750663 10.09999266,-6.6 -22.48698735 -2.00000735,-6.6 -22.4869913 10.09999265,-6.621273 -22.4999903 10.09999265,-6.621273 -22.49998635 -2.00000735,-6.641872 -22.51402935 -2.00000736,-6.641872 -22.5140333 10.09999264,-6.661745 -22.52908435 -2.00000736,-6.661745 -22.5290883 10.09999264,-6.680843 -22.5451123 10.09999263,-6.680843 -22.54510835 -2.00000737,-6.699119 -22.56206635 -2.00000737,-6.699119 -22.5620703 10.09999263,-6.716526 -22.5799173 10.09999262,-6.716526 -22.57991335 -2.00000738,-6.733022 -22.59860535 -2.00000739,-6.733022 -22.5986093 10.09999261,-6.748566 -22.61809635 -2.00000739,-6.748566 -22.6181003 10.09999261,-6.763119 -22.63833935 -2.0000074,-6.763119 -22.6383433 10.0999926,-6.776646 -22.6592863 10.0999926,-6.776646 -22.65928235 -2.0000074,-6.789111 -22.6808773 10.09999259,-6.789111 -22.68087335 -2.00000741,-6.800485 -22.70305735 -2.00000742,-6.800485 -22.7030613 10.09999258,-6.810738 -22.72578135 -2.00000743,-6.810738 -22.7257853 10.09999257,-6.819846 -22.74898835 -2.00000743,-6.819846 -22.7489923 10.09999257,-6.827786 -22.77262235 -2.00000744,-6.827786 -22.7726263 10.09999256,-6.834538 -22.79662035 -2.00000745,-6.834538 -22.7966243 10.09999255,-6.840086 -22.82092635 -2.00000746,-6.840086 -22.8209303 10.09999254,-6.844415 -22.84547735 -2.00000747,-6.844415 -22.8454813 10.09999253,-6.847516 -22.87021535 -2.00000747,-6.847516 -22.8702193 10.09999253,-6.849379 -22.89507635 -2.00000748,-6.849379 -22.8950803 10.09999252,-6.85 -22.91999935 -2.00000749,-6.85 -22.9200033 10.09999251,-6.849379 -22.94492235 -2.0000075,-6.849379 -22.9449263 10.0999925,-6.847516 -22.96978335 -2.00000751,-6.847516 -22.9697873 10.09999249,-6.844415 -22.9945233 10.09999249,-6.844415 -22.99451935 -2.00000751,-6.840086 -23.01907235 -2.00000752,-6.840086 -23.0190763 10.09999248,-6.834538 -23.04337835 -2.00000753,-6.834538 -23.0433823 10.09999247,-6.827786 -23.06737635 -2.00000754,-6.827786 -23.0673803 10.09999246,-6.819846 -23.09100835 -2.00000755,-6.819846 -23.0910123 10.09999245,-6.810738 -23.11421735 -2.00000755,-6.810738 -23.1142213 10.09999245,-6.800485 -23.13694135 -2.00000756,-6.800485 -23.1369453 10.09999244,-6.789111 -23.1591293 10.09999243,-6.789111 -23.15912535 -2.00000757,-6.776646 -23.18071635 -2.00000758,-6.776646 -23.1807203 10.09999242,-6.763119 -23.20165935 -2.00000758,-6.763119 -23.2016633 10.09999242,-6.748566 -23.22190235 -2.00000759,-6.748566 -23.2219063 10.09999241,-6.733022 -23.24139335 -2.0000076,-6.733022 -23.2413973 10.0999924,-6.716526 -23.26008535 -2.0000076,-6.716526 -23.2600893 10.0999924,-6.699119 -23.27793235 -2.00000761,-6.699119 -23.2779363 10.09999239,-6.680843 -23.2948943 10.09999239,-6.680843 -23.29489035 -2.00000761,-6.661745 -23.31091435 -2.00000762,-6.661745 -23.3109183 10.09999238,-6.641872 -23.32596935 -2.00000762,-6.641872 -23.3259733 10.09999238,-6.621273 -23.34001335 -2.00000763,-6.621273 -23.3400173 10.09999237,-6.6 -23.35301135 -2.00000763,-6.6 -23.3530153 10.09999237,-6.578105 -23.36493635 -2.00000764,-6.578105 -23.3649403 10.09999236,-6.555644 -23.37575235 -2.00000764,-6.555644 -23.3757563 10.09999236,-6.53267 -23.3854403 10.09999236,-6.53267 -23.38543635 -2.00000764,-6.509243 -23.39396235 -2.00000765,-6.509243 -23.3939663 10.09999235,-6.48542 -23.4013153 10.09999235,-6.48542 -23.40131135 -2.00000765,-6.46126 -23.40746235 -2.00000765,-6.46126 -23.4074663 10.09999235,-6.436824 -23.41240235 -2.00000765,-6.436824 -23.4124063 10.09999235,-6.412172 -23.41612035 -2.00000765,-6.412172 -23.4161243 10.09999235,-6.387365 -23.4186053 10.09999235,-6.387365 -23.41860135 -2.00000765,-6.362465 -23.4198473 10.09999235,-6.362465 -23.41984335 -2.00000765,-6.337534 -23.41984335 -2.00000765,-6.337534 -23.4198473 10.09999235,-6.312635 -23.4186053 10.09999235,-6.312635 -23.41860135 -2.00000765,-6.287828 -23.4161243 10.09999235,-6.287828 -23.41612035 -2.00000765,-6.263176 -23.4124063 10.09999235,-6.263176 -23.41240235 -2.00000765,-6.238739 -23.40746235 -2.00000765,-6.238739 -23.4074663 10.09999235,-6.21458 -23.40131135 -2.00000765,-6.21458 -23.4013153 10.09999235,-6.190757 -23.39396235 -2.00000765,-6.190757 -23.3939663 10.09999235,-6.167329 -23.38543635 -2.00000764,-6.167329 -23.3854403 10.09999236,-6.144356 -23.3757563 10.09999236,-6.144356 -23.37575235 -2.00000764,-6.121895 -23.3649403 10.09999236,-6.121895 -23.36493635 -2.00000764,-6.1 -23.3530153 10.09999237,-6.1 -23.35301135 -2.00000763,-6.078727 -23.34001335 -2.00000763,-6.078727 -23.3400173 10.09999237,-6.058128 -23.3259733 10.09999238,-6.058128 -23.32596935 -2.00000762,-6.038255 -23.31091435 -2.00000762,-6.038255 -23.3109183 10.09999238,-6.019157 -23.29489035 -2.00000761,-6.019157 -23.2948943 10.09999239,-6.000882 -23.27793235 -2.00000761,-6.000882 -23.2779363 10.09999239,-5.983474 -23.26008535 -2.0000076,-5.983474 -23.2600893 10.0999924,-5.966978 -23.24139335 -2.0000076,-5.966978 -23.2413973 10.0999924,-5.951434 -23.22190235 -2.00000759,-5.951434 -23.2219063 10.09999241,-5.936881 -23.20165935 -2.00000758,-5.936881 -23.2016633 10.09999242,-5.923355 -23.18071635 -2.00000758,-5.923355 -23.1807203 10.09999242,-5.910889 -23.1591293 10.09999243,-5.910889 -23.15912535 -2.00000757,-5.899516 -23.13694135 -2.00000756,-5.899516 -23.1369453 10.09999244,-5.889262 -23.11421735 -2.00000755,-5.889262 -23.1142213 10.09999245,-5.880154 -23.09100835 -2.00000755,-5.880154 -23.0910123 10.09999245,-5.872213 -23.06737635 -2.00000754,-5.872213 -23.0673803 10.09999246,-5.865461 -23.04337835 -2.00000753,-5.865461 -23.0433823 10.09999247,-5.859914 -23.01907235 -2.00000752,-5.859914 -23.0190763 10.09999248,-5.855585 -22.99451935 -2.00000751,-5.855585 -22.9945233 10.09999249,-5.852485 -22.96978335 -2.00000751,-5.852485 -22.9697873 10.09999249,-5.850622 -22.94492235 -2.0000075,-5.850622 -22.9449263 10.0999925,-5.850622 -25.43507735 -2.00000831,-5.85 -25.4600023 10.09999168,-5.85 -25.45999835 -2.00000832,-5.850622 -25.4350813 10.09999169,-5.852485 -25.41021435 -2.0000083,-5.852485 -25.4102183 10.0999917,-5.855585 -25.3854823 10.0999917,-5.855585 -25.38547835 -2.0000083,-5.859914 -25.36092735 -2.00000829,-5.859914 -25.3609313 10.09999171,-5.865461 -25.3366253 10.09999172,-5.865461 -25.33662135 -2.00000828,-5.872213 -25.31262135 -2.00000827,-5.872213 -25.3126253 10.09999173,-5.880154 -25.28898935 -2.00000826,-5.880154 -25.2889933 10.09999174,-5.889262 -25.26578235 -2.00000826,-5.889262 -25.2657863 10.09999174,-5.899516 -25.2430603 10.09999175,-5.899516 -25.24305635 -2.00000825,-5.910889 -25.22087235 -2.00000824,-5.910889 -25.2208763 10.09999176,-5.923355 -25.1992853 10.09999177,-5.923355 -25.19928135 -2.00000823,-5.936881 -25.17834035 -2.00000823,-5.936881 -25.1783443 10.09999177,-5.951434 -25.15809735 -2.00000822,-5.951434 -25.1581013 10.09999178,-5.966978 -25.13860635 -2.00000822,-5.966978 -25.1386103 10.09999178,-5.983474 -25.11991235 -2.00000821,-5.983474 -25.1199163 10.09999179,-6.000882 -25.10206535 -2.0000082,-6.000882 -25.1020693 10.0999918,-6.019157 -25.08510935 -2.0000082,-6.019157 -25.0851133 10.0999918,-6.038255 -25.06908335 -2.00000819,-6.038255 -25.0690873 10.09999181,-6.058128 -25.05403035 -2.00000819,-6.058128 -25.0540343 10.09999181,-6.078727 -25.03998735 -2.00000818,-6.078727 -25.0399913 10.09999182,-6.1 -25.02698635 -2.00000818,-6.1 -25.0269903 10.09999182,-6.121895 -25.01506335 -2.00000817,-6.121895 -25.0150673 10.09999183,-6.144356 -25.00424735 -2.00000817,-6.144356 -25.0042513 10.09999183,-6.167329 -24.99456335 -2.00000817,-6.167329 -24.9945673 10.09999183,-6.190757 -24.98603535 -2.00000817,-6.190757 -24.9860393 10.09999183,-6.21458 -24.97868635 -2.00000816,-6.21458 -24.9786903 10.09999184,-6.238739 -24.97253535 -2.00000816,-6.238739 -24.9725393 10.09999184,-6.263176 -24.96759535 -2.00000816,-6.263176 -24.9675993 10.09999184,-6.287828 -24.96388035 -2.00000816,-6.287828 -24.9638843 10.09999184,-6.312635 -24.9614003 10.09999184,-6.312635 -24.96139635 -2.00000816,-6.337534 -24.96015435 -2.00000816,-6.337534 -24.9601583 10.09999184,-6.362465 -24.96015435 -2.00000816,-6.362465 -24.9601583 10.09999184,-6.387365 -24.96139635 -2.00000816,-6.387365 -24.9614003 10.09999184,-6.412172 -24.96388035 -2.00000816,-6.412172 -24.9638843 10.09999184,-6.436824 -24.96759535 -2.00000816,-6.436824 -24.9675993 10.09999184,-6.46126 -24.97253535 -2.00000816,-6.46126 -24.9725393 10.09999184,-6.48542 -24.9786903 10.09999184,-6.48542 -24.97868635 -2.00000816,-6.509243 -24.98603535 -2.00000817,-6.509243 -24.9860393 10.09999183,-6.53267 -24.99456335 -2.00000817,-6.53267 -24.9945673 10.09999183,-6.555644 -25.00424735 -2.00000817,-6.555644 -25.0042513 10.09999183,-6.578105 -25.01506335 -2.00000817,-6.578105 -25.0150673 10.09999183,-6.6 -25.02698635 -2.00000818,-6.6 -25.0269903 10.09999182,-6.621273 -25.0399913 10.09999182,-6.621273 -25.03998735 -2.00000818,-6.641872 -25.05403035 -2.00000819,-6.641872 -25.0540343 10.09999181,-6.661745 -25.06908335 -2.00000819,-6.661745 -25.0690873 10.09999181,-6.680843 -25.0851133 10.0999918,-6.680843 -25.08510935 -2.0000082,-6.699119 -25.10206535 -2.0000082,-6.699119 -25.1020693 10.0999918,-6.716526 -25.1199163 10.09999179,-6.716526 -25.11991235 -2.00000821,-6.733022 -25.13860635 -2.00000822,-6.733022 -25.1386103 10.09999178,-6.748566 -25.15809735 -2.00000822,-6.748566 -25.1581013 10.09999178,-6.763119 -25.17834035 -2.00000823,-6.763119 -25.1783443 10.09999177,-6.776646 -25.1992853 10.09999177,-6.776646 -25.19928135 -2.00000823,-6.789111 -25.2208763 10.09999176,-6.789111 -25.22087235 -2.00000824,-6.800485 -25.24305635 -2.00000825,-6.800485 -25.2430603 10.09999175,-6.810738 -25.26578235 -2.00000826,-6.810738 -25.2657863 10.09999174,-6.819846 -25.28898935 -2.00000826,-6.819846 -25.2889933 10.09999174,-6.827786 -25.31262135 -2.00000827,-6.827786 -25.3126253 10.09999173,-6.834538 -25.33662135 -2.00000828,-6.834538 -25.3366253 10.09999172,-6.840086 -25.36092735 -2.00000829,-6.840086 -25.3609313 10.09999171,-6.844415 -25.38547835 -2.0000083,-6.844415 -25.3854823 10.0999917,-6.847516 -25.41021435 -2.0000083,-6.847516 -25.4102183 10.0999917,-6.849379 -25.43507735 -2.00000831,-6.849379 -25.4350813 10.09999169,-6.85 -25.45999835 -2.00000832,-6.85 -25.4600023 10.09999168,-6.849379 -25.48492135 -2.00000833,-6.849379 -25.4849253 10.09999167,-6.847516 -25.50978435 -2.00000834,-6.847516 -25.5097883 10.09999166,-6.844415 -25.5345243 10.09999166,-6.844415 -25.53452035 -2.00000834,-6.840086 -25.55907135 -2.00000835,-6.840086 -25.5590753 10.09999165,-6.834538 -25.58337735 -2.00000836,-6.834538 -25.5833813 10.09999164,-6.827786 -25.60737735 -2.00000837,-6.827786 -25.6073813 10.09999163,-6.819846 -25.63100935 -2.00000838,-6.819846 -25.6310133 10.09999162,-6.810738 -25.65421635 -2.00000838,-6.810738 -25.6542203 10.09999162,-6.800485 -25.67694035 -2.00000839,-6.800485 -25.6769443 10.09999161,-6.789111 -25.6991303 10.0999916,-6.789111 -25.69912635 -2.0000084,-6.776646 -25.72071735 -2.00000841,-6.776646 -25.7207213 10.09999159,-6.763119 -25.74165835 -2.00000841,-6.763119 -25.7416623 10.09999159,-6.748566 -25.76190135 -2.00000842,-6.748566 -25.7619053 10.09999158,-6.733022 -25.78139235 -2.00000843,-6.733022 -25.7813963 10.09999157,-6.716526 -25.80008635 -2.00000843,-6.716526 -25.8000903 10.09999157,-6.699119 -25.81793335 -2.00000844,-6.699119 -25.8179373 10.09999156,-6.680843 -25.8348933 10.09999156,-6.680843 -25.83488935 -2.00000844,-6.661745 -25.85091535 -2.00000845,-6.661745 -25.8509193 10.09999155,-6.641872 -25.86596835 -2.00000845,-6.641872 -25.8659723 10.09999155,-6.621273 -25.88001235 -2.00000846,-6.621273 -25.8800163 10.09999154,-6.6 -25.89301235 -2.00000846,-6.6 -25.8930163 10.09999154,-6.578105 -25.90493535 -2.00000847,-6.578105 -25.9049393 10.09999153,-6.555644 -25.91575135 -2.00000847,-6.555644 -25.9157553 10.09999153,-6.53267 -25.9254393 10.09999153,-6.53267 -25.92543535 -2.00000847,-6.509243 -25.93396335 -2.00000848,-6.509243 -25.9339673 10.09999152,-6.48542 -25.9413163 10.09999152,-6.48542 -25.94131235 -2.00000848,-6.46126 -25.94746335 -2.00000848,-6.46126 -25.9474673 10.09999152,-6.436824 -25.95240335 -2.00000848,-6.436824 -25.9524073 10.09999152,-6.412172 -25.95611935 -2.00000848,-6.412172 -25.9561233 10.09999152,-6.387365 -25.9586043 10.09999152,-6.387365 -25.95860035 -2.00000848,-6.362465 -25.9598483 10.09999152,-6.362465 -25.95984435 -2.00000848,-6.337534 -25.95984435 -2.00000848,-6.337534 -25.9598483 10.09999152,-6.312635 -25.9586043 10.09999152,-6.312635 -25.95860035 -2.00000848,-6.287828 -25.9561233 10.09999152,-6.287828 -25.95611935 -2.00000848,-6.263176 -25.9524073 10.09999152,-6.263176 -25.95240335 -2.00000848,-6.238739 -25.94746335 -2.00000848,-6.238739 -25.9474673 10.09999152,-6.21458 -25.94131235 -2.00000848,-6.21458 -25.9413163 10.09999152,-6.190757 -25.93396335 -2.00000848,-6.190757 -25.9339673 10.09999152,-6.167329 -25.92543535 -2.00000847,-6.167329 -25.9254393 10.09999153,-6.144356 -25.9157553 10.09999153,-6.144356 -25.91575135 -2.00000847,-6.121895 -25.9049393 10.09999153,-6.121895 -25.90493535 -2.00000847,-6.1 -25.8930163 10.09999154,-6.1 -25.89301235 -2.00000846,-6.078727 -25.88001235 -2.00000846,-6.078727 -25.8800163 10.09999154,-6.058128 -25.8659723 10.09999155,-6.058128 -25.86596835 -2.00000845,-6.038255 -25.85091535 -2.00000845,-6.038255 -25.8509193 10.09999155,-6.019157 -25.83488935 -2.00000844,-6.019157 -25.8348933 10.09999156,-6.000882 -25.81793335 -2.00000844,-6.000882 -25.8179373 10.09999156,-5.983474 -25.80008635 -2.00000843,-5.983474 -25.8000903 10.09999157,-5.966978 -25.78139235 -2.00000843,-5.966978 -25.7813963 10.09999157,-5.951434 -25.76190135 -2.00000842,-5.951434 -25.7619053 10.09999158,-5.936881 -25.74165835 -2.00000841,-5.936881 -25.7416623 10.09999159,-5.923355 -25.72071735 -2.00000841,-5.923355 -25.7207213 10.09999159,-5.910889 -25.6991303 10.0999916,-5.910889 -25.69912635 -2.0000084,-5.899516 -25.67694035 -2.00000839,-5.899516 -25.6769443 10.09999161,-5.889262 -25.65421635 -2.00000838,-5.889262 -25.6542203 10.09999162,-5.880154 -25.63100935 -2.00000838,-5.880154 -25.6310133 10.09999162,-5.872213 -25.60737735 -2.00000837,-5.872213 -25.6073813 10.09999163,-5.865461 -25.58337735 -2.00000836,-5.865461 -25.5833813 10.09999164,-5.859914 -25.55907135 -2.00000835,-5.859914 -25.5590753 10.09999165,-5.855585 -25.53452035 -2.00000834,-5.855585 -25.5345243 10.09999166,-5.852485 -25.50978435 -2.00000834,-5.852485 -25.5097883 10.09999166,-5.850622 -25.48492135 -2.00000833,-5.850622 -25.4849253 10.09999167,-3.310622 -22.89507635 -2.00000748,-3.31 -22.9200033 10.09999251,-3.31 -22.91999935 -2.00000749,-3.310622 -22.8950803 10.09999252,-3.312485 -22.87021535 -2.00000747,-3.312485 -22.8702193 10.09999253,-3.315585 -22.8454813 10.09999253,-3.315585 -22.84547735 -2.00000747,-3.319914 -22.82092635 -2.00000746,-3.319914 -22.8209303 10.09999254,-3.325461 -22.7966243 10.09999255,-3.325461 -22.79662035 -2.00000745,-3.332214 -22.77262235 -2.00000744,-3.332214 -22.7726263 10.09999256,-3.340154 -22.74898835 -2.00000743,-3.340154 -22.7489923 10.09999257,-3.349262 -22.72578135 -2.00000743,-3.349262 -22.7257853 10.09999257,-3.359516 -22.7030613 10.09999258,-3.359516 -22.70305735 -2.00000742,-3.370889 -22.68087335 -2.00000741,-3.370889 -22.6808773 10.09999259,-3.383355 -22.6592863 10.0999926,-3.383355 -22.65928235 -2.0000074,-3.396881 -22.63833935 -2.0000074,-3.396881 -22.6383433 10.0999926,-3.411434 -22.61809635 -2.00000739,-3.411434 -22.6181003 10.09999261,-3.426978 -22.59860535 -2.00000739,-3.426978 -22.5986093 10.09999261,-3.443474 -22.57991335 -2.00000738,-3.443474 -22.5799173 10.09999262,-3.460882 -22.56206635 -2.00000737,-3.460882 -22.5620703 10.09999263,-3.479157 -22.54510835 -2.00000737,-3.479157 -22.5451123 10.09999263,-3.498255 -22.52908435 -2.00000736,-3.498255 -22.5290883 10.09999264,-3.518128 -22.51402935 -2.00000736,-3.518128 -22.5140333 10.09999264,-3.538727 -22.49998635 -2.00000735,-3.538727 -22.4999903 10.09999265,-3.56 -22.48698735 -2.00000735,-3.56 -22.4869913 10.09999265,-3.581895 -22.47506235 -2.00000734,-3.581895 -22.4750663 10.09999266,-3.604357 -22.46424635 -2.00000734,-3.604357 -22.4642503 10.09999266,-3.62733 -22.45456235 -2.00000734,-3.62733 -22.4545663 10.09999266,-3.650757 -22.44603435 -2.00000734,-3.650757 -22.4460383 10.09999266,-3.67458 -22.43868735 -2.00000733,-3.67458 -22.4386913 10.09999267,-3.69874 -22.43253435 -2.00000733,-3.69874 -22.4325383 10.09999267,-3.723176 -22.42759635 -2.00000733,-3.723176 -22.4276003 10.09999267,-3.747828 -22.42387935 -2.00000733,-3.747828 -22.4238833 10.09999267,-3.772635 -22.4214013 10.09999267,-3.772635 -22.42139735 -2.00000733,-3.797535 -22.42015435 -2.00000733,-3.797535 -22.4201583 10.09999267,-3.822465 -22.42015435 -2.00000733,-3.822465 -22.4201583 10.09999267,-3.847365 -22.42139735 -2.00000733,-3.847365 -22.4214013 10.09999267,-3.872172 -22.42387935 -2.00000733,-3.872172 -22.4238833 10.09999267,-3.896824 -22.42759635 -2.00000733,-3.896824 -22.4276003 10.09999267,-3.92126 -22.43253435 -2.00000733,-3.92126 -22.4325383 10.09999267,-3.94542 -22.4386913 10.09999267,-3.94542 -22.43868735 -2.00000733,-3.969243 -22.44603435 -2.00000734,-3.969243 -22.4460383 10.09999266,-3.992671 -22.45456235 -2.00000734,-3.992671 -22.4545663 10.09999266,-4.015644 -22.46424635 -2.00000734,-4.015644 -22.4642503 10.09999266,-4.038105 -22.47506235 -2.00000734,-4.038105 -22.4750663 10.09999266,-4.06 -22.48698735 -2.00000735,-4.06 -22.4869913 10.09999265,-4.081273 -22.4999903 10.09999265,-4.081273 -22.49998635 -2.00000735,-4.101872 -22.51402935 -2.00000736,-4.101872 -22.5140333 10.09999264,-4.121745 -22.52908435 -2.00000736,-4.121745 -22.5290883 10.09999264,-4.140843 -22.5451123 10.09999263,-4.140843 -22.54510835 -2.00000737,-4.159118 -22.56206635 -2.00000737,-4.159118 -22.5620703 10.09999263,-4.176526 -22.5799173 10.09999262,-4.176526 -22.57991335 -2.00000738,-4.193022 -22.59860535 -2.00000739,-4.193022 -22.5986093 10.09999261,-4.208566 -22.61809635 -2.00000739,-4.208566 -22.6181003 10.09999261,-4.223119 -22.63833935 -2.0000074,-4.223119 -22.6383433 10.0999926,-4.236645 -22.6592863 10.0999926,-4.236645 -22.65928235 -2.0000074,-4.249111 -22.6808773 10.09999259,-4.249111 -22.68087335 -2.00000741,-4.260484 -22.70305735 -2.00000742,-4.260484 -22.7030613 10.09999258,-4.270738 -22.72578135 -2.00000743,-4.270738 -22.7257853 10.09999257,-4.279846 -22.74898835 -2.00000743,-4.279846 -22.7489923 10.09999257,-4.287786 -22.77262235 -2.00000744,-4.287786 -22.7726263 10.09999256,-4.294538 -22.79662035 -2.00000745,-4.294538 -22.7966243 10.09999255,-4.300086 -22.82092635 -2.00000746,-4.300086 -22.8209303 10.09999254,-4.304415 -22.84547735 -2.00000747,-4.304415 -22.8454813 10.09999253,-4.307516 -22.87021535 -2.00000747,-4.307516 -22.8702193 10.09999253,-4.309379 -22.89507635 -2.00000748,-4.309379 -22.8950803 10.09999252,-4.31 -22.91999935 -2.00000749,-4.31 -22.9200033 10.09999251,-4.309379 -22.94492235 -2.0000075,-4.309379 -22.9449263 10.0999925,-4.307516 -22.96978335 -2.00000751,-4.307516 -22.9697873 10.09999249,-4.304415 -22.9945233 10.09999249,-4.304415 -22.99451935 -2.00000751,-4.300086 -23.01907235 -2.00000752,-4.300086 -23.0190763 10.09999248,-4.294538 -23.04337835 -2.00000753,-4.294538 -23.0433823 10.09999247,-4.287786 -23.06737635 -2.00000754,-4.287786 -23.0673803 10.09999246,-4.279846 -23.09100835 -2.00000755,-4.279846 -23.0910123 10.09999245,-4.270738 -23.11421735 -2.00000755,-4.270738 -23.1142213 10.09999245,-4.260484 -23.13694135 -2.00000756,-4.260484 -23.1369453 10.09999244,-4.249111 -23.1591293 10.09999243,-4.249111 -23.15912535 -2.00000757,-4.236645 -23.18071635 -2.00000758,-4.236645 -23.1807203 10.09999242,-4.223119 -23.20165935 -2.00000758,-4.223119 -23.2016633 10.09999242,-4.208566 -23.22190235 -2.00000759,-4.208566 -23.2219063 10.09999241,-4.193022 -23.24139335 -2.0000076,-4.193022 -23.2413973 10.0999924,-4.176526 -23.26008535 -2.0000076,-4.176526 -23.2600893 10.0999924,-4.159118 -23.27793235 -2.00000761,-4.159118 -23.2779363 10.09999239,-4.140843 -23.2948943 10.09999239,-4.140843 -23.29489035 -2.00000761,-4.121745 -23.31091435 -2.00000762,-4.121745 -23.3109183 10.09999238,-4.101872 -23.32596935 -2.00000762,-4.101872 -23.3259733 10.09999238,-4.081273 -23.34001335 -2.00000763,-4.081273 -23.3400173 10.09999237,-4.06 -23.35301135 -2.00000763,-4.06 -23.3530153 10.09999237,-4.038105 -23.36493635 -2.00000764,-4.038105 -23.3649403 10.09999236,-4.015644 -23.37575235 -2.00000764,-4.015644 -23.3757563 10.09999236,-3.992671 -23.3854403 10.09999236,-3.992671 -23.38543635 -2.00000764,-3.969243 -23.39396235 -2.00000765,-3.969243 -23.3939663 10.09999235,-3.94542 -23.4013153 10.09999235,-3.94542 -23.40131135 -2.00000765,-3.92126 -23.40746235 -2.00000765,-3.92126 -23.4074663 10.09999235,-3.896824 -23.41240235 -2.00000765,-3.896824 -23.4124063 10.09999235,-3.872172 -23.41612035 -2.00000765,-3.872172 -23.4161243 10.09999235,-3.847365 -23.4186053 10.09999235,-3.847365 -23.41860135 -2.00000765,-3.822465 -23.4198473 10.09999235,-3.822465 -23.41984335 -2.00000765,-3.797535 -23.41984335 -2.00000765,-3.797535 -23.4198473 10.09999235,-3.772635 -23.4186053 10.09999235,-3.772635 -23.41860135 -2.00000765,-3.747828 -23.4161243 10.09999235,-3.747828 -23.41612035 -2.00000765,-3.723176 -23.4124063 10.09999235,-3.723176 -23.41240235 -2.00000765,-3.69874 -23.40746235 -2.00000765,-3.69874 -23.4074663 10.09999235,-3.67458 -23.40131135 -2.00000765,-3.67458 -23.4013153 10.09999235,-3.650757 -23.39396235 -2.00000765,-3.650757 -23.3939663 10.09999235,-3.62733 -23.38543635 -2.00000764,-3.62733 -23.3854403 10.09999236,-3.604357 -23.3757563 10.09999236,-3.604357 -23.37575235 -2.00000764,-3.581895 -23.3649403 10.09999236,-3.581895 -23.36493635 -2.00000764,-3.56 -23.3530153 10.09999237,-3.56 -23.35301135 -2.00000763,-3.538727 -23.34001335 -2.00000763,-3.538727 -23.3400173 10.09999237,-3.518128 -23.3259733 10.09999238,-3.518128 -23.32596935 -2.00000762,-3.498255 -23.31091435 -2.00000762,-3.498255 -23.3109183 10.09999238,-3.479157 -23.29489035 -2.00000761,-3.479157 -23.2948943 10.09999239,-3.460882 -23.27793235 -2.00000761,-3.460882 -23.2779363 10.09999239,-3.443474 -23.26008535 -2.0000076,-3.443474 -23.2600893 10.0999924,-3.426978 -23.24139335 -2.0000076,-3.426978 -23.2413973 10.0999924,-3.411434 -23.22190235 -2.00000759,-3.411434 -23.2219063 10.09999241,-3.396881 -23.20165935 -2.00000758,-3.396881 -23.2016633 10.09999242,-3.383355 -23.18071635 -2.00000758,-3.383355 -23.1807203 10.09999242,-3.370889 -23.1591293 10.09999243,-3.370889 -23.15912535 -2.00000757,-3.359516 -23.13694135 -2.00000756,-3.359516 -23.1369453 10.09999244,-3.349262 -23.11421735 -2.00000755,-3.349262 -23.1142213 10.09999245,-3.340154 -23.09100835 -2.00000755,-3.340154 -23.0910123 10.09999245,-3.332214 -23.06737635 -2.00000754,-3.332214 -23.0673803 10.09999246,-3.325461 -23.04337835 -2.00000753,-3.325461 -23.0433823 10.09999247,-3.319914 -23.01907235 -2.00000752,-3.319914 -23.0190763 10.09999248,-3.315585 -22.99451935 -2.00000751,-3.315585 -22.9945233 10.09999249,-3.312485 -22.96978335 -2.00000751,-3.312485 -22.9697873 10.09999249,-3.310622 -22.94492235 -2.0000075,-3.310622 -22.9449263 10.0999925,-3.310622 -25.43507735 -2.00000831,-3.31 -25.4600023 10.09999168,-3.31 -25.45999835 -2.00000832,-3.310622 -25.4350813 10.09999169,-3.312485 -25.41021435 -2.0000083,-3.312485 -25.4102183 10.0999917,-3.315585 -25.3854823 10.0999917,-3.315585 -25.38547835 -2.0000083,-3.319914 -25.36092735 -2.00000829,-3.319914 -25.3609313 10.09999171,-3.325461 -25.3366253 10.09999172,-3.325461 -25.33662135 -2.00000828,-3.332214 -25.31262135 -2.00000827,-3.332214 -25.3126253 10.09999173,-3.340154 -25.28898935 -2.00000826,-3.340154 -25.2889933 10.09999174,-3.349262 -25.26578235 -2.00000826,-3.349262 -25.2657863 10.09999174,-3.359516 -25.2430603 10.09999175,-3.359516 -25.24305635 -2.00000825,-3.370889 -25.22087235 -2.00000824,-3.370889 -25.2208763 10.09999176,-3.383355 -25.1992853 10.09999177,-3.383355 -25.19928135 -2.00000823,-3.396881 -25.17834035 -2.00000823,-3.396881 -25.1783443 10.09999177,-3.411434 -25.15809735 -2.00000822,-3.411434 -25.1581013 10.09999178,-3.426978 -25.13860635 -2.00000822,-3.426978 -25.1386103 10.09999178,-3.443474 -25.11991235 -2.00000821,-3.443474 -25.1199163 10.09999179,-3.460882 -25.10206535 -2.0000082,-3.460882 -25.1020693 10.0999918,-3.479157 -25.08510935 -2.0000082,-3.479157 -25.0851133 10.0999918,-3.498255 -25.06908335 -2.00000819,-3.498255 -25.0690873 10.09999181,-3.518128 -25.05403035 -2.00000819,-3.518128 -25.0540343 10.09999181,-3.538727 -25.03998735 -2.00000818,-3.538727 -25.0399913 10.09999182,-3.56 -25.02698635 -2.00000818,-3.56 -25.0269903 10.09999182,-3.581895 -25.01506335 -2.00000817,-3.581895 -25.0150673 10.09999183,-3.604357 -25.00424735 -2.00000817,-3.604357 -25.0042513 10.09999183,-3.62733 -24.99456335 -2.00000817,-3.62733 -24.9945673 10.09999183,-3.650757 -24.98603535 -2.00000817,-3.650757 -24.9860393 10.09999183,-3.67458 -24.97868635 -2.00000816,-3.67458 -24.9786903 10.09999184,-3.69874 -24.97253535 -2.00000816,-3.69874 -24.9725393 10.09999184,-3.723176 -24.96759535 -2.00000816,-3.723176 -24.9675993 10.09999184,-3.747828 -24.96388035 -2.00000816,-3.747828 -24.9638843 10.09999184,-3.772635 -24.9614003 10.09999184,-3.772635 -24.96139635 -2.00000816,-3.797535 -24.96015435 -2.00000816,-3.797535 -24.9601583 10.09999184,-3.822465 -24.96015435 -2.00000816,-3.822465 -24.9601583 10.09999184,-3.847365 -24.96139635 -2.00000816,-3.847365 -24.9614003 10.09999184,-3.872172 -24.96388035 -2.00000816,-3.872172 -24.9638843 10.09999184,-3.896824 -24.96759535 -2.00000816,-3.896824 -24.9675993 10.09999184,-3.92126 -24.97253535 -2.00000816,-3.92126 -24.9725393 10.09999184,-3.94542 -24.9786903 10.09999184,-3.94542 -24.97868635 -2.00000816,-3.969243 -24.98603535 -2.00000817,-3.969243 -24.9860393 10.09999183,-3.992671 -24.99456335 -2.00000817,-3.992671 -24.9945673 10.09999183,-4.015644 -25.00424735 -2.00000817,-4.015644 -25.0042513 10.09999183,-4.038105 -25.01506335 -2.00000817,-4.038105 -25.0150673 10.09999183,-4.06 -25.02698635 -2.00000818,-4.06 -25.0269903 10.09999182,-4.081273 -25.0399913 10.09999182,-4.081273 -25.03998735 -2.00000818,-4.101872 -25.05403035 -2.00000819,-4.101872 -25.0540343 10.09999181,-4.121745 -25.06908335 -2.00000819,-4.121745 -25.0690873 10.09999181,-4.140843 -25.0851133 10.0999918,-4.140843 -25.08510935 -2.0000082,-4.159118 -25.10206535 -2.0000082,-4.159118 -25.1020693 10.0999918,-4.176526 -25.1199163 10.09999179,-4.176526 -25.11991235 -2.00000821,-4.193022 -25.13860635 -2.00000822,-4.193022 -25.1386103 10.09999178,-4.208566 -25.15809735 -2.00000822,-4.208566 -25.1581013 10.09999178,-4.223119 -25.17834035 -2.00000823,-4.223119 -25.1783443 10.09999177,-4.236645 -25.1992853 10.09999177,-4.236645 -25.19928135 -2.00000823,-4.249111 -25.2208763 10.09999176,-4.249111 -25.22087235 -2.00000824,-4.260484 -25.24305635 -2.00000825,-4.260484 -25.2430603 10.09999175,-4.270738 -25.26578235 -2.00000826,-4.270738 -25.2657863 10.09999174,-4.279846 -25.28898935 -2.00000826,-4.279846 -25.2889933 10.09999174,-4.287786 -25.31262135 -2.00000827,-4.287786 -25.3126253 10.09999173,-4.294538 -25.33662135 -2.00000828,-4.294538 -25.3366253 10.09999172,-4.300086 -25.36092735 -2.00000829,-4.300086 -25.3609313 10.09999171,-4.304415 -25.38547835 -2.0000083,-4.304415 -25.3854823 10.0999917,-4.307516 -25.41021435 -2.0000083,-4.307516 -25.4102183 10.0999917,-4.309379 -25.43507735 -2.00000831,-4.309379 -25.4350813 10.09999169,-4.31 -25.45999835 -2.00000832,-4.31 -25.4600023 10.09999168,-4.309379 -25.48492135 -2.00000833,-4.309379 -25.4849253 10.09999167,-4.307516 -25.50978435 -2.00000834,-4.307516 -25.5097883 10.09999166,-4.304415 -25.5345243 10.09999166,-4.304415 -25.53452035 -2.00000834,-4.300086 -25.55907135 -2.00000835,-4.300086 -25.5590753 10.09999165,-4.294538 -25.58337735 -2.00000836,-4.294538 -25.5833813 10.09999164,-4.287786 -25.60737735 -2.00000837,-4.287786 -25.6073813 10.09999163,-4.279846 -25.63100935 -2.00000838,-4.279846 -25.6310133 10.09999162,-4.270738 -25.65421635 -2.00000838,-4.270738 -25.6542203 10.09999162,-4.260484 -25.67694035 -2.00000839,-4.260484 -25.6769443 10.09999161,-4.249111 -25.6991303 10.0999916,-4.249111 -25.69912635 -2.0000084,-4.236645 -25.72071735 -2.00000841,-4.236645 -25.7207213 10.09999159,-4.223119 -25.74165835 -2.00000841,-4.223119 -25.7416623 10.09999159,-4.208566 -25.76190135 -2.00000842,-4.208566 -25.7619053 10.09999158,-4.193022 -25.78139235 -2.00000843,-4.193022 -25.7813963 10.09999157,-4.176526 -25.80008635 -2.00000843,-4.176526 -25.8000903 10.09999157,-4.159118 -25.81793335 -2.00000844,-4.159118 -25.8179373 10.09999156,-4.140843 -25.8348933 10.09999156,-4.140843 -25.83488935 -2.00000844,-4.121745 -25.85091535 -2.00000845,-4.121745 -25.8509193 10.09999155,-4.101872 -25.86596835 -2.00000845,-4.101872 -25.8659723 10.09999155,-4.081273 -25.88001235 -2.00000846,-4.081273 -25.8800163 10.09999154,-4.06 -25.89301235 -2.00000846,-4.06 -25.8930163 10.09999154,-4.038105 -25.90493535 -2.00000847,-4.038105 -25.9049393 10.09999153,-4.015644 -25.91575135 -2.00000847,-4.015644 -25.9157553 10.09999153,-3.992671 -25.9254393 10.09999153,-3.992671 -25.92543535 -2.00000847,-3.969243 -25.93396335 -2.00000848,-3.969243 -25.9339673 10.09999152,-3.94542 -25.9413163 10.09999152,-3.94542 -25.94131235 -2.00000848,-3.92126 -25.94746335 -2.00000848,-3.92126 -25.9474673 10.09999152,-3.896824 -25.95240335 -2.00000848,-3.896824 -25.9524073 10.09999152,-3.872172 -25.95611935 -2.00000848,-3.872172 -25.9561233 10.09999152,-3.847365 -25.9586043 10.09999152,-3.847365 -25.95860035 -2.00000848,-3.822465 -25.9598483 10.09999152,-3.822465 -25.95984435 -2.00000848,-3.797535 -25.95984435 -2.00000848,-3.797535 -25.9598483 10.09999152,-3.772635 -25.9586043 10.09999152,-3.772635 -25.95860035 -2.00000848,-3.747828 -25.9561233 10.09999152,-3.747828 -25.95611935 -2.00000848,-3.723176 -25.9524073 10.09999152,-3.723176 -25.95240335 -2.00000848,-3.69874 -25.94746335 -2.00000848,-3.69874 -25.9474673 10.09999152,-3.67458 -25.94131235 -2.00000848,-3.67458 -25.9413163 10.09999152,-3.650757 -25.93396335 -2.00000848,-3.650757 -25.9339673 10.09999152,-3.62733 -25.92543535 -2.00000847,-3.62733 -25.9254393 10.09999153,-3.604357 -25.9157553 10.09999153,-3.604357 -25.91575135 -2.00000847,-3.581895 -25.9049393 10.09999153,-3.581895 -25.90493535 -2.00000847,-3.56 -25.8930163 10.09999154,-3.56 -25.89301235 -2.00000846,-3.538727 -25.88001235 -2.00000846,-3.538727 -25.8800163 10.09999154,-3.518128 -25.8659723 10.09999155,-3.518128 -25.86596835 -2.00000845,-3.498255 -25.85091535 -2.00000845,-3.498255 -25.8509193 10.09999155,-3.479157 -25.83488935 -2.00000844,-3.479157 -25.8348933 10.09999156,-3.460882 -25.81793335 -2.00000844,-3.460882 -25.8179373 10.09999156,-3.443474 -25.80008635 -2.00000843,-3.443474 -25.8000903 10.09999157,-3.426978 -25.78139235 -2.00000843,-3.426978 -25.7813963 10.09999157,-3.411434 -25.76190135 -2.00000842,-3.411434 -25.7619053 10.09999158,-3.396881 -25.74165835 -2.00000841,-3.396881 -25.7416623 10.09999159,-3.383355 -25.72071735 -2.00000841,-3.383355 -25.7207213 10.09999159,-3.370889 -25.6991303 10.0999916,-3.370889 -25.69912635 -2.0000084,-3.359516 -25.67694035 -2.00000839,-3.359516 -25.6769443 10.09999161,-3.349262 -25.65421635 -2.00000838,-3.349262 -25.6542203 10.09999162,-3.340154 -25.63100935 -2.00000838,-3.340154 -25.6310133 10.09999162,-3.332214 -25.60737735 -2.00000837,-3.332214 -25.6073813 10.09999163,-3.325461 -25.58337735 -2.00000836,-3.325461 -25.5833813 10.09999164,-3.319914 -25.55907135 -2.00000835,-3.319914 -25.5590753 10.09999165,-3.315585 -25.53452035 -2.00000834,-3.315585 -25.5345243 10.09999166,-3.312485 -25.50978435 -2.00000834,-3.312485 -25.5097883 10.09999166,-3.310622 -25.48492135 -2.00000833,-3.310622 -25.4849253 10.09999167,-0.770622 -22.89507635 -2.00000748,-0.77 -22.9200033 10.09999251,-0.77 -22.91999935 -2.00000749,-0.770622 -22.8950803 10.09999252,-0.772485 -22.87021535 -2.00000747,-0.772485 -22.8702193 10.09999253,-0.775585 -22.8454813 10.09999253,-0.775585 -22.84547735 -2.00000747,-0.779914 -22.82092635 -2.00000746,-0.779914 -22.8209303 10.09999254,-0.785461 -22.7966243 10.09999255,-0.785461 -22.79662035 -2.00000745,-0.792214 -22.77262235 -2.00000744,-0.792214 -22.7726263 10.09999256,-0.800154 -22.74898835 -2.00000743,-0.800154 -22.7489923 10.09999257,-0.809262 -22.72578135 -2.00000743,-0.809262 -22.7257853 10.09999257,-0.819516 -22.7030613 10.09999258,-0.819516 -22.70305735 -2.00000742,-0.830889 -22.68087335 -2.00000741,-0.830889 -22.6808773 10.09999259,-0.843355 -22.6592863 10.0999926,-0.843355 -22.65928235 -2.0000074,-0.856881 -22.63833935 -2.0000074,-0.856881 -22.6383433 10.0999926,-0.871434 -22.61809635 -2.00000739,-0.871434 -22.6181003 10.09999261,-0.886978 -22.59860535 -2.00000739,-0.886978 -22.5986093 10.09999261,-0.903474 -22.57991335 -2.00000738,-0.903474 -22.5799173 10.09999262,-0.920882 -22.56206635 -2.00000737,-0.920882 -22.5620703 10.09999263,-0.939157 -22.54510835 -2.00000737,-0.939157 -22.5451123 10.09999263,-0.958255 -22.52908435 -2.00000736,-0.958255 -22.5290883 10.09999264,-0.978128 -22.51402935 -2.00000736,-0.978128 -22.5140333 10.09999264,-0.998727 -22.49998635 -2.00000735,-0.998727 -22.4999903 10.09999265,-1.02 -22.48698735 -2.00000735,-1.02 -22.4869913 10.09999265,-1.041895 -22.47506235 -2.00000734,-1.041895 -22.4750663 10.09999266,-1.064356 -22.46424635 -2.00000734,-1.064356 -22.4642503 10.09999266,-1.08733 -22.45456235 -2.00000734,-1.08733 -22.4545663 10.09999266,-1.110757 -22.44603435 -2.00000734,-1.110757 -22.4460383 10.09999266,-1.13458 -22.43868735 -2.00000733,-1.13458 -22.4386913 10.09999267,-1.15874 -22.43253435 -2.00000733,-1.15874 -22.4325383 10.09999267,-1.183176 -22.42759635 -2.00000733,-1.183176 -22.4276003 10.09999267,-1.207828 -22.42387935 -2.00000733,-1.207828 -22.4238833 10.09999267,-1.232635 -22.4214013 10.09999267,-1.232635 -22.42139735 -2.00000733,-1.257535 -22.42015435 -2.00000733,-1.257535 -22.4201583 10.09999267,-1.282465 -22.42015435 -2.00000733,-1.282465 -22.4201583 10.09999267,-1.307365 -22.42139735 -2.00000733,-1.307365 -22.4214013 10.09999267,-1.332172 -22.42387935 -2.00000733,-1.332172 -22.4238833 10.09999267,-1.356824 -22.42759635 -2.00000733,-1.356824 -22.4276003 10.09999267,-1.381261 -22.43253435 -2.00000733,-1.381261 -22.4325383 10.09999267,-1.40542 -22.4386913 10.09999267,-1.40542 -22.43868735 -2.00000733,-1.429243 -22.44603435 -2.00000734,-1.429243 -22.4460383 10.09999266,-1.45267 -22.45456235 -2.00000734,-1.45267 -22.4545663 10.09999266,-1.475644 -22.46424635 -2.00000734,-1.475644 -22.4642503 10.09999266,-1.498105 -22.47506235 -2.00000734,-1.498105 -22.4750663 10.09999266,-1.52 -22.48698735 -2.00000735,-1.52 -22.4869913 10.09999265,-1.541273 -22.4999903 10.09999265,-1.541273 -22.49998635 -2.00000735,-1.561872 -22.51402935 -2.00000736,-1.561872 -22.5140333 10.09999264,-1.581745 -22.52908435 -2.00000736,-1.581745 -22.5290883 10.09999264,-1.600843 -22.5451123 10.09999263,-1.600843 -22.54510835 -2.00000737,-1.619118 -22.56206635 -2.00000737,-1.619118 -22.5620703 10.09999263,-1.636526 -22.5799173 10.09999262,-1.636526 -22.57991335 -2.00000738,-1.653022 -22.59860535 -2.00000739,-1.653022 -22.5986093 10.09999261,-1.668566 -22.61809635 -2.00000739,-1.668566 -22.6181003 10.09999261,-1.683119 -22.63833935 -2.0000074,-1.683119 -22.6383433 10.0999926,-1.696645 -22.6592863 10.0999926,-1.696645 -22.65928235 -2.0000074,-1.709111 -22.6808773 10.09999259,-1.709111 -22.68087335 -2.00000741,-1.720484 -22.70305735 -2.00000742,-1.720484 -22.7030613 10.09999258,-1.730738 -22.72578135 -2.00000743,-1.730738 -22.7257853 10.09999257,-1.739846 -22.74898835 -2.00000743,-1.739846 -22.7489923 10.09999257,-1.747786 -22.77262235 -2.00000744,-1.747786 -22.7726263 10.09999256,-1.754539 -22.79662035 -2.00000745,-1.754539 -22.7966243 10.09999255,-1.760086 -22.82092635 -2.00000746,-1.760086 -22.8209303 10.09999254,-1.764415 -22.84547735 -2.00000747,-1.764415 -22.8454813 10.09999253,-1.767515 -22.87021535 -2.00000747,-1.767515 -22.8702193 10.09999253,-1.769378 -22.89507635 -2.00000748,-1.769378 -22.8950803 10.09999252,-1.77 -22.91999935 -2.00000749,-1.77 -22.9200033 10.09999251,-1.769378 -22.94492235 -2.0000075,-1.769378 -22.9449263 10.0999925,-1.767515 -22.96978335 -2.00000751,-1.767515 -22.9697873 10.09999249,-1.764415 -22.9945233 10.09999249,-1.764415 -22.99451935 -2.00000751,-1.760086 -23.01907235 -2.00000752,-1.760086 -23.0190763 10.09999248,-1.754539 -23.04337835 -2.00000753,-1.754539 -23.0433823 10.09999247,-1.747786 -23.06737635 -2.00000754,-1.747786 -23.0673803 10.09999246,-1.739846 -23.09100835 -2.00000755,-1.739846 -23.0910123 10.09999245,-1.730738 -23.11421735 -2.00000755,-1.730738 -23.1142213 10.09999245,-1.720484 -23.13694135 -2.00000756,-1.720484 -23.1369453 10.09999244,-1.709111 -23.1591293 10.09999243,-1.709111 -23.15912535 -2.00000757,-1.696645 -23.18071635 -2.00000758,-1.696645 -23.1807203 10.09999242,-1.683119 -23.20165935 -2.00000758,-1.683119 -23.2016633 10.09999242,-1.668566 -23.22190235 -2.00000759,-1.668566 -23.2219063 10.09999241,-1.653022 -23.24139335 -2.0000076,-1.653022 -23.2413973 10.0999924,-1.636526 -23.26008535 -2.0000076,-1.636526 -23.2600893 10.0999924,-1.619118 -23.27793235 -2.00000761,-1.619118 -23.2779363 10.09999239,-1.600843 -23.2948943 10.09999239,-1.600843 -23.29489035 -2.00000761,-1.581745 -23.31091435 -2.00000762,-1.581745 -23.3109183 10.09999238,-1.561872 -23.32596935 -2.00000762,-1.561872 -23.3259733 10.09999238,-1.541273 -23.34001335 -2.00000763,-1.541273 -23.3400173 10.09999237,-1.52 -23.35301135 -2.00000763,-1.52 -23.3530153 10.09999237,-1.498105 -23.36493635 -2.00000764,-1.498105 -23.3649403 10.09999236,-1.475644 -23.37575235 -2.00000764,-1.475644 -23.3757563 10.09999236,-1.45267 -23.3854403 10.09999236,-1.45267 -23.38543635 -2.00000764,-1.429243 -23.39396235 -2.00000765,-1.429243 -23.3939663 10.09999235,-1.40542 -23.4013153 10.09999235,-1.40542 -23.40131135 -2.00000765,-1.381261 -23.40746235 -2.00000765,-1.381261 -23.4074663 10.09999235,-1.356824 -23.41240235 -2.00000765,-1.356824 -23.4124063 10.09999235,-1.332172 -23.41612035 -2.00000765,-1.332172 -23.4161243 10.09999235,-1.307365 -23.4186053 10.09999235,-1.307365 -23.41860135 -2.00000765,-1.282465 -23.4198473 10.09999235,-1.282465 -23.41984335 -2.00000765,-1.257535 -23.41984335 -2.00000765,-1.257535 -23.4198473 10.09999235,-1.232635 -23.4186053 10.09999235,-1.232635 -23.41860135 -2.00000765,-1.207828 -23.4161243 10.09999235,-1.207828 -23.41612035 -2.00000765,-1.183176 -23.4124063 10.09999235,-1.183176 -23.41240235 -2.00000765,-1.15874 -23.40746235 -2.00000765,-1.15874 -23.4074663 10.09999235,-1.13458 -23.40131135 -2.00000765,-1.13458 -23.4013153 10.09999235,-1.110757 -23.39396235 -2.00000765,-1.110757 -23.3939663 10.09999235,-1.08733 -23.38543635 -2.00000764,-1.08733 -23.3854403 10.09999236,-1.064356 -23.3757563 10.09999236,-1.064356 -23.37575235 -2.00000764,-1.041895 -23.3649403 10.09999236,-1.041895 -23.36493635 -2.00000764,-1.02 -23.3530153 10.09999237,-1.02 -23.35301135 -2.00000763,-0.998727 -23.34001335 -2.00000763,-0.998727 -23.3400173 10.09999237,-0.978128 -23.3259733 10.09999238,-0.978128 -23.32596935 -2.00000762,-0.958255 -23.31091435 -2.00000762,-0.958255 -23.3109183 10.09999238,-0.939157 -23.29489035 -2.00000761,-0.939157 -23.2948943 10.09999239,-0.920882 -23.27793235 -2.00000761,-0.920882 -23.2779363 10.09999239,-0.903474 -23.26008535 -2.0000076,-0.903474 -23.2600893 10.0999924,-0.886978 -23.24139335 -2.0000076,-0.886978 -23.2413973 10.0999924,-0.871434 -23.22190235 -2.00000759,-0.871434 -23.2219063 10.09999241,-0.856881 -23.20165935 -2.00000758,-0.856881 -23.2016633 10.09999242,-0.843355 -23.18071635 -2.00000758,-0.843355 -23.1807203 10.09999242,-0.830889 -23.1591293 10.09999243,-0.830889 -23.15912535 -2.00000757,-0.819516 -23.13694135 -2.00000756,-0.819516 -23.1369453 10.09999244,-0.809262 -23.11421735 -2.00000755,-0.809262 -23.1142213 10.09999245,-0.800154 -23.09100835 -2.00000755,-0.800154 -23.0910123 10.09999245,-0.792214 -23.06737635 -2.00000754,-0.792214 -23.0673803 10.09999246,-0.785461 -23.04337835 -2.00000753,-0.785461 -23.0433823 10.09999247,-0.779914 -23.01907235 -2.00000752,-0.779914 -23.0190763 10.09999248,-0.775585 -22.99451935 -2.00000751,-0.775585 -22.9945233 10.09999249,-0.772485 -22.96978335 -2.00000751,-0.772485 -22.9697873 10.09999249,-0.770622 -22.94492235 -2.0000075,-0.770622 -22.9449263 10.0999925,-0.770622 -25.43507735 -2.00000831,-0.77 -25.4600023 10.09999168,-0.77 -25.45999835 -2.00000832,-0.770622 -25.4350813 10.09999169,-0.772485 -25.41021435 -2.0000083,-0.772485 -25.4102183 10.0999917,-0.775585 -25.3854823 10.0999917,-0.775585 -25.38547835 -2.0000083,-0.779914 -25.36092735 -2.00000829,-0.779914 -25.3609313 10.09999171,-0.785461 -25.3366253 10.09999172,-0.785461 -25.33662135 -2.00000828,-0.792214 -25.31262135 -2.00000827,-0.792214 -25.3126253 10.09999173,-0.800154 -25.28898935 -2.00000826,-0.800154 -25.2889933 10.09999174,-0.809262 -25.26578235 -2.00000826,-0.809262 -25.2657863 10.09999174,-0.819516 -25.2430603 10.09999175,-0.819516 -25.24305635 -2.00000825,-0.830889 -25.22087235 -2.00000824,-0.830889 -25.2208763 10.09999176,-0.843355 -25.1992853 10.09999177,-0.843355 -25.19928135 -2.00000823,-0.856881 -25.17834035 -2.00000823,-0.856881 -25.1783443 10.09999177,-0.871434 -25.15809735 -2.00000822,-0.871434 -25.1581013 10.09999178,-0.886978 -25.13860635 -2.00000822,-0.886978 -25.1386103 10.09999178,-0.903474 -25.11991235 -2.00000821,-0.903474 -25.1199163 10.09999179,-0.920882 -25.10206535 -2.0000082,-0.920882 -25.1020693 10.0999918,-0.939157 -25.08510935 -2.0000082,-0.939157 -25.0851133 10.0999918,-0.958255 -25.06908335 -2.00000819,-0.958255 -25.0690873 10.09999181,-0.978128 -25.05403035 -2.00000819,-0.978128 -25.0540343 10.09999181,-0.998727 -25.03998735 -2.00000818,-0.998727 -25.0399913 10.09999182,-1.02 -25.02698635 -2.00000818,-1.02 -25.0269903 10.09999182,-1.041895 -25.01506335 -2.00000817,-1.041895 -25.0150673 10.09999183,-1.064356 -25.00424735 -2.00000817,-1.064356 -25.0042513 10.09999183,-1.08733 -24.99456335 -2.00000817,-1.08733 -24.9945673 10.09999183,-1.110757 -24.98603535 -2.00000817,-1.110757 -24.9860393 10.09999183,-1.13458 -24.97868635 -2.00000816,-1.13458 -24.9786903 10.09999184,-1.15874 -24.97253535 -2.00000816,-1.15874 -24.9725393 10.09999184,-1.183176 -24.96759535 -2.00000816,-1.183176 -24.9675993 10.09999184,-1.207828 -24.96388035 -2.00000816,-1.207828 -24.9638843 10.09999184,-1.232635 -24.9614003 10.09999184,-1.232635 -24.96139635 -2.00000816,-1.257535 -24.96015435 -2.00000816,-1.257535 -24.9601583 10.09999184,-1.282465 -24.96015435 -2.00000816,-1.282465 -24.9601583 10.09999184,-1.307365 -24.96139635 -2.00000816,-1.307365 -24.9614003 10.09999184,-1.332172 -24.96388035 -2.00000816,-1.332172 -24.9638843 10.09999184,-1.356824 -24.96759535 -2.00000816,-1.356824 -24.9675993 10.09999184,-1.381261 -24.97253535 -2.00000816,-1.381261 -24.9725393 10.09999184,-1.40542 -24.9786903 10.09999184,-1.40542 -24.97868635 -2.00000816,-1.429243 -24.98603535 -2.00000817,-1.429243 -24.9860393 10.09999183,-1.45267 -24.99456335 -2.00000817,-1.45267 -24.9945673 10.09999183,-1.475644 -25.00424735 -2.00000817,-1.475644 -25.0042513 10.09999183,-1.498105 -25.01506335 -2.00000817,-1.498105 -25.0150673 10.09999183,-1.52 -25.02698635 -2.00000818,-1.52 -25.0269903 10.09999182,-1.541273 -25.0399913 10.09999182,-1.541273 -25.03998735 -2.00000818,-1.561872 -25.05403035 -2.00000819,-1.561872 -25.0540343 10.09999181,-1.581745 -25.06908335 -2.00000819,-1.581745 -25.0690873 10.09999181,-1.600843 -25.0851133 10.0999918,-1.600843 -25.08510935 -2.0000082,-1.619118 -25.10206535 -2.0000082,-1.619118 -25.1020693 10.0999918,-1.636526 -25.1199163 10.09999179,-1.636526 -25.11991235 -2.00000821,-1.653022 -25.13860635 -2.00000822,-1.653022 -25.1386103 10.09999178,-1.668566 -25.15809735 -2.00000822,-1.668566 -25.1581013 10.09999178,-1.683119 -25.17834035 -2.00000823,-1.683119 -25.1783443 10.09999177,-1.696645 -25.1992853 10.09999177,-1.696645 -25.19928135 -2.00000823,-1.709111 -25.2208763 10.09999176,-1.709111 -25.22087235 -2.00000824,-1.720484 -25.24305635 -2.00000825,-1.720484 -25.2430603 10.09999175,-1.730738 -25.26578235 -2.00000826,-1.730738 -25.2657863 10.09999174,-1.739846 -25.28898935 -2.00000826,-1.739846 -25.2889933 10.09999174,-1.747786 -25.31262135 -2.00000827,-1.747786 -25.3126253 10.09999173,-1.754539 -25.33662135 -2.00000828,-1.754539 -25.3366253 10.09999172,-1.760086 -25.36092735 -2.00000829,-1.760086 -25.3609313 10.09999171,-1.764415 -25.38547835 -2.0000083,-1.764415 -25.3854823 10.0999917,-1.767515 -25.41021435 -2.0000083,-1.767515 -25.4102183 10.0999917,-1.769378 -25.43507735 -2.00000831,-1.769378 -25.4350813 10.09999169,-1.77 -25.45999835 -2.00000832,-1.77 -25.4600023 10.09999168,-1.769378 -25.48492135 -2.00000833,-1.769378 -25.4849253 10.09999167,-1.767515 -25.50978435 -2.00000834,-1.767515 -25.5097883 10.09999166,-1.764415 -25.5345243 10.09999166,-1.764415 -25.53452035 -2.00000834,-1.760086 -25.55907135 -2.00000835,-1.760086 -25.5590753 10.09999165,-1.754539 -25.58337735 -2.00000836,-1.754539 -25.5833813 10.09999164,-1.747786 -25.60737735 -2.00000837,-1.747786 -25.6073813 10.09999163,-1.739846 -25.63100935 -2.00000838,-1.739846 -25.6310133 10.09999162,-1.730738 -25.65421635 -2.00000838,-1.730738 -25.6542203 10.09999162,-1.720484 -25.67694035 -2.00000839,-1.720484 -25.6769443 10.09999161,-1.709111 -25.6991303 10.0999916,-1.709111 -25.69912635 -2.0000084,-1.696645 -25.72071735 -2.00000841,-1.696645 -25.7207213 10.09999159,-1.683119 -25.74165835 -2.00000841,-1.683119 -25.7416623 10.09999159,-1.668566 -25.76190135 -2.00000842,-1.668566 -25.7619053 10.09999158,-1.653022 -25.78139235 -2.00000843,-1.653022 -25.7813963 10.09999157,-1.636526 -25.80008635 -2.00000843,-1.636526 -25.8000903 10.09999157,-1.619118 -25.81793335 -2.00000844,-1.619118 -25.8179373 10.09999156,-1.600843 -25.8348933 10.09999156,-1.600843 -25.83488935 -2.00000844,-1.581745 -25.85091535 -2.00000845,-1.581745 -25.8509193 10.09999155,-1.561872 -25.86596835 -2.00000845,-1.561872 -25.8659723 10.09999155,-1.541273 -25.88001235 -2.00000846,-1.541273 -25.8800163 10.09999154,-1.52 -25.89301235 -2.00000846,-1.52 -25.8930163 10.09999154,-1.498105 -25.90493535 -2.00000847,-1.498105 -25.9049393 10.09999153,-1.475644 -25.91575135 -2.00000847,-1.475644 -25.9157553 10.09999153,-1.45267 -25.9254393 10.09999153,-1.45267 -25.92543535 -2.00000847,-1.429243 -25.93396335 -2.00000848,-1.429243 -25.9339673 10.09999152,-1.40542 -25.9413163 10.09999152,-1.40542 -25.94131235 -2.00000848,-1.381261 -25.94746335 -2.00000848,-1.381261 -25.9474673 10.09999152,-1.356824 -25.95240335 -2.00000848,-1.356824 -25.9524073 10.09999152,-1.332172 -25.95611935 -2.00000848,-1.332172 -25.9561233 10.09999152,-1.307365 -25.9586043 10.09999152,-1.307365 -25.95860035 -2.00000848,-1.282465 -25.9598483 10.09999152,-1.282465 -25.95984435 -2.00000848,-1.257535 -25.95984435 -2.00000848,-1.257535 -25.9598483 10.09999152,-1.232635 -25.9586043 10.09999152,-1.232635 -25.95860035 -2.00000848,-1.207828 -25.9561233 10.09999152,-1.207828 -25.95611935 -2.00000848,-1.183176 -25.9524073 10.09999152,-1.183176 -25.95240335 -2.00000848,-1.15874 -25.94746335 -2.00000848,-1.15874 -25.9474673 10.09999152,-1.13458 -25.94131235 -2.00000848,-1.13458 -25.9413163 10.09999152,-1.110757 -25.93396335 -2.00000848,-1.110757 -25.9339673 10.09999152,-1.08733 -25.92543535 -2.00000847,-1.08733 -25.9254393 10.09999153,-1.064356 -25.9157553 10.09999153,-1.064356 -25.91575135 -2.00000847,-1.041895 -25.9049393 10.09999153,-1.041895 -25.90493535 -2.00000847,-1.02 -25.8930163 10.09999154,-1.02 -25.89301235 -2.00000846,-0.998727 -25.88001235 -2.00000846,-0.998727 -25.8800163 10.09999154,-0.978128 -25.8659723 10.09999155,-0.978128 -25.86596835 -2.00000845,-0.958255 -25.85091535 -2.00000845,-0.958255 -25.8509193 10.09999155,-0.939157 -25.83488935 -2.00000844,-0.939157 -25.8348933 10.09999156,-0.920882 -25.81793335 -2.00000844,-0.920882 -25.8179373 10.09999156,-0.903474 -25.80008635 -2.00000843,-0.903474 -25.8000903 10.09999157,-0.886978 -25.78139235 -2.00000843,-0.886978 -25.7813963 10.09999157,-0.871434 -25.76190135 -2.00000842,-0.871434 -25.7619053 10.09999158,-0.856881 -25.74165835 -2.00000841,-0.856881 -25.7416623 10.09999159,-0.843355 -25.72071735 -2.00000841,-0.843355 -25.7207213 10.09999159,-0.830889 -25.6991303 10.0999916,-0.830889 -25.69912635 -2.0000084,-0.819516 -25.67694035 -2.00000839,-0.819516 -25.6769443 10.09999161,-0.809262 -25.65421635 -2.00000838,-0.809262 -25.6542203 10.09999162,-0.800154 -25.63100935 -2.00000838,-0.800154 -25.6310133 10.09999162,-0.792214 -25.60737735 -2.00000837,-0.792214 -25.6073813 10.09999163,-0.785461 -25.58337735 -2.00000836,-0.785461 -25.5833813 10.09999164,-0.779914 -25.55907135 -2.00000835,-0.779914 -25.5590753 10.09999165,-0.775585 -25.53452035 -2.00000834,-0.775585 -25.5345243 10.09999166,-0.772485 -25.50978435 -2.00000834,-0.772485 -25.5097883 10.09999166,-0.770622 -25.48492135 -2.00000833,-0.770622 -25.4849253 10.09999167,1.769378 -22.89507635 -2.00000748,1.77 -22.9200033 10.09999251,1.77 -22.91999935 -2.00000749,1.769378 -22.8950803 10.09999252,1.767515 -22.87021535 -2.00000747,1.767515 -22.8702193 10.09999253,1.764415 -22.8454813 10.09999253,1.764415 -22.84547735 -2.00000747,1.760086 -22.82092635 -2.00000746,1.760086 -22.8209303 10.09999254,1.754539 -22.7966243 10.09999255,1.754539 -22.79662035 -2.00000745,1.747786 -22.77262235 -2.00000744,1.747786 -22.7726263 10.09999256,1.739846 -22.74898835 -2.00000743,1.739846 -22.7489923 10.09999257,1.730738 -22.72578135 -2.00000743,1.730738 -22.7257853 10.09999257,1.720484 -22.7030613 10.09999258,1.720484 -22.70305735 -2.00000742,1.709111 -22.68087335 -2.00000741,1.709111 -22.6808773 10.09999259,1.696645 -22.6592863 10.0999926,1.696645 -22.65928235 -2.0000074,1.683119 -22.63833935 -2.0000074,1.683119 -22.6383433 10.0999926,1.668566 -22.61809635 -2.00000739,1.668566 -22.6181003 10.09999261,1.653022 -22.59860535 -2.00000739,1.653022 -22.5986093 10.09999261,1.636526 -22.57991335 -2.00000738,1.636526 -22.5799173 10.09999262,1.619118 -22.56206635 -2.00000737,1.619118 -22.5620703 10.09999263,1.600843 -22.54510835 -2.00000737,1.600843 -22.5451123 10.09999263,1.581745 -22.52908435 -2.00000736,1.581745 -22.5290883 10.09999264,1.561872 -22.51402935 -2.00000736,1.561872 -22.5140333 10.09999264,1.541273 -22.49998635 -2.00000735,1.541273 -22.4999903 10.09999265,1.52 -22.48698735 -2.00000735,1.52 -22.4869913 10.09999265,1.498105 -22.47506235 -2.00000734,1.498105 -22.4750663 10.09999266,1.475644 -22.46424635 -2.00000734,1.475644 -22.4642503 10.09999266,1.45267 -22.45456235 -2.00000734,1.45267 -22.4545663 10.09999266,1.429243 -22.44603435 -2.00000734,1.429243 -22.4460383 10.09999266,1.40542 -22.43868735 -2.00000733,1.40542 -22.4386913 10.09999267,1.381261 -22.43253435 -2.00000733,1.381261 -22.4325383 10.09999267,1.356824 -22.42759635 -2.00000733,1.356824 -22.4276003 10.09999267,1.332172 -22.42387935 -2.00000733,1.332172 -22.4238833 10.09999267,1.307365 -22.4214013 10.09999267,1.307365 -22.42139735 -2.00000733,1.282465 -22.42015435 -2.00000733,1.282465 -22.4201583 10.09999267,1.257535 -22.42015435 -2.00000733,1.257535 -22.4201583 10.09999267,1.232635 -22.42139735 -2.00000733,1.232635 -22.4214013 10.09999267,1.207828 -22.42387935 -2.00000733,1.207828 -22.4238833 10.09999267,1.183176 -22.42759635 -2.00000733,1.183176 -22.4276003 10.09999267,1.15874 -22.43253435 -2.00000733,1.15874 -22.4325383 10.09999267,1.13458 -22.4386913 10.09999267,1.13458 -22.43868735 -2.00000733,1.110757 -22.44603435 -2.00000734,1.110757 -22.4460383 10.09999266,1.08733 -22.45456235 -2.00000734,1.08733 -22.4545663 10.09999266,1.064356 -22.46424635 -2.00000734,1.064356 -22.4642503 10.09999266,1.041895 -22.47506235 -2.00000734,1.041895 -22.4750663 10.09999266,1.02 -22.48698735 -2.00000735,1.02 -22.4869913 10.09999265,0.998727 -22.4999903 10.09999265,0.998727 -22.49998635 -2.00000735,0.978128 -22.51402935 -2.00000736,0.978128 -22.5140333 10.09999264,0.958255 -22.52908435 -2.00000736,0.958255 -22.5290883 10.09999264,0.939157 -22.5451123 10.09999263,0.939157 -22.54510835 -2.00000737,0.920882 -22.56206635 -2.00000737,0.920882 -22.5620703 10.09999263,0.903474 -22.5799173 10.09999262,0.903474 -22.57991335 -2.00000738,0.886978 -22.59860535 -2.00000739,0.886978 -22.5986093 10.09999261,0.871434 -22.61809635 -2.00000739,0.871434 -22.6181003 10.09999261,0.856881 -22.63833935 -2.0000074,0.856881 -22.6383433 10.0999926,0.843355 -22.6592863 10.0999926,0.843355 -22.65928235 -2.0000074,0.830889 -22.6808773 10.09999259,0.830889 -22.68087335 -2.00000741,0.819516 -22.70305735 -2.00000742,0.819516 -22.7030613 10.09999258,0.809262 -22.72578135 -2.00000743,0.809262 -22.7257853 10.09999257,0.800154 -22.74898835 -2.00000743,0.800154 -22.7489923 10.09999257,0.792214 -22.77262235 -2.00000744,0.792214 -22.7726263 10.09999256,0.785461 -22.79662035 -2.00000745,0.785461 -22.7966243 10.09999255,0.779914 -22.82092635 -2.00000746,0.779914 -22.8209303 10.09999254,0.775585 -22.84547735 -2.00000747,0.775585 -22.8454813 10.09999253,0.772485 -22.87021535 -2.00000747,0.772485 -22.8702193 10.09999253,0.770622 -22.89507635 -2.00000748,0.770622 -22.8950803 10.09999252,0.77 -22.91999935 -2.00000749,0.77 -22.9200033 10.09999251,0.770622 -22.94492235 -2.0000075,0.770622 -22.9449263 10.0999925,0.772485 -22.96978335 -2.00000751,0.772485 -22.9697873 10.09999249,0.775585 -22.9945233 10.09999249,0.775585 -22.99451935 -2.00000751,0.779914 -23.01907235 -2.00000752,0.779914 -23.0190763 10.09999248,0.785461 -23.04337835 -2.00000753,0.785461 -23.0433823 10.09999247,0.792214 -23.06737635 -2.00000754,0.792214 -23.0673803 10.09999246,0.800154 -23.09100835 -2.00000755,0.800154 -23.0910123 10.09999245,0.809262 -23.11421735 -2.00000755,0.809262 -23.1142213 10.09999245,0.819516 -23.13694135 -2.00000756,0.819516 -23.1369453 10.09999244,0.830889 -23.1591293 10.09999243,0.830889 -23.15912535 -2.00000757,0.843355 -23.18071635 -2.00000758,0.843355 -23.1807203 10.09999242,0.856881 -23.20165935 -2.00000758,0.856881 -23.2016633 10.09999242,0.871434 -23.22190235 -2.00000759,0.871434 -23.2219063 10.09999241,0.886978 -23.24139335 -2.0000076,0.886978 -23.2413973 10.0999924,0.903474 -23.26008535 -2.0000076,0.903474 -23.2600893 10.0999924,0.920882 -23.27793235 -2.00000761,0.920882 -23.2779363 10.09999239,0.939157 -23.2948943 10.09999239,0.939157 -23.29489035 -2.00000761,0.958255 -23.31091435 -2.00000762,0.958255 -23.3109183 10.09999238,0.978128 -23.32596935 -2.00000762,0.978128 -23.3259733 10.09999238,0.998727 -23.34001335 -2.00000763,0.998727 -23.3400173 10.09999237,1.02 -23.35301135 -2.00000763,1.02 -23.3530153 10.09999237,1.041895 -23.36493635 -2.00000764,1.041895 -23.3649403 10.09999236,1.064356 -23.37575235 -2.00000764,1.064356 -23.3757563 10.09999236,1.08733 -23.3854403 10.09999236,1.08733 -23.38543635 -2.00000764,1.110757 -23.39396235 -2.00000765,1.110757 -23.3939663 10.09999235,1.13458 -23.4013153 10.09999235,1.13458 -23.40131135 -2.00000765,1.15874 -23.40746235 -2.00000765,1.15874 -23.4074663 10.09999235,1.183176 -23.41240235 -2.00000765,1.183176 -23.4124063 10.09999235,1.207828 -23.41612035 -2.00000765,1.207828 -23.4161243 10.09999235,1.232635 -23.4186053 10.09999235,1.232635 -23.41860135 -2.00000765,1.257535 -23.4198473 10.09999235,1.257535 -23.41984335 -2.00000765,1.282465 -23.41984335 -2.00000765,1.282465 -23.4198473 10.09999235,1.307365 -23.4186053 10.09999235,1.307365 -23.41860135 -2.00000765,1.332172 -23.4161243 10.09999235,1.332172 -23.41612035 -2.00000765,1.356824 -23.4124063 10.09999235,1.356824 -23.41240235 -2.00000765,1.381261 -23.40746235 -2.00000765,1.381261 -23.4074663 10.09999235,1.40542 -23.40131135 -2.00000765,1.40542 -23.4013153 10.09999235,1.429243 -23.39396235 -2.00000765,1.429243 -23.3939663 10.09999235,1.45267 -23.38543635 -2.00000764,1.45267 -23.3854403 10.09999236,1.475644 -23.3757563 10.09999236,1.475644 -23.37575235 -2.00000764,1.498105 -23.3649403 10.09999236,1.498105 -23.36493635 -2.00000764,1.52 -23.3530153 10.09999237,1.52 -23.35301135 -2.00000763,1.541273 -23.34001335 -2.00000763,1.541273 -23.3400173 10.09999237,1.561872 -23.3259733 10.09999238,1.561872 -23.32596935 -2.00000762,1.581745 -23.31091435 -2.00000762,1.581745 -23.3109183 10.09999238,1.600843 -23.29489035 -2.00000761,1.600843 -23.2948943 10.09999239,1.619118 -23.27793235 -2.00000761,1.619118 -23.2779363 10.09999239,1.636526 -23.26008535 -2.0000076,1.636526 -23.2600893 10.0999924,1.653022 -23.24139335 -2.0000076,1.653022 -23.2413973 10.0999924,1.668566 -23.22190235 -2.00000759,1.668566 -23.2219063 10.09999241,1.683119 -23.20165935 -2.00000758,1.683119 -23.2016633 10.09999242,1.696645 -23.18071635 -2.00000758,1.696645 -23.1807203 10.09999242,1.709111 -23.1591293 10.09999243,1.709111 -23.15912535 -2.00000757,1.720484 -23.13694135 -2.00000756,1.720484 -23.1369453 10.09999244,1.730738 -23.11421735 -2.00000755,1.730738 -23.1142213 10.09999245,1.739846 -23.09100835 -2.00000755,1.739846 -23.0910123 10.09999245,1.747786 -23.06737635 -2.00000754,1.747786 -23.0673803 10.09999246,1.754539 -23.04337835 -2.00000753,1.754539 -23.0433823 10.09999247,1.760086 -23.01907235 -2.00000752,1.760086 -23.0190763 10.09999248,1.764415 -22.99451935 -2.00000751,1.764415 -22.9945233 10.09999249,1.767515 -22.96978335 -2.00000751,1.767515 -22.9697873 10.09999249,1.769378 -22.94492235 -2.0000075,1.769378 -22.9449263 10.0999925,1.769378 -25.43507735 -2.00000831,1.77 -25.4600023 10.09999168,1.77 -25.45999835 -2.00000832,1.769378 -25.4350813 10.09999169,1.767515 -25.41021435 -2.0000083,1.767515 -25.4102183 10.0999917,1.764415 -25.3854823 10.0999917,1.764415 -25.38547835 -2.0000083,1.760086 -25.36092735 -2.00000829,1.760086 -25.3609313 10.09999171,1.754539 -25.3366253 10.09999172,1.754539 -25.33662135 -2.00000828,1.747786 -25.31262135 -2.00000827,1.747786 -25.3126253 10.09999173,1.739846 -25.28898935 -2.00000826,1.739846 -25.2889933 10.09999174,1.730738 -25.26578235 -2.00000826,1.730738 -25.2657863 10.09999174,1.720484 -25.2430603 10.09999175,1.720484 -25.24305635 -2.00000825,1.709111 -25.22087235 -2.00000824,1.709111 -25.2208763 10.09999176,1.696645 -25.1992853 10.09999177,1.696645 -25.19928135 -2.00000823,1.683119 -25.17834035 -2.00000823,1.683119 -25.1783443 10.09999177,1.668566 -25.15809735 -2.00000822,1.668566 -25.1581013 10.09999178,1.653022 -25.13860635 -2.00000822,1.653022 -25.1386103 10.09999178,1.636526 -25.11991235 -2.00000821,1.636526 -25.1199163 10.09999179,1.619118 -25.10206535 -2.0000082,1.619118 -25.1020693 10.0999918,1.600843 -25.08510935 -2.0000082,1.600843 -25.0851133 10.0999918,1.581745 -25.06908335 -2.00000819,1.581745 -25.0690873 10.09999181,1.561872 -25.05403035 -2.00000819,1.561872 -25.0540343 10.09999181,1.541273 -25.03998735 -2.00000818,1.541273 -25.0399913 10.09999182,1.52 -25.02698635 -2.00000818,1.52 -25.0269903 10.09999182,1.498105 -25.01506335 -2.00000817,1.498105 -25.0150673 10.09999183,1.475644 -25.00424735 -2.00000817,1.475644 -25.0042513 10.09999183,1.45267 -24.99456335 -2.00000817,1.45267 -24.9945673 10.09999183,1.429243 -24.98603535 -2.00000817,1.429243 -24.9860393 10.09999183,1.40542 -24.97868635 -2.00000816,1.40542 -24.9786903 10.09999184,1.381261 -24.97253535 -2.00000816,1.381261 -24.9725393 10.09999184,1.356824 -24.96759535 -2.00000816,1.356824 -24.9675993 10.09999184,1.332172 -24.96388035 -2.00000816,1.332172 -24.9638843 10.09999184,1.307365 -24.9614003 10.09999184,1.307365 -24.96139635 -2.00000816,1.282465 -24.96015435 -2.00000816,1.282465 -24.9601583 10.09999184,1.257535 -24.96015435 -2.00000816,1.257535 -24.9601583 10.09999184,1.232635 -24.96139635 -2.00000816,1.232635 -24.9614003 10.09999184,1.207828 -24.96388035 -2.00000816,1.207828 -24.9638843 10.09999184,1.183176 -24.96759535 -2.00000816,1.183176 -24.9675993 10.09999184,1.15874 -24.97253535 -2.00000816,1.15874 -24.9725393 10.09999184,1.13458 -24.9786903 10.09999184,1.13458 -24.97868635 -2.00000816,1.110757 -24.98603535 -2.00000817,1.110757 -24.9860393 10.09999183,1.08733 -24.99456335 -2.00000817,1.08733 -24.9945673 10.09999183,1.064356 -25.00424735 -2.00000817,1.064356 -25.0042513 10.09999183,1.041895 -25.01506335 -2.00000817,1.041895 -25.0150673 10.09999183,1.02 -25.02698635 -2.00000818,1.02 -25.0269903 10.09999182,0.998727 -25.0399913 10.09999182,0.998727 -25.03998735 -2.00000818,0.978128 -25.05403035 -2.00000819,0.978128 -25.0540343 10.09999181,0.958255 -25.06908335 -2.00000819,0.958255 -25.0690873 10.09999181,0.939157 -25.0851133 10.0999918,0.939157 -25.08510935 -2.0000082,0.920882 -25.10206535 -2.0000082,0.920882 -25.1020693 10.0999918,0.903474 -25.1199163 10.09999179,0.903474 -25.11991235 -2.00000821,0.886978 -25.13860635 -2.00000822,0.886978 -25.1386103 10.09999178,0.871434 -25.15809735 -2.00000822,0.871434 -25.1581013 10.09999178,0.856881 -25.17834035 -2.00000823,0.856881 -25.1783443 10.09999177,0.843355 -25.1992853 10.09999177,0.843355 -25.19928135 -2.00000823,0.830889 -25.2208763 10.09999176,0.830889 -25.22087235 -2.00000824,0.819516 -25.24305635 -2.00000825,0.819516 -25.2430603 10.09999175,0.809262 -25.26578235 -2.00000826,0.809262 -25.2657863 10.09999174,0.800154 -25.28898935 -2.00000826,0.800154 -25.2889933 10.09999174,0.792214 -25.31262135 -2.00000827,0.792214 -25.3126253 10.09999173,0.785461 -25.33662135 -2.00000828,0.785461 -25.3366253 10.09999172,0.779914 -25.36092735 -2.00000829,0.779914 -25.3609313 10.09999171,0.775585 -25.38547835 -2.0000083,0.775585 -25.3854823 10.0999917,0.772485 -25.41021435 -2.0000083,0.772485 -25.4102183 10.0999917,0.770622 -25.43507735 -2.00000831,0.770622 -25.4350813 10.09999169,0.77 -25.45999835 -2.00000832,0.77 -25.4600023 10.09999168,0.770622 -25.48492135 -2.00000833,0.770622 -25.4849253 10.09999167,0.772485 -25.50978435 -2.00000834,0.772485 -25.5097883 10.09999166,0.775585 -25.5345243 10.09999166,0.775585 -25.53452035 -2.00000834,0.779914 -25.55907135 -2.00000835,0.779914 -25.5590753 10.09999165,0.785461 -25.58337735 -2.00000836,0.785461 -25.5833813 10.09999164,0.792214 -25.60737735 -2.00000837,0.792214 -25.6073813 10.09999163,0.800154 -25.63100935 -2.00000838,0.800154 -25.6310133 10.09999162,0.809262 -25.65421635 -2.00000838,0.809262 -25.6542203 10.09999162,0.819516 -25.67694035 -2.00000839,0.819516 -25.6769443 10.09999161,0.830889 -25.6991303 10.0999916,0.830889 -25.69912635 -2.0000084,0.843355 -25.72071735 -2.00000841,0.843355 -25.7207213 10.09999159,0.856881 -25.74165835 -2.00000841,0.856881 -25.7416623 10.09999159,0.871434 -25.76190135 -2.00000842,0.871434 -25.7619053 10.09999158,0.886978 -25.78139235 -2.00000843,0.886978 -25.7813963 10.09999157,0.903474 -25.80008635 -2.00000843,0.903474 -25.8000903 10.09999157,0.920882 -25.81793335 -2.00000844,0.920882 -25.8179373 10.09999156,0.939157 -25.8348933 10.09999156,0.939157 -25.83488935 -2.00000844,0.958255 -25.85091535 -2.00000845,0.958255 -25.8509193 10.09999155,0.978128 -25.86596835 -2.00000845,0.978128 -25.8659723 10.09999155,0.998727 -25.88001235 -2.00000846,0.998727 -25.8800163 10.09999154,1.02 -25.89301235 -2.00000846,1.02 -25.8930163 10.09999154,1.041895 -25.90493535 -2.00000847,1.041895 -25.9049393 10.09999153,1.064356 -25.91575135 -2.00000847,1.064356 -25.9157553 10.09999153,1.08733 -25.9254393 10.09999153,1.08733 -25.92543535 -2.00000847,1.110757 -25.93396335 -2.00000848,1.110757 -25.9339673 10.09999152,1.13458 -25.9413163 10.09999152,1.13458 -25.94131235 -2.00000848,1.15874 -25.94746335 -2.00000848,1.15874 -25.9474673 10.09999152,1.183176 -25.95240335 -2.00000848,1.183176 -25.9524073 10.09999152,1.207828 -25.95611935 -2.00000848,1.207828 -25.9561233 10.09999152,1.232635 -25.9586043 10.09999152,1.232635 -25.95860035 -2.00000848,1.257535 -25.9598483 10.09999152,1.257535 -25.95984435 -2.00000848,1.282465 -25.95984435 -2.00000848,1.282465 -25.9598483 10.09999152,1.307365 -25.9586043 10.09999152,1.307365 -25.95860035 -2.00000848,1.332172 -25.9561233 10.09999152,1.332172 -25.95611935 -2.00000848,1.356824 -25.9524073 10.09999152,1.356824 -25.95240335 -2.00000848,1.381261 -25.94746335 -2.00000848,1.381261 -25.9474673 10.09999152,1.40542 -25.94131235 -2.00000848,1.40542 -25.9413163 10.09999152,1.429243 -25.93396335 -2.00000848,1.429243 -25.9339673 10.09999152,1.45267 -25.92543535 -2.00000847,1.45267 -25.9254393 10.09999153,1.475644 -25.9157553 10.09999153,1.475644 -25.91575135 -2.00000847,1.498105 -25.9049393 10.09999153,1.498105 -25.90493535 -2.00000847,1.52 -25.8930163 10.09999154,1.52 -25.89301235 -2.00000846,1.541273 -25.88001235 -2.00000846,1.541273 -25.8800163 10.09999154,1.561872 -25.8659723 10.09999155,1.561872 -25.86596835 -2.00000845,1.581745 -25.85091535 -2.00000845,1.581745 -25.8509193 10.09999155,1.600843 -25.83488935 -2.00000844,1.600843 -25.8348933 10.09999156,1.619118 -25.81793335 -2.00000844,1.619118 -25.8179373 10.09999156,1.636526 -25.80008635 -2.00000843,1.636526 -25.8000903 10.09999157,1.653022 -25.78139235 -2.00000843,1.653022 -25.7813963 10.09999157,1.668566 -25.76190135 -2.00000842,1.668566 -25.7619053 10.09999158,1.683119 -25.74165835 -2.00000841,1.683119 -25.7416623 10.09999159,1.696645 -25.72071735 -2.00000841,1.696645 -25.7207213 10.09999159,1.709111 -25.6991303 10.0999916,1.709111 -25.69912635 -2.0000084,1.720484 -25.67694035 -2.00000839,1.720484 -25.6769443 10.09999161,1.730738 -25.65421635 -2.00000838,1.730738 -25.6542203 10.09999162,1.739846 -25.63100935 -2.00000838,1.739846 -25.6310133 10.09999162,1.747786 -25.60737735 -2.00000837,1.747786 -25.6073813 10.09999163,1.754539 -25.58337735 -2.00000836,1.754539 -25.5833813 10.09999164,1.760086 -25.55907135 -2.00000835,1.760086 -25.5590753 10.09999165,1.764415 -25.53452035 -2.00000834,1.764415 -25.5345243 10.09999166,1.767515 -25.50978435 -2.00000834,1.767515 -25.5097883 10.09999166,1.769378 -25.48492135 -2.00000833,1.769378 -25.4849253 10.09999167,4.309379 -22.89507635 -2.00000748,4.31 -22.9200033 10.09999251,4.31 -22.91999935 -2.00000749,4.309379 -22.8950803 10.09999252,4.307516 -22.87021535 -2.00000747,4.307516 -22.8702193 10.09999253,4.304415 -22.8454813 10.09999253,4.304415 -22.84547735 -2.00000747,4.300086 -22.82092635 -2.00000746,4.300086 -22.8209303 10.09999254,4.294538 -22.7966243 10.09999255,4.294538 -22.79662035 -2.00000745,4.287786 -22.77262235 -2.00000744,4.287786 -22.7726263 10.09999256,4.279846 -22.74898835 -2.00000743,4.279846 -22.7489923 10.09999257,4.270738 -22.72578135 -2.00000743,4.270738 -22.7257853 10.09999257,4.260484 -22.7030613 10.09999258,4.260484 -22.70305735 -2.00000742,4.249111 -22.68087335 -2.00000741,4.249111 -22.6808773 10.09999259,4.236645 -22.6592863 10.0999926,4.236645 -22.65928235 -2.0000074,4.223119 -22.63833935 -2.0000074,4.223119 -22.6383433 10.0999926,4.208566 -22.61809635 -2.00000739,4.208566 -22.6181003 10.09999261,4.193022 -22.59860535 -2.00000739,4.193022 -22.5986093 10.09999261,4.176526 -22.57991335 -2.00000738,4.176526 -22.5799173 10.09999262,4.159118 -22.56206635 -2.00000737,4.159118 -22.5620703 10.09999263,4.140843 -22.54510835 -2.00000737,4.140843 -22.5451123 10.09999263,4.121745 -22.52908435 -2.00000736,4.121745 -22.5290883 10.09999264,4.101872 -22.51402935 -2.00000736,4.101872 -22.5140333 10.09999264,4.081273 -22.49998635 -2.00000735,4.081273 -22.4999903 10.09999265,4.06 -22.48698735 -2.00000735,4.06 -22.4869913 10.09999265,4.038105 -22.47506235 -2.00000734,4.038105 -22.4750663 10.09999266,4.015644 -22.46424635 -2.00000734,4.015644 -22.4642503 10.09999266,3.992671 -22.45456235 -2.00000734,3.992671 -22.4545663 10.09999266,3.969243 -22.44603435 -2.00000734,3.969243 -22.4460383 10.09999266,3.94542 -22.43868735 -2.00000733,3.94542 -22.4386913 10.09999267,3.92126 -22.43253435 -2.00000733,3.92126 -22.4325383 10.09999267,3.896824 -22.42759635 -2.00000733,3.896824 -22.4276003 10.09999267,3.872172 -22.42387935 -2.00000733,3.872172 -22.4238833 10.09999267,3.847365 -22.4214013 10.09999267,3.847365 -22.42139735 -2.00000733,3.822465 -22.42015435 -2.00000733,3.822465 -22.4201583 10.09999267,3.797535 -22.42015435 -2.00000733,3.797535 -22.4201583 10.09999267,3.772635 -22.42139735 -2.00000733,3.772635 -22.4214013 10.09999267,3.747828 -22.42387935 -2.00000733,3.747828 -22.4238833 10.09999267,3.723176 -22.42759635 -2.00000733,3.723176 -22.4276003 10.09999267,3.69874 -22.43253435 -2.00000733,3.69874 -22.4325383 10.09999267,3.67458 -22.4386913 10.09999267,3.67458 -22.43868735 -2.00000733,3.650757 -22.44603435 -2.00000734,3.650757 -22.4460383 10.09999266,3.62733 -22.45456235 -2.00000734,3.62733 -22.4545663 10.09999266,3.604357 -22.46424635 -2.00000734,3.604357 -22.4642503 10.09999266,3.581895 -22.47506235 -2.00000734,3.581895 -22.4750663 10.09999266,3.56 -22.48698735 -2.00000735,3.56 -22.4869913 10.09999265,3.538727 -22.4999903 10.09999265,3.538727 -22.49998635 -2.00000735,3.518128 -22.51402935 -2.00000736,3.518128 -22.5140333 10.09999264,3.498255 -22.52908435 -2.00000736,3.498255 -22.5290883 10.09999264,3.479157 -22.5451123 10.09999263,3.479157 -22.54510835 -2.00000737,3.460882 -22.56206635 -2.00000737,3.460882 -22.5620703 10.09999263,3.443474 -22.5799173 10.09999262,3.443474 -22.57991335 -2.00000738,3.426978 -22.59860535 -2.00000739,3.426978 -22.5986093 10.09999261,3.411434 -22.61809635 -2.00000739,3.411434 -22.6181003 10.09999261,3.396881 -22.63833935 -2.0000074,3.396881 -22.6383433 10.0999926,3.383355 -22.6592863 10.0999926,3.383355 -22.65928235 -2.0000074,3.370889 -22.6808773 10.09999259,3.370889 -22.68087335 -2.00000741,3.359516 -22.70305735 -2.00000742,3.359516 -22.7030613 10.09999258,3.349262 -22.72578135 -2.00000743,3.349262 -22.7257853 10.09999257,3.340154 -22.74898835 -2.00000743,3.340154 -22.7489923 10.09999257,3.332214 -22.77262235 -2.00000744,3.332214 -22.7726263 10.09999256,3.325461 -22.79662035 -2.00000745,3.325461 -22.7966243 10.09999255,3.319914 -22.82092635 -2.00000746,3.319914 -22.8209303 10.09999254,3.315585 -22.84547735 -2.00000747,3.315585 -22.8454813 10.09999253,3.312485 -22.87021535 -2.00000747,3.312485 -22.8702193 10.09999253,3.310622 -22.89507635 -2.00000748,3.310622 -22.8950803 10.09999252,3.31 -22.91999935 -2.00000749,3.31 -22.9200033 10.09999251,3.310622 -22.94492235 -2.0000075,3.310622 -22.9449263 10.0999925,3.312485 -22.96978335 -2.00000751,3.312485 -22.9697873 10.09999249,3.315585 -22.9945233 10.09999249,3.315585 -22.99451935 -2.00000751,3.319914 -23.01907235 -2.00000752,3.319914 -23.0190763 10.09999248,3.325461 -23.04337835 -2.00000753,3.325461 -23.0433823 10.09999247,3.332214 -23.06737635 -2.00000754,3.332214 -23.0673803 10.09999246,3.340154 -23.09100835 -2.00000755,3.340154 -23.0910123 10.09999245,3.349262 -23.11421735 -2.00000755,3.349262 -23.1142213 10.09999245,3.359516 -23.13694135 -2.00000756,3.359516 -23.1369453 10.09999244,3.370889 -23.1591293 10.09999243,3.370889 -23.15912535 -2.00000757,3.383355 -23.18071635 -2.00000758,3.383355 -23.1807203 10.09999242,3.396881 -23.20165935 -2.00000758,3.396881 -23.2016633 10.09999242,3.411434 -23.22190235 -2.00000759,3.411434 -23.2219063 10.09999241,3.426978 -23.24139335 -2.0000076,3.426978 -23.2413973 10.0999924,3.443474 -23.26008535 -2.0000076,3.443474 -23.2600893 10.0999924,3.460882 -23.27793235 -2.00000761,3.460882 -23.2779363 10.09999239,3.479157 -23.2948943 10.09999239,3.479157 -23.29489035 -2.00000761,3.498255 -23.31091435 -2.00000762,3.498255 -23.3109183 10.09999238,3.518128 -23.32596935 -2.00000762,3.518128 -23.3259733 10.09999238,3.538727 -23.34001335 -2.00000763,3.538727 -23.3400173 10.09999237,3.56 -23.35301135 -2.00000763,3.56 -23.3530153 10.09999237,3.581895 -23.36493635 -2.00000764,3.581895 -23.3649403 10.09999236,3.604357 -23.37575235 -2.00000764,3.604357 -23.3757563 10.09999236,3.62733 -23.3854403 10.09999236,3.62733 -23.38543635 -2.00000764,3.650757 -23.39396235 -2.00000765,3.650757 -23.3939663 10.09999235,3.67458 -23.4013153 10.09999235,3.67458 -23.40131135 -2.00000765,3.69874 -23.40746235 -2.00000765,3.69874 -23.4074663 10.09999235,3.723176 -23.41240235 -2.00000765,3.723176 -23.4124063 10.09999235,3.747828 -23.41612035 -2.00000765,3.747828 -23.4161243 10.09999235,3.772635 -23.4186053 10.09999235,3.772635 -23.41860135 -2.00000765,3.797535 -23.4198473 10.09999235,3.797535 -23.41984335 -2.00000765,3.822465 -23.41984335 -2.00000765,3.822465 -23.4198473 10.09999235,3.847365 -23.4186053 10.09999235,3.847365 -23.41860135 -2.00000765,3.872172 -23.4161243 10.09999235,3.872172 -23.41612035 -2.00000765,3.896824 -23.4124063 10.09999235,3.896824 -23.41240235 -2.00000765,3.92126 -23.40746235 -2.00000765,3.92126 -23.4074663 10.09999235,3.94542 -23.40131135 -2.00000765,3.94542 -23.4013153 10.09999235,3.969243 -23.39396235 -2.00000765,3.969243 -23.3939663 10.09999235,3.992671 -23.38543635 -2.00000764,3.992671 -23.3854403 10.09999236,4.015644 -23.3757563 10.09999236,4.015644 -23.37575235 -2.00000764,4.038105 -23.3649403 10.09999236,4.038105 -23.36493635 -2.00000764,4.06 -23.3530153 10.09999237,4.06 -23.35301135 -2.00000763,4.081273 -23.34001335 -2.00000763,4.081273 -23.3400173 10.09999237,4.101872 -23.3259733 10.09999238,4.101872 -23.32596935 -2.00000762,4.121745 -23.31091435 -2.00000762,4.121745 -23.3109183 10.09999238,4.140843 -23.29489035 -2.00000761,4.140843 -23.2948943 10.09999239,4.159118 -23.27793235 -2.00000761,4.159118 -23.2779363 10.09999239,4.176526 -23.26008535 -2.0000076,4.176526 -23.2600893 10.0999924,4.193022 -23.24139335 -2.0000076,4.193022 -23.2413973 10.0999924,4.208566 -23.22190235 -2.00000759,4.208566 -23.2219063 10.09999241,4.223119 -23.20165935 -2.00000758,4.223119 -23.2016633 10.09999242,4.236645 -23.18071635 -2.00000758,4.236645 -23.1807203 10.09999242,4.249111 -23.1591293 10.09999243,4.249111 -23.15912535 -2.00000757,4.260484 -23.13694135 -2.00000756,4.260484 -23.1369453 10.09999244,4.270738 -23.11421735 -2.00000755,4.270738 -23.1142213 10.09999245,4.279846 -23.09100835 -2.00000755,4.279846 -23.0910123 10.09999245,4.287786 -23.06737635 -2.00000754,4.287786 -23.0673803 10.09999246,4.294538 -23.04337835 -2.00000753,4.294538 -23.0433823 10.09999247,4.300086 -23.01907235 -2.00000752,4.300086 -23.0190763 10.09999248,4.304415 -22.99451935 -2.00000751,4.304415 -22.9945233 10.09999249,4.307516 -22.96978335 -2.00000751,4.307516 -22.9697873 10.09999249,4.309379 -22.94492235 -2.0000075,4.309379 -22.9449263 10.0999925,4.309379 -25.43507735 -2.00000831,4.31 -25.4600023 10.09999168,4.31 -25.45999835 -2.00000832,4.309379 -25.4350813 10.09999169,4.307516 -25.41021435 -2.0000083,4.307516 -25.4102183 10.0999917,4.304415 -25.3854823 10.0999917,4.304415 -25.38547835 -2.0000083,4.300086 -25.36092735 -2.00000829,4.300086 -25.3609313 10.09999171,4.294538 -25.3366253 10.09999172,4.294538 -25.33662135 -2.00000828,4.287786 -25.31262135 -2.00000827,4.287786 -25.3126253 10.09999173,4.279846 -25.28898935 -2.00000826,4.279846 -25.2889933 10.09999174,4.270738 -25.26578235 -2.00000826,4.270738 -25.2657863 10.09999174,4.260484 -25.2430603 10.09999175,4.260484 -25.24305635 -2.00000825,4.249111 -25.22087235 -2.00000824,4.249111 -25.2208763 10.09999176,4.236645 -25.1992853 10.09999177,4.236645 -25.19928135 -2.00000823,4.223119 -25.17834035 -2.00000823,4.223119 -25.1783443 10.09999177,4.208566 -25.15809735 -2.00000822,4.208566 -25.1581013 10.09999178,4.193022 -25.13860635 -2.00000822,4.193022 -25.1386103 10.09999178,4.176526 -25.11991235 -2.00000821,4.176526 -25.1199163 10.09999179,4.159118 -25.10206535 -2.0000082,4.159118 -25.1020693 10.0999918,4.140843 -25.08510935 -2.0000082,4.140843 -25.0851133 10.0999918,4.121745 -25.06908335 -2.00000819,4.121745 -25.0690873 10.09999181,4.101872 -25.05403035 -2.00000819,4.101872 -25.0540343 10.09999181,4.081273 -25.03998735 -2.00000818,4.081273 -25.0399913 10.09999182,4.06 -25.02698635 -2.00000818,4.06 -25.0269903 10.09999182,4.038105 -25.01506335 -2.00000817,4.038105 -25.0150673 10.09999183,4.015644 -25.00424735 -2.00000817,4.015644 -25.0042513 10.09999183,3.992671 -24.99456335 -2.00000817,3.992671 -24.9945673 10.09999183,3.969243 -24.98603535 -2.00000817,3.969243 -24.9860393 10.09999183,3.94542 -24.97868635 -2.00000816,3.94542 -24.9786903 10.09999184,3.92126 -24.97253535 -2.00000816,3.92126 -24.9725393 10.09999184,3.896824 -24.96759535 -2.00000816,3.896824 -24.9675993 10.09999184,3.872172 -24.96388035 -2.00000816,3.872172 -24.9638843 10.09999184,3.847365 -24.9614003 10.09999184,3.847365 -24.96139635 -2.00000816,3.822465 -24.96015435 -2.00000816,3.822465 -24.9601583 10.09999184,3.797535 -24.96015435 -2.00000816,3.797535 -24.9601583 10.09999184,3.772635 -24.96139635 -2.00000816,3.772635 -24.9614003 10.09999184,3.747828 -24.96388035 -2.00000816,3.747828 -24.9638843 10.09999184,3.723176 -24.96759535 -2.00000816,3.723176 -24.9675993 10.09999184,3.69874 -24.97253535 -2.00000816,3.69874 -24.9725393 10.09999184,3.67458 -24.9786903 10.09999184,3.67458 -24.97868635 -2.00000816,3.650757 -24.98603535 -2.00000817,3.650757 -24.9860393 10.09999183,3.62733 -24.99456335 -2.00000817,3.62733 -24.9945673 10.09999183,3.604357 -25.00424735 -2.00000817,3.604357 -25.0042513 10.09999183,3.581895 -25.01506335 -2.00000817,3.581895 -25.0150673 10.09999183,3.56 -25.02698635 -2.00000818,3.56 -25.0269903 10.09999182,3.538727 -25.0399913 10.09999182,3.538727 -25.03998735 -2.00000818,3.518128 -25.05403035 -2.00000819,3.518128 -25.0540343 10.09999181,3.498255 -25.06908335 -2.00000819,3.498255 -25.0690873 10.09999181,3.479157 -25.0851133 10.0999918,3.479157 -25.08510935 -2.0000082,3.460882 -25.10206535 -2.0000082,3.460882 -25.1020693 10.0999918,3.443474 -25.1199163 10.09999179,3.443474 -25.11991235 -2.00000821,3.426978 -25.13860635 -2.00000822,3.426978 -25.1386103 10.09999178,3.411434 -25.15809735 -2.00000822,3.411434 -25.1581013 10.09999178,3.396881 -25.17834035 -2.00000823,3.396881 -25.1783443 10.09999177,3.383355 -25.1992853 10.09999177,3.383355 -25.19928135 -2.00000823,3.370889 -25.2208763 10.09999176,3.370889 -25.22087235 -2.00000824,3.359516 -25.24305635 -2.00000825,3.359516 -25.2430603 10.09999175,3.349262 -25.26578235 -2.00000826,3.349262 -25.2657863 10.09999174,3.340154 -25.28898935 -2.00000826,3.340154 -25.2889933 10.09999174,3.332214 -25.31262135 -2.00000827,3.332214 -25.3126253 10.09999173,3.325461 -25.33662135 -2.00000828,3.325461 -25.3366253 10.09999172,3.319914 -25.36092735 -2.00000829,3.319914 -25.3609313 10.09999171,3.315585 -25.38547835 -2.0000083,3.315585 -25.3854823 10.0999917,3.312485 -25.41021435 -2.0000083,3.312485 -25.4102183 10.0999917,3.310622 -25.43507735 -2.00000831,3.310622 -25.4350813 10.09999169,3.31 -25.45999835 -2.00000832,3.31 -25.4600023 10.09999168,3.310622 -25.48492135 -2.00000833,3.310622 -25.4849253 10.09999167,3.312485 -25.50978435 -2.00000834,3.312485 -25.5097883 10.09999166,3.315585 -25.5345243 10.09999166,3.315585 -25.53452035 -2.00000834,3.319914 -25.55907135 -2.00000835,3.319914 -25.5590753 10.09999165,3.325461 -25.58337735 -2.00000836,3.325461 -25.5833813 10.09999164,3.332214 -25.60737735 -2.00000837,3.332214 -25.6073813 10.09999163,3.340154 -25.63100935 -2.00000838,3.340154 -25.6310133 10.09999162,3.349262 -25.65421635 -2.00000838,3.349262 -25.6542203 10.09999162,3.359516 -25.67694035 -2.00000839,3.359516 -25.6769443 10.09999161,3.370889 -25.6991303 10.0999916,3.370889 -25.69912635 -2.0000084,3.383355 -25.72071735 -2.00000841,3.383355 -25.7207213 10.09999159,3.396881 -25.74165835 -2.00000841,3.396881 -25.7416623 10.09999159,3.411434 -25.76190135 -2.00000842,3.411434 -25.7619053 10.09999158,3.426978 -25.78139235 -2.00000843,3.426978 -25.7813963 10.09999157,3.443474 -25.80008635 -2.00000843,3.443474 -25.8000903 10.09999157,3.460882 -25.81793335 -2.00000844,3.460882 -25.8179373 10.09999156,3.479157 -25.8348933 10.09999156,3.479157 -25.83488935 -2.00000844,3.498255 -25.85091535 -2.00000845,3.498255 -25.8509193 10.09999155,3.518128 -25.86596835 -2.00000845,3.518128 -25.8659723 10.09999155,3.538727 -25.88001235 -2.00000846,3.538727 -25.8800163 10.09999154,3.56 -25.89301235 -2.00000846,3.56 -25.8930163 10.09999154,3.581895 -25.90493535 -2.00000847,3.581895 -25.9049393 10.09999153,3.604357 -25.91575135 -2.00000847,3.604357 -25.9157553 10.09999153,3.62733 -25.9254393 10.09999153,3.62733 -25.92543535 -2.00000847,3.650757 -25.93396335 -2.00000848,3.650757 -25.9339673 10.09999152,3.67458 -25.9413163 10.09999152,3.67458 -25.94131235 -2.00000848,3.69874 -25.94746335 -2.00000848,3.69874 -25.9474673 10.09999152,3.723176 -25.95240335 -2.00000848,3.723176 -25.9524073 10.09999152,3.747828 -25.95611935 -2.00000848,3.747828 -25.9561233 10.09999152,3.772635 -25.9586043 10.09999152,3.772635 -25.95860035 -2.00000848,3.797535 -25.9598483 10.09999152,3.797535 -25.95984435 -2.00000848,3.822465 -25.95984435 -2.00000848,3.822465 -25.9598483 10.09999152,3.847365 -25.9586043 10.09999152,3.847365 -25.95860035 -2.00000848,3.872172 -25.9561233 10.09999152,3.872172 -25.95611935 -2.00000848,3.896824 -25.9524073 10.09999152,3.896824 -25.95240335 -2.00000848,3.92126 -25.94746335 -2.00000848,3.92126 -25.9474673 10.09999152,3.94542 -25.94131235 -2.00000848,3.94542 -25.9413163 10.09999152,3.969243 -25.93396335 -2.00000848,3.969243 -25.9339673 10.09999152,3.992671 -25.92543535 -2.00000847,3.992671 -25.9254393 10.09999153,4.015644 -25.9157553 10.09999153,4.015644 -25.91575135 -2.00000847,4.038105 -25.9049393 10.09999153,4.038105 -25.90493535 -2.00000847,4.06 -25.8930163 10.09999154,4.06 -25.89301235 -2.00000846,4.081273 -25.88001235 -2.00000846,4.081273 -25.8800163 10.09999154,4.101872 -25.8659723 10.09999155,4.101872 -25.86596835 -2.00000845,4.121745 -25.85091535 -2.00000845,4.121745 -25.8509193 10.09999155,4.140843 -25.83488935 -2.00000844,4.140843 -25.8348933 10.09999156,4.159118 -25.81793335 -2.00000844,4.159118 -25.8179373 10.09999156,4.176526 -25.80008635 -2.00000843,4.176526 -25.8000903 10.09999157,4.193022 -25.78139235 -2.00000843,4.193022 -25.7813963 10.09999157,4.208566 -25.76190135 -2.00000842,4.208566 -25.7619053 10.09999158,4.223119 -25.74165835 -2.00000841,4.223119 -25.7416623 10.09999159,4.236645 -25.72071735 -2.00000841,4.236645 -25.7207213 10.09999159,4.249111 -25.6991303 10.0999916,4.249111 -25.69912635 -2.0000084,4.260484 -25.67694035 -2.00000839,4.260484 -25.6769443 10.09999161,4.270738 -25.65421635 -2.00000838,4.270738 -25.6542203 10.09999162,4.279846 -25.63100935 -2.00000838,4.279846 -25.6310133 10.09999162,4.287786 -25.60737735 -2.00000837,4.287786 -25.6073813 10.09999163,4.294538 -25.58337735 -2.00000836,4.294538 -25.5833813 10.09999164,4.300086 -25.55907135 -2.00000835,4.300086 -25.5590753 10.09999165,4.304415 -25.53452035 -2.00000834,4.304415 -25.5345243 10.09999166,4.307516 -25.50978435 -2.00000834,4.307516 -25.5097883 10.09999166,4.309379 -25.48492135 -2.00000833,4.309379 -25.4849253 10.09999167,6.849379 -22.89507635 -2.00000748,6.85 -22.9200033 10.09999251,6.85 -22.91999935 -2.00000749,6.849379 -22.8950803 10.09999252,6.847516 -22.87021535 -2.00000747,6.847516 -22.8702193 10.09999253,6.844415 -22.8454813 10.09999253,6.844415 -22.84547735 -2.00000747,6.840086 -22.82092635 -2.00000746,6.840086 -22.8209303 10.09999254,6.834538 -22.7966243 10.09999255,6.834538 -22.79662035 -2.00000745,6.827786 -22.77262235 -2.00000744,6.827786 -22.7726263 10.09999256,6.819846 -22.74898835 -2.00000743,6.819846 -22.7489923 10.09999257,6.810738 -22.72578135 -2.00000743,6.810738 -22.7257853 10.09999257,6.800485 -22.7030613 10.09999258,6.800485 -22.70305735 -2.00000742,6.789111 -22.68087335 -2.00000741,6.789111 -22.6808773 10.09999259,6.776646 -22.6592863 10.0999926,6.776646 -22.65928235 -2.0000074,6.763119 -22.63833935 -2.0000074,6.763119 -22.6383433 10.0999926,6.748566 -22.61809635 -2.00000739,6.748566 -22.6181003 10.09999261,6.733022 -22.59860535 -2.00000739,6.733022 -22.5986093 10.09999261,6.716526 -22.57991335 -2.00000738,6.716526 -22.5799173 10.09999262,6.699119 -22.56206635 -2.00000737,6.699119 -22.5620703 10.09999263,6.680843 -22.54510835 -2.00000737,6.680843 -22.5451123 10.09999263,6.661745 -22.52908435 -2.00000736,6.661745 -22.5290883 10.09999264,6.641872 -22.51402935 -2.00000736,6.641872 -22.5140333 10.09999264,6.621273 -22.49998635 -2.00000735,6.621273 -22.4999903 10.09999265,6.6 -22.48698735 -2.00000735,6.6 -22.4869913 10.09999265,6.578105 -22.47506235 -2.00000734,6.578105 -22.4750663 10.09999266,6.555644 -22.46424635 -2.00000734,6.555644 -22.4642503 10.09999266,6.53267 -22.45456235 -2.00000734,6.53267 -22.4545663 10.09999266,6.509243 -22.44603435 -2.00000734,6.509243 -22.4460383 10.09999266,6.48542 -22.43868735 -2.00000733,6.48542 -22.4386913 10.09999267,6.46126 -22.43253435 -2.00000733,6.46126 -22.4325383 10.09999267,6.436824 -22.42759635 -2.00000733,6.436824 -22.4276003 10.09999267,6.412172 -22.42387935 -2.00000733,6.412172 -22.4238833 10.09999267,6.387365 -22.4214013 10.09999267,6.387365 -22.42139735 -2.00000733,6.362465 -22.42015435 -2.00000733,6.362465 -22.4201583 10.09999267,6.337534 -22.42015435 -2.00000733,6.337534 -22.4201583 10.09999267,6.312635 -22.42139735 -2.00000733,6.312635 -22.4214013 10.09999267,6.287828 -22.42387935 -2.00000733,6.287828 -22.4238833 10.09999267,6.263176 -22.42759635 -2.00000733,6.263176 -22.4276003 10.09999267,6.238739 -22.43253435 -2.00000733,6.238739 -22.4325383 10.09999267,6.21458 -22.4386913 10.09999267,6.21458 -22.43868735 -2.00000733,6.190757 -22.44603435 -2.00000734,6.190757 -22.4460383 10.09999266,6.167329 -22.45456235 -2.00000734,6.167329 -22.4545663 10.09999266,6.144356 -22.46424635 -2.00000734,6.144356 -22.4642503 10.09999266,6.121895 -22.47506235 -2.00000734,6.121895 -22.4750663 10.09999266,6.1 -22.48698735 -2.00000735,6.1 -22.4869913 10.09999265,6.078727 -22.4999903 10.09999265,6.078727 -22.49998635 -2.00000735,6.058128 -22.51402935 -2.00000736,6.058128 -22.5140333 10.09999264,6.038255 -22.52908435 -2.00000736,6.038255 -22.5290883 10.09999264,6.019157 -22.5451123 10.09999263,6.019157 -22.54510835 -2.00000737,6.000882 -22.56206635 -2.00000737,6.000882 -22.5620703 10.09999263,5.983474 -22.5799173 10.09999262,5.983474 -22.57991335 -2.00000738,5.966978 -22.59860535 -2.00000739,5.966978 -22.5986093 10.09999261,5.951434 -22.61809635 -2.00000739,5.951434 -22.6181003 10.09999261,5.936881 -22.63833935 -2.0000074,5.936881 -22.6383433 10.0999926,5.923355 -22.6592863 10.0999926,5.923355 -22.65928235 -2.0000074,5.910889 -22.6808773 10.09999259,5.910889 -22.68087335 -2.00000741,5.899516 -22.70305735 -2.00000742,5.899516 -22.7030613 10.09999258,5.889262 -22.72578135 -2.00000743,5.889262 -22.7257853 10.09999257,5.880154 -22.74898835 -2.00000743,5.880154 -22.7489923 10.09999257,5.872213 -22.77262235 -2.00000744,5.872213 -22.7726263 10.09999256,5.865461 -22.79662035 -2.00000745,5.865461 -22.7966243 10.09999255,5.859914 -22.82092635 -2.00000746,5.859914 -22.8209303 10.09999254,5.855585 -22.84547735 -2.00000747,5.855585 -22.8454813 10.09999253,5.852485 -22.87021535 -2.00000747,5.852485 -22.8702193 10.09999253,5.850622 -22.89507635 -2.00000748,5.850622 -22.8950803 10.09999252,5.85 -22.91999935 -2.00000749,5.85 -22.9200033 10.09999251,5.850622 -22.94492235 -2.0000075,5.850622 -22.9449263 10.0999925,5.852485 -22.96978335 -2.00000751,5.852485 -22.9697873 10.09999249,5.855585 -22.9945233 10.09999249,5.855585 -22.99451935 -2.00000751,5.859914 -23.01907235 -2.00000752,5.859914 -23.0190763 10.09999248,5.865461 -23.04337835 -2.00000753,5.865461 -23.0433823 10.09999247,5.872213 -23.06737635 -2.00000754,5.872213 -23.0673803 10.09999246,5.880154 -23.09100835 -2.00000755,5.880154 -23.0910123 10.09999245,5.889262 -23.11421735 -2.00000755,5.889262 -23.1142213 10.09999245,5.899516 -23.13694135 -2.00000756,5.899516 -23.1369453 10.09999244,5.910889 -23.1591293 10.09999243,5.910889 -23.15912535 -2.00000757,5.923355 -23.18071635 -2.00000758,5.923355 -23.1807203 10.09999242,5.936881 -23.20165935 -2.00000758,5.936881 -23.2016633 10.09999242,5.951434 -23.22190235 -2.00000759,5.951434 -23.2219063 10.09999241,5.966978 -23.24139335 -2.0000076,5.966978 -23.2413973 10.0999924,5.983474 -23.26008535 -2.0000076,5.983474 -23.2600893 10.0999924,6.000882 -23.27793235 -2.00000761,6.000882 -23.2779363 10.09999239,6.019157 -23.2948943 10.09999239,6.019157 -23.29489035 -2.00000761,6.038255 -23.31091435 -2.00000762,6.038255 -23.3109183 10.09999238,6.058128 -23.32596935 -2.00000762,6.058128 -23.3259733 10.09999238,6.078727 -23.34001335 -2.00000763,6.078727 -23.3400173 10.09999237,6.1 -23.35301135 -2.00000763,6.1 -23.3530153 10.09999237,6.121895 -23.36493635 -2.00000764,6.121895 -23.3649403 10.09999236,6.144356 -23.37575235 -2.00000764,6.144356 -23.3757563 10.09999236,6.167329 -23.3854403 10.09999236,6.167329 -23.38543635 -2.00000764,6.190757 -23.39396235 -2.00000765,6.190757 -23.3939663 10.09999235,6.21458 -23.4013153 10.09999235,6.21458 -23.40131135 -2.00000765,6.238739 -23.40746235 -2.00000765,6.238739 -23.4074663 10.09999235,6.263176 -23.41240235 -2.00000765,6.263176 -23.4124063 10.09999235,6.287828 -23.41612035 -2.00000765,6.287828 -23.4161243 10.09999235,6.312635 -23.4186053 10.09999235,6.312635 -23.41860135 -2.00000765,6.337534 -23.4198473 10.09999235,6.337534 -23.41984335 -2.00000765,6.362465 -23.41984335 -2.00000765,6.362465 -23.4198473 10.09999235,6.387365 -23.4186053 10.09999235,6.387365 -23.41860135 -2.00000765,6.412172 -23.4161243 10.09999235,6.412172 -23.41612035 -2.00000765,6.436824 -23.4124063 10.09999235,6.436824 -23.41240235 -2.00000765,6.46126 -23.40746235 -2.00000765,6.46126 -23.4074663 10.09999235,6.48542 -23.40131135 -2.00000765,6.48542 -23.4013153 10.09999235,6.509243 -23.39396235 -2.00000765,6.509243 -23.3939663 10.09999235,6.53267 -23.38543635 -2.00000764,6.53267 -23.3854403 10.09999236,6.555644 -23.3757563 10.09999236,6.555644 -23.37575235 -2.00000764,6.578105 -23.3649403 10.09999236,6.578105 -23.36493635 -2.00000764,6.6 -23.3530153 10.09999237,6.6 -23.35301135 -2.00000763,6.621273 -23.34001335 -2.00000763,6.621273 -23.3400173 10.09999237,6.641872 -23.3259733 10.09999238,6.641872 -23.32596935 -2.00000762,6.661745 -23.31091435 -2.00000762,6.661745 -23.3109183 10.09999238,6.680843 -23.29489035 -2.00000761,6.680843 -23.2948943 10.09999239,6.699119 -23.27793235 -2.00000761,6.699119 -23.2779363 10.09999239,6.716526 -23.26008535 -2.0000076,6.716526 -23.2600893 10.0999924,6.733022 -23.24139335 -2.0000076,6.733022 -23.2413973 10.0999924,6.748566 -23.22190235 -2.00000759,6.748566 -23.2219063 10.09999241,6.763119 -23.20165935 -2.00000758,6.763119 -23.2016633 10.09999242,6.776646 -23.18071635 -2.00000758,6.776646 -23.1807203 10.09999242,6.789111 -23.1591293 10.09999243,6.789111 -23.15912535 -2.00000757,6.800485 -23.13694135 -2.00000756,6.800485 -23.1369453 10.09999244,6.810738 -23.11421735 -2.00000755,6.810738 -23.1142213 10.09999245,6.819846 -23.09100835 -2.00000755,6.819846 -23.0910123 10.09999245,6.827786 -23.06737635 -2.00000754,6.827786 -23.0673803 10.09999246,6.834538 -23.04337835 -2.00000753,6.834538 -23.0433823 10.09999247,6.840086 -23.01907235 -2.00000752,6.840086 -23.0190763 10.09999248,6.844415 -22.99451935 -2.00000751,6.844415 -22.9945233 10.09999249,6.847516 -22.96978335 -2.00000751,6.847516 -22.9697873 10.09999249,6.849379 -22.94492235 -2.0000075,6.849379 -22.9449263 10.0999925,6.849379 -25.43507735 -2.00000831,6.85 -25.4600023 10.09999168,6.85 -25.45999835 -2.00000832,6.849379 -25.4350813 10.09999169,6.847516 -25.41021435 -2.0000083,6.847516 -25.4102183 10.0999917,6.844415 -25.3854823 10.0999917,6.844415 -25.38547835 -2.0000083,6.840086 -25.36092735 -2.00000829,6.840086 -25.3609313 10.09999171,6.834538 -25.3366253 10.09999172,6.834538 -25.33662135 -2.00000828,6.827786 -25.31262135 -2.00000827,6.827786 -25.3126253 10.09999173,6.819846 -25.28898935 -2.00000826,6.819846 -25.2889933 10.09999174,6.810738 -25.26578235 -2.00000826,6.810738 -25.2657863 10.09999174,6.800485 -25.2430603 10.09999175,6.800485 -25.24305635 -2.00000825,6.789111 -25.22087235 -2.00000824,6.789111 -25.2208763 10.09999176,6.776646 -25.1992853 10.09999177,6.776646 -25.19928135 -2.00000823,6.763119 -25.17834035 -2.00000823,6.763119 -25.1783443 10.09999177,6.748566 -25.15809735 -2.00000822,6.748566 -25.1581013 10.09999178,6.733022 -25.13860635 -2.00000822,6.733022 -25.1386103 10.09999178,6.716526 -25.11991235 -2.00000821,6.716526 -25.1199163 10.09999179,6.699119 -25.10206535 -2.0000082,6.699119 -25.1020693 10.0999918,6.680843 -25.08510935 -2.0000082,6.680843 -25.0851133 10.0999918,6.661745 -25.06908335 -2.00000819,6.661745 -25.0690873 10.09999181,6.641872 -25.05403035 -2.00000819,6.641872 -25.0540343 10.09999181,6.621273 -25.03998735 -2.00000818,6.621273 -25.0399913 10.09999182,6.6 -25.02698635 -2.00000818,6.6 -25.0269903 10.09999182,6.578105 -25.01506335 -2.00000817,6.578105 -25.0150673 10.09999183,6.555644 -25.00424735 -2.00000817,6.555644 -25.0042513 10.09999183,6.53267 -24.99456335 -2.00000817,6.53267 -24.9945673 10.09999183,6.509243 -24.98603535 -2.00000817,6.509243 -24.9860393 10.09999183,6.48542 -24.97868635 -2.00000816,6.48542 -24.9786903 10.09999184,6.46126 -24.97253535 -2.00000816,6.46126 -24.9725393 10.09999184,6.436824 -24.96759535 -2.00000816,6.436824 -24.9675993 10.09999184,6.412172 -24.96388035 -2.00000816,6.412172 -24.9638843 10.09999184,6.387365 -24.9614003 10.09999184,6.387365 -24.96139635 -2.00000816,6.362465 -24.96015435 -2.00000816,6.362465 -24.9601583 10.09999184,6.337534 -24.96015435 -2.00000816,6.337534 -24.9601583 10.09999184,6.312635 -24.96139635 -2.00000816,6.312635 -24.9614003 10.09999184,6.287828 -24.96388035 -2.00000816,6.287828 -24.9638843 10.09999184,6.263176 -24.96759535 -2.00000816,6.263176 -24.9675993 10.09999184,6.238739 -24.97253535 -2.00000816,6.238739 -24.9725393 10.09999184,6.21458 -24.9786903 10.09999184,6.21458 -24.97868635 -2.00000816,6.190757 -24.98603535 -2.00000817,6.190757 -24.9860393 10.09999183,6.167329 -24.99456335 -2.00000817,6.167329 -24.9945673 10.09999183,6.144356 -25.00424735 -2.00000817,6.144356 -25.0042513 10.09999183,6.121895 -25.01506335 -2.00000817,6.121895 -25.0150673 10.09999183,6.1 -25.02698635 -2.00000818,6.1 -25.0269903 10.09999182,6.078727 -25.0399913 10.09999182,6.078727 -25.03998735 -2.00000818,6.058128 -25.05403035 -2.00000819,6.058128 -25.0540343 10.09999181,6.038255 -25.06908335 -2.00000819,6.038255 -25.0690873 10.09999181,6.019157 -25.0851133 10.0999918,6.019157 -25.08510935 -2.0000082,6.000882 -25.10206535 -2.0000082,6.000882 -25.1020693 10.0999918,5.983474 -25.1199163 10.09999179,5.983474 -25.11991235 -2.00000821,5.966978 -25.13860635 -2.00000822,5.966978 -25.1386103 10.09999178,5.951434 -25.15809735 -2.00000822,5.951434 -25.1581013 10.09999178,5.936881 -25.17834035 -2.00000823,5.936881 -25.1783443 10.09999177,5.923355 -25.1992853 10.09999177,5.923355 -25.19928135 -2.00000823,5.910889 -25.2208763 10.09999176,5.910889 -25.22087235 -2.00000824,5.899516 -25.24305635 -2.00000825,5.899516 -25.2430603 10.09999175,5.889262 -25.26578235 -2.00000826,5.889262 -25.2657863 10.09999174,5.880154 -25.28898935 -2.00000826,5.880154 -25.2889933 10.09999174,5.872213 -25.31262135 -2.00000827,5.872213 -25.3126253 10.09999173,5.865461 -25.33662135 -2.00000828,5.865461 -25.3366253 10.09999172,5.859914 -25.36092735 -2.00000829,5.859914 -25.3609313 10.09999171,5.855585 -25.38547835 -2.0000083,5.855585 -25.3854823 10.0999917,5.852485 -25.41021435 -2.0000083,5.852485 -25.4102183 10.0999917,5.850622 -25.43507735 -2.00000831,5.850622 -25.4350813 10.09999169,5.85 -25.45999835 -2.00000832,5.85 -25.4600023 10.09999168,5.850622 -25.48492135 -2.00000833,5.850622 -25.4849253 10.09999167,5.852485 -25.50978435 -2.00000834,5.852485 -25.5097883 10.09999166,5.855585 -25.5345243 10.09999166,5.855585 -25.53452035 -2.00000834,5.859914 -25.55907135 -2.00000835,5.859914 -25.5590753 10.09999165,5.865461 -25.58337735 -2.00000836,5.865461 -25.5833813 10.09999164,5.872213 -25.60737735 -2.00000837,5.872213 -25.6073813 10.09999163,5.880154 -25.63100935 -2.00000838,5.880154 -25.6310133 10.09999162,5.889262 -25.65421635 -2.00000838,5.889262 -25.6542203 10.09999162,5.899516 -25.67694035 -2.00000839,5.899516 -25.6769443 10.09999161,5.910889 -25.6991303 10.0999916,5.910889 -25.69912635 -2.0000084,5.923355 -25.72071735 -2.00000841,5.923355 -25.7207213 10.09999159,5.936881 -25.74165835 -2.00000841,5.936881 -25.7416623 10.09999159,5.951434 -25.76190135 -2.00000842,5.951434 -25.7619053 10.09999158,5.966978 -25.78139235 -2.00000843,5.966978 -25.7813963 10.09999157,5.983474 -25.80008635 -2.00000843,5.983474 -25.8000903 10.09999157,6.000882 -25.81793335 -2.00000844,6.000882 -25.8179373 10.09999156,6.019157 -25.8348933 10.09999156,6.019157 -25.83488935 -2.00000844,6.038255 -25.85091535 -2.00000845,6.038255 -25.8509193 10.09999155,6.058128 -25.86596835 -2.00000845,6.058128 -25.8659723 10.09999155,6.078727 -25.88001235 -2.00000846,6.078727 -25.8800163 10.09999154,6.1 -25.89301235 -2.00000846,6.1 -25.8930163 10.09999154,6.121895 -25.90493535 -2.00000847,6.121895 -25.9049393 10.09999153,6.144356 -25.91575135 -2.00000847,6.144356 -25.9157553 10.09999153,6.167329 -25.9254393 10.09999153,6.167329 -25.92543535 -2.00000847,6.190757 -25.93396335 -2.00000848,6.190757 -25.9339673 10.09999152,6.21458 -25.9413163 10.09999152,6.21458 -25.94131235 -2.00000848,6.238739 -25.94746335 -2.00000848,6.238739 -25.9474673 10.09999152,6.263176 -25.95240335 -2.00000848,6.263176 -25.9524073 10.09999152,6.287828 -25.95611935 -2.00000848,6.287828 -25.9561233 10.09999152,6.312635 -25.9586043 10.09999152,6.312635 -25.95860035 -2.00000848,6.337534 -25.9598483 10.09999152,6.337534 -25.95984435 -2.00000848,6.362465 -25.95984435 -2.00000848,6.362465 -25.9598483 10.09999152,6.387365 -25.9586043 10.09999152,6.387365 -25.95860035 -2.00000848,6.412172 -25.9561233 10.09999152,6.412172 -25.95611935 -2.00000848,6.436824 -25.9524073 10.09999152,6.436824 -25.95240335 -2.00000848,6.46126 -25.94746335 -2.00000848,6.46126 -25.9474673 10.09999152,6.48542 -25.94131235 -2.00000848,6.48542 -25.9413163 10.09999152,6.509243 -25.93396335 -2.00000848,6.509243 -25.9339673 10.09999152,6.53267 -25.92543535 -2.00000847,6.53267 -25.9254393 10.09999153,6.555644 -25.9157553 10.09999153,6.555644 -25.91575135 -2.00000847,6.578105 -25.9049393 10.09999153,6.578105 -25.90493535 -2.00000847,6.6 -25.8930163 10.09999154,6.6 -25.89301235 -2.00000846,6.621273 -25.88001235 -2.00000846,6.621273 -25.8800163 10.09999154,6.641872 -25.8659723 10.09999155,6.641872 -25.86596835 -2.00000845,6.661745 -25.85091535 -2.00000845,6.661745 -25.8509193 10.09999155,6.680843 -25.83488935 -2.00000844,6.680843 -25.8348933 10.09999156,6.699119 -25.81793335 -2.00000844,6.699119 -25.8179373 10.09999156,6.716526 -25.80008635 -2.00000843,6.716526 -25.8000903 10.09999157,6.733022 -25.78139235 -2.00000843,6.733022 -25.7813963 10.09999157,6.748566 -25.76190135 -2.00000842,6.748566 -25.7619053 10.09999158,6.763119 -25.74165835 -2.00000841,6.763119 -25.7416623 10.09999159,6.776646 -25.72071735 -2.00000841,6.776646 -25.7207213 10.09999159,6.789111 -25.6991303 10.0999916,6.789111 -25.69912635 -2.0000084,6.800485 -25.67694035 -2.00000839,6.800485 -25.6769443 10.09999161,6.810738 -25.65421635 -2.00000838,6.810738 -25.6542203 10.09999162,6.819846 -25.63100935 -2.00000838,6.819846 -25.6310133 10.09999162,6.827786 -25.60737735 -2.00000837,6.827786 -25.6073813 10.09999163,6.834538 -25.58337735 -2.00000836,6.834538 -25.5833813 10.09999164,6.840086 -25.55907135 -2.00000835,6.840086 -25.5590753 10.09999165,6.844415 -25.53452035 -2.00000834,6.844415 -25.5345243 10.09999166,6.847516 -25.50978435 -2.00000834,6.847516 -25.5097883 10.09999166,6.849379 -25.48492135 -2.00000833,6.849379 -25.4849253 10.09999167                          ]
                        }
                        coordIndex [
0,1,2,-1,0,3,1,-1,4,5,3,-1,4,6,5,-1,4,3,0,-1,7,6,4,-1,8,9,6,-1,8,10,9,-1,8,6,7,-1,11,10,8,-1,12,13,10,-1,12,10,11,-1,14,15,13,-1,14,13,12,-1,16,17,15,-1,16,18,17,-1,16,15,14,-1,19,18,16,-1,20,21,18,-1,20,22,21,-1,20,18,19,-1,23,22,20,-1,24,22,23,-1,24,25,22,-1,26,25,24,-1,26,27,25,-1,28,27,26,-1,28,29,27,-1,30,31,29,-1,30,29,28,-1,32,33,31,-1,32,31,30,-1,34,35,33,-1,34,33,32,-1,36,37,35,-1,36,35,34,-1,38,39,37,-1,38,37,36,-1,40,41,39,-1,40,39,38,-1,42,43,41,-1,42,41,40,-1,44,45,43,-1,44,43,42,-1,46,47,45,-1,46,45,44,-1,48,49,47,-1,48,47,46,-1,50,51,49,-1,50,49,48,-1,52,53,51,-1,52,51,50,-1,54,55,53,-1,54,53,52,-1,56,57,55,-1,56,55,54,-1,58,59,57,-1,58,60,59,-1,58,57,56,-1,61,60,58,-1,62,63,60,-1,62,60,61,-1,64,65,63,-1,64,63,62,-1,66,67,65,-1,66,65,64,-1,68,69,67,-1,68,67,66,-1,70,71,69,-1,70,69,68,-1,72,73,71,-1,72,74,73,-1,72,71,70,-1,75,74,72,-1,76,74,75,-1,76,77,74,-1,78,77,76,-1,78,79,77,-1,80,79,78,-1,80,81,79,-1,82,81,80,-1,82,83,81,-1,84,83,82,-1,84,85,83,-1,84,86,85,-1,87,86,84,-1,88,86,87,-1,88,89,86,-1,90,89,88,-1,90,91,89,-1,90,92,91,-1,93,92,90,-1,94,92,93,-1,94,95,92,-1,94,96,95,-1,97,96,94,-1,98,99,96,-1,98,96,97,-1,100,101,99,-1,100,99,98,-1,102,103,101,-1,102,104,103,-1,102,101,100,-1,105,106,104,-1,105,104,102,-1,107,106,105,-1,108,109,106,-1,108,106,107,-1,110,111,109,-1,110,109,108,-1,112,113,111,-1,112,111,110,-1,114,115,113,-1,114,113,112,-1,116,117,115,-1,116,115,114,-1,118,119,117,-1,118,117,116,-1,120,121,119,-1,120,119,118,-1,122,123,121,-1,122,121,120,-1,124,123,122,-1,124,125,123,-1,126,125,124,-1,126,127,125,-1,128,127,126,-1,128,129,127,-1,130,129,128,-1,130,131,129,-1,130,132,131,-1,133,132,130,-1,134,132,133,-1,134,135,132,-1,136,135,134,-1,136,137,135,-1,138,137,136,-1,138,139,137,-1,140,139,138,-1,140,141,139,-1,142,141,140,-1,142,143,141,-1,144,143,142,-1,144,145,143,-1,144,146,145,-1,147,146,144,-1,148,146,147,-1,148,149,146,-1,150,149,148,-1,150,151,149,-1,152,151,150,-1,152,153,151,-1,154,153,152,-1,154,155,153,-1,156,155,154,-1,156,157,155,-1,158,157,156,-1,158,159,157,-1,158,160,159,-1,161,160,158,-1,162,160,161,-1,162,163,160,-1,164,163,162,-1,164,165,163,-1,166,167,165,-1,166,165,164,-1,168,169,167,-1,168,167,166,-1,170,171,169,-1,170,169,168,-1,172,173,171,-1,172,174,173,-1,172,171,170,-1,175,174,172,-1,176,174,175,-1,176,177,174,-1,176,178,177,-1,179,178,176,-1,180,178,179,-1,180,181,178,-1,182,181,180,-1,182,183,181,-1,184,183,182,-1,184,185,183,-1,184,186,185,-1,187,186,184,-1,187,188,186,-1,189,188,187,-1,190,188,189,-1,190,191,188,-1,190,192,191,-1,193,192,190,-1,193,194,192,-1,195,194,193,-1,195,196,194,-1,197,196,195,-1,198,196,197,-1,198,199,196,-1,200,201,199,-1,200,199,198,-1,202,203,201,-1,202,201,200,-1,204,205,203,-1,204,206,205,-1,204,203,202,-1,207,208,206,-1,207,206,204,-1,209,210,208,-1,209,208,207,-1,211,210,209,-1,212,213,210,-1,212,214,213,-1,212,210,211,-1,215,214,212,-1,216,217,214,-1,216,214,215,-1,218,219,217,-1,218,217,216,-1,220,221,219,-1,220,219,218,-1,222,223,221,-1,222,221,220,-1,224,223,222,-1,224,225,223,-1,226,225,224,-1,226,227,225,-1,228,227,226,-1,228,229,227,-1,230,229,228,-1,230,231,229,-1,230,232,231,-1,233,232,230,-1,234,235,232,-1,234,232,233,-1,236,237,235,-1,236,235,234,-1,238,239,237,-1,238,237,236,-1,240,241,239,-1,240,239,238,-1,242,243,241,-1,242,241,240,-1,244,245,243,-1,244,243,242,-1,246,247,245,-1,246,245,244,-1,248,249,247,-1,248,247,246,-1,250,251,249,-1,250,249,248,-1,2,251,250,-1,2,1,251,-1,28,26,24,-1,28,24,19,-1,34,50,46,-1,34,38,36,-1,34,40,38,-1,34,46,40,-1,30,19,16,-1,30,28,19,-1,32,202,200,-1,32,12,238,-1,32,200,193,-1,32,16,12,-1,32,66,50,-1,32,212,207,-1,32,98,93,-1,32,68,66,-1,32,70,68,-1,32,72,70,-1,32,75,72,-1,32,218,212,-1,32,87,84,-1,32,105,98,-1,32,88,87,-1,32,90,88,-1,32,93,90,-1,32,107,105,-1,32,50,34,-1,32,114,112,-1,32,116,114,-1,32,118,116,-1,32,30,16,-1,32,120,118,-1,32,122,120,-1,32,234,230,-1,32,124,122,-1,32,230,218,-1,32,126,124,-1,32,128,126,-1,32,130,128,-1,32,133,130,-1,32,134,133,-1,32,136,134,-1,32,138,136,-1,32,140,138,-1,32,142,140,-1,32,144,142,-1,32,147,144,-1,32,148,147,-1,32,84,75,-1,32,150,148,-1,32,152,150,-1,32,154,152,-1,32,156,154,-1,32,158,156,-1,32,161,158,-1,32,162,161,-1,32,164,162,-1,32,166,164,-1,32,238,234,-1,32,168,166,-1,32,170,168,-1,32,172,170,-1,32,175,172,-1,32,176,175,-1,32,112,107,-1,32,179,176,-1,32,180,179,-1,32,182,180,-1,32,184,182,-1,32,187,184,-1,32,189,187,-1,32,190,189,-1,32,193,190,-1,32,207,202,-1,200,195,193,-1,200,197,195,-1,200,198,197,-1,207,204,202,-1,107,110,108,-1,107,112,110,-1,212,209,207,-1,212,211,209,-1,216,215,212,-1,98,102,100,-1,98,105,102,-1,218,216,212,-1,94,98,97,-1,93,98,94,-1,224,222,220,-1,226,224,220,-1,228,226,220,-1,230,220,218,-1,230,228,220,-1,234,233,230,-1,78,82,80,-1,238,236,234,-1,75,78,76,-1,75,84,82,-1,75,82,78,-1,246,244,242,-1,2,250,248,-1,7,0,2,-1,7,4,0,-1,7,2,248,-1,54,58,56,-1,12,8,7,-1,12,11,8,-1,12,240,238,-1,12,242,240,-1,12,248,246,-1,12,246,242,-1,12,7,248,-1,50,54,52,-1,50,61,58,-1,50,62,61,-1,50,64,62,-1,50,66,64,-1,50,58,54,-1,16,14,12,-1,46,50,48,-1,40,44,42,-1,40,46,44,-1,24,20,19,-1,24,23,20,-1,29,25,27,-1,29,18,25,-1,35,47,51,-1,35,37,39,-1,35,39,41,-1,35,41,47,-1,31,17,18,-1,31,18,29,-1,33,201,203,-1,33,239,13,-1,33,192,201,-1,33,13,17,-1,33,51,67,-1,33,206,213,-1,33,92,99,-1,33,67,69,-1,33,69,71,-1,33,71,73,-1,33,73,74,-1,33,213,219,-1,33,85,86,-1,33,99,104,-1,33,86,89,-1,33,89,91,-1,33,91,92,-1,33,104,106,-1,33,35,51,-1,33,113,115,-1,33,115,117,-1,33,117,119,-1,33,17,31,-1,33,119,121,-1,33,121,123,-1,33,231,235,-1,33,123,125,-1,33,219,231,-1,33,125,127,-1,33,127,129,-1,33,129,131,-1,33,131,132,-1,33,132,135,-1,33,135,137,-1,33,137,139,-1,33,139,141,-1,33,141,143,-1,33,143,145,-1,33,145,146,-1,33,146,149,-1,33,74,85,-1,33,149,151,-1,33,151,153,-1,33,153,155,-1,33,155,157,-1,33,157,159,-1,33,159,160,-1,33,160,163,-1,33,163,165,-1,33,165,167,-1,33,235,239,-1,33,167,169,-1,33,169,171,-1,33,171,173,-1,33,173,174,-1,33,174,177,-1,33,106,113,-1,33,177,178,-1,33,178,181,-1,33,181,183,-1,33,183,185,-1,33,185,186,-1,33,186,188,-1,33,188,191,-1,33,191,192,-1,33,203,206,-1,201,192,194,-1,201,194,196,-1,201,196,199,-1,206,203,205,-1,106,109,111,-1,106,111,113,-1,213,206,208,-1,213,208,210,-1,217,213,214,-1,99,101,103,-1,99,103,104,-1,219,213,217,-1,95,96,99,-1,92,95,99,-1,225,221,223,-1,227,221,225,-1,229,221,227,-1,231,219,221,-1,231,221,229,-1,235,231,232,-1,79,81,83,-1,239,235,237,-1,74,77,79,-1,74,83,85,-1,74,79,83,-1,247,243,245,-1,1,249,251,-1,6,1,3,-1,6,3,5,-1,6,249,1,-1,55,57,59,-1,13,6,9,-1,13,9,10,-1,13,239,241,-1,13,241,243,-1,13,247,249,-1,13,243,247,-1,13,249,6,-1,51,53,55,-1,51,59,60,-1,51,60,63,-1,51,63,65,-1,51,65,67,-1,51,55,59,-1,17,13,15,-1,47,49,51,-1,41,43,45,-1,41,45,47,-1,25,18,21,-1,25,21,22,-1,252,253,254,-1,252,255,253,-1,256,257,255,-1,256,258,257,-1,256,255,252,-1,259,258,256,-1,260,261,258,-1,260,262,261,-1,260,258,259,-1,263,262,260,-1,264,265,262,-1,264,262,263,-1,266,267,265,-1,266,265,264,-1,268,269,267,-1,268,270,269,-1,268,267,266,-1,271,270,268,-1,272,273,270,-1,272,274,273,-1,272,270,271,-1,275,274,272,-1,276,274,275,-1,276,277,274,-1,278,277,276,-1,278,279,277,-1,280,279,278,-1,280,281,279,-1,282,283,281,-1,282,281,280,-1,284,285,283,-1,284,283,282,-1,286,287,285,-1,286,285,284,-1,288,289,287,-1,288,287,286,-1,290,291,289,-1,290,289,288,-1,292,293,291,-1,292,291,290,-1,294,295,293,-1,294,293,292,-1,296,297,295,-1,296,295,294,-1,298,299,297,-1,298,297,296,-1,300,301,299,-1,300,299,298,-1,302,303,301,-1,302,301,300,-1,304,305,303,-1,304,303,302,-1,306,307,305,-1,306,305,304,-1,308,309,307,-1,308,307,306,-1,310,311,309,-1,310,312,311,-1,310,309,308,-1,313,312,310,-1,314,315,312,-1,314,312,313,-1,316,317,315,-1,316,315,314,-1,318,319,317,-1,318,317,316,-1,320,321,319,-1,320,319,318,-1,322,323,321,-1,322,321,320,-1,324,325,323,-1,324,326,325,-1,324,323,322,-1,327,326,324,-1,328,326,327,-1,328,329,326,-1,330,329,328,-1,330,331,329,-1,332,331,330,-1,332,333,331,-1,334,333,332,-1,334,335,333,-1,336,335,334,-1,336,337,335,-1,336,338,337,-1,339,338,336,-1,340,338,339,-1,340,341,338,-1,342,341,340,-1,342,343,341,-1,342,344,343,-1,345,344,342,-1,346,344,345,-1,346,347,344,-1,346,348,347,-1,349,348,346,-1,350,351,348,-1,350,348,349,-1,352,353,351,-1,352,351,350,-1,354,355,353,-1,354,356,355,-1,354,353,352,-1,357,358,356,-1,357,356,354,-1,359,358,357,-1,360,361,358,-1,360,358,359,-1,362,363,361,-1,362,361,360,-1,364,365,363,-1,364,363,362,-1,366,367,365,-1,366,365,364,-1,368,369,367,-1,368,367,366,-1,370,371,369,-1,370,369,368,-1,372,373,371,-1,372,371,370,-1,374,375,373,-1,374,373,372,-1,376,375,374,-1,376,377,375,-1,378,377,376,-1,378,379,377,-1,380,379,378,-1,380,381,379,-1,382,381,380,-1,382,383,381,-1,382,384,383,-1,385,384,382,-1,386,384,385,-1,386,387,384,-1,388,387,386,-1,388,389,387,-1,390,389,388,-1,390,391,389,-1,392,391,390,-1,392,393,391,-1,394,393,392,-1,394,395,393,-1,396,395,394,-1,396,397,395,-1,396,398,397,-1,399,398,396,-1,400,398,399,-1,400,401,398,-1,402,401,400,-1,402,403,401,-1,404,403,402,-1,404,405,403,-1,406,405,404,-1,406,407,405,-1,408,407,406,-1,408,409,407,-1,410,409,408,-1,410,411,409,-1,410,412,411,-1,413,412,410,-1,414,412,413,-1,414,415,412,-1,416,415,414,-1,416,417,415,-1,418,419,417,-1,418,417,416,-1,420,421,419,-1,420,419,418,-1,422,423,421,-1,422,421,420,-1,424,425,423,-1,424,426,425,-1,424,423,422,-1,427,426,424,-1,428,426,427,-1,428,429,426,-1,428,430,429,-1,431,430,428,-1,432,430,431,-1,432,433,430,-1,434,433,432,-1,434,435,433,-1,436,435,434,-1,436,437,435,-1,436,438,437,-1,439,438,436,-1,439,440,438,-1,441,440,439,-1,442,440,441,-1,442,443,440,-1,442,444,443,-1,445,444,442,-1,445,446,444,-1,447,446,445,-1,447,448,446,-1,449,448,447,-1,450,448,449,-1,450,451,448,-1,452,453,451,-1,452,451,450,-1,454,455,453,-1,454,453,452,-1,456,457,455,-1,456,458,457,-1,456,455,454,-1,459,460,458,-1,459,458,456,-1,461,462,460,-1,461,460,459,-1,463,462,461,-1,464,465,462,-1,464,466,465,-1,464,462,463,-1,467,466,464,-1,468,469,466,-1,468,466,467,-1,470,471,469,-1,470,469,468,-1,472,473,471,-1,472,471,470,-1,474,475,473,-1,474,473,472,-1,476,475,474,-1,476,477,475,-1,478,477,476,-1,478,479,477,-1,480,479,478,-1,480,481,479,-1,482,481,480,-1,482,483,481,-1,482,484,483,-1,485,484,482,-1,486,487,484,-1,486,484,485,-1,488,489,487,-1,488,487,486,-1,490,491,489,-1,490,489,488,-1,492,493,491,-1,492,491,490,-1,494,495,493,-1,494,493,492,-1,496,497,495,-1,496,495,494,-1,498,499,497,-1,498,497,496,-1,500,501,499,-1,500,499,498,-1,502,503,501,-1,502,501,500,-1,254,503,502,-1,254,253,503,-1,280,278,276,-1,280,276,271,-1,286,302,298,-1,286,290,288,-1,286,292,290,-1,286,298,292,-1,282,271,268,-1,282,280,271,-1,284,454,452,-1,284,264,490,-1,284,452,445,-1,284,268,264,-1,284,318,302,-1,284,464,459,-1,284,350,345,-1,284,320,318,-1,284,322,320,-1,284,324,322,-1,284,327,324,-1,284,470,464,-1,284,339,336,-1,284,357,350,-1,284,340,339,-1,284,342,340,-1,284,345,342,-1,284,359,357,-1,284,302,286,-1,284,366,364,-1,284,368,366,-1,284,370,368,-1,284,282,268,-1,284,372,370,-1,284,374,372,-1,284,486,482,-1,284,376,374,-1,284,482,470,-1,284,378,376,-1,284,380,378,-1,284,382,380,-1,284,385,382,-1,284,386,385,-1,284,388,386,-1,284,390,388,-1,284,392,390,-1,284,394,392,-1,284,396,394,-1,284,399,396,-1,284,400,399,-1,284,336,327,-1,284,402,400,-1,284,404,402,-1,284,406,404,-1,284,408,406,-1,284,410,408,-1,284,413,410,-1,284,414,413,-1,284,416,414,-1,284,418,416,-1,284,490,486,-1,284,420,418,-1,284,422,420,-1,284,424,422,-1,284,427,424,-1,284,428,427,-1,284,364,359,-1,284,431,428,-1,284,432,431,-1,284,434,432,-1,284,436,434,-1,284,439,436,-1,284,441,439,-1,284,442,441,-1,284,445,442,-1,284,459,454,-1,452,447,445,-1,452,449,447,-1,452,450,449,-1,459,456,454,-1,359,362,360,-1,359,364,362,-1,464,461,459,-1,464,463,461,-1,468,467,464,-1,350,354,352,-1,350,357,354,-1,470,468,464,-1,346,350,349,-1,345,350,346,-1,476,474,472,-1,478,476,472,-1,480,478,472,-1,482,472,470,-1,482,480,472,-1,486,485,482,-1,330,334,332,-1,490,488,486,-1,327,330,328,-1,327,336,334,-1,327,334,330,-1,498,496,494,-1,254,502,500,-1,259,252,254,-1,259,256,252,-1,259,254,500,-1,306,310,308,-1,264,260,259,-1,264,263,260,-1,264,492,490,-1,264,494,492,-1,264,500,498,-1,264,498,494,-1,264,259,500,-1,302,306,304,-1,302,313,310,-1,302,314,313,-1,302,316,314,-1,302,318,316,-1,302,310,306,-1,268,266,264,-1,298,302,300,-1,292,296,294,-1,292,298,296,-1,276,272,271,-1,276,275,272,-1,281,277,279,-1,281,270,277,-1,287,299,303,-1,287,289,291,-1,287,291,293,-1,287,293,299,-1,283,269,270,-1,283,270,281,-1,285,453,455,-1,285,491,265,-1,285,444,453,-1,285,265,269,-1,285,303,319,-1,285,458,465,-1,285,344,351,-1,285,319,321,-1,285,321,323,-1,285,323,325,-1,285,325,326,-1,285,465,471,-1,285,337,338,-1,285,351,356,-1,285,338,341,-1,285,341,343,-1,285,343,344,-1,285,356,358,-1,285,287,303,-1,285,365,367,-1,285,367,369,-1,285,369,371,-1,285,269,283,-1,285,371,373,-1,285,373,375,-1,285,483,487,-1,285,375,377,-1,285,471,483,-1,285,377,379,-1,285,379,381,-1,285,381,383,-1,285,383,384,-1,285,384,387,-1,285,387,389,-1,285,389,391,-1,285,391,393,-1,285,393,395,-1,285,395,397,-1,285,397,398,-1,285,398,401,-1,285,326,337,-1,285,401,403,-1,285,403,405,-1,285,405,407,-1,285,407,409,-1,285,409,411,-1,285,411,412,-1,285,412,415,-1,285,415,417,-1,285,417,419,-1,285,487,491,-1,285,419,421,-1,285,421,423,-1,285,423,425,-1,285,425,426,-1,285,426,429,-1,285,358,365,-1,285,429,430,-1,285,430,433,-1,285,433,435,-1,285,435,437,-1,285,437,438,-1,285,438,440,-1,285,440,443,-1,285,443,444,-1,285,455,458,-1,453,444,446,-1,453,446,448,-1,453,448,451,-1,458,455,457,-1,358,361,363,-1,358,363,365,-1,465,458,460,-1,465,460,462,-1,469,465,466,-1,351,353,355,-1,351,355,356,-1,471,465,469,-1,347,348,351,-1,344,347,351,-1,477,473,475,-1,479,473,477,-1,481,473,479,-1,483,471,473,-1,483,473,481,-1,487,483,484,-1,331,333,335,-1,491,487,489,-1,326,329,331,-1,326,335,337,-1,326,331,335,-1,499,495,497,-1,253,501,503,-1,258,253,255,-1,258,255,257,-1,258,501,253,-1,307,309,311,-1,265,258,261,-1,265,261,262,-1,265,491,493,-1,265,493,495,-1,265,499,501,-1,265,495,499,-1,265,501,258,-1,303,305,307,-1,303,311,312,-1,303,312,315,-1,303,315,317,-1,303,317,319,-1,303,307,311,-1,269,265,267,-1,299,301,303,-1,293,295,297,-1,293,297,299,-1,277,270,273,-1,277,273,274,-1,504,505,506,-1,504,507,505,-1,508,509,507,-1,508,510,509,-1,508,507,504,-1,511,510,508,-1,512,513,510,-1,512,514,513,-1,512,510,511,-1,515,514,512,-1,516,517,514,-1,516,514,515,-1,518,519,517,-1,518,517,516,-1,520,521,519,-1,520,522,521,-1,520,519,518,-1,523,522,520,-1,524,525,522,-1,524,526,525,-1,524,522,523,-1,527,526,524,-1,528,526,527,-1,528,529,526,-1,530,529,528,-1,530,531,529,-1,532,531,530,-1,532,533,531,-1,534,535,533,-1,534,533,532,-1,536,537,535,-1,536,535,534,-1,538,539,537,-1,538,537,536,-1,540,541,539,-1,540,539,538,-1,542,543,541,-1,542,541,540,-1,544,545,543,-1,544,543,542,-1,546,547,545,-1,546,545,544,-1,548,549,547,-1,548,547,546,-1,550,551,549,-1,550,549,548,-1,552,553,551,-1,552,551,550,-1,554,555,553,-1,554,553,552,-1,556,557,555,-1,556,555,554,-1,558,559,557,-1,558,557,556,-1,560,561,559,-1,560,559,558,-1,562,563,561,-1,562,564,563,-1,562,561,560,-1,565,564,562,-1,566,567,564,-1,566,564,565,-1,568,569,567,-1,568,567,566,-1,570,571,569,-1,570,569,568,-1,572,573,571,-1,572,571,570,-1,574,575,573,-1,574,573,572,-1,576,577,575,-1,576,578,577,-1,576,575,574,-1,579,578,576,-1,580,578,579,-1,580,581,578,-1,582,581,580,-1,582,583,581,-1,584,583,582,-1,584,585,583,-1,586,585,584,-1,586,587,585,-1,588,587,586,-1,588,589,587,-1,588,590,589,-1,591,590,588,-1,592,590,591,-1,592,593,590,-1,594,593,592,-1,594,595,593,-1,594,596,595,-1,597,596,594,-1,598,596,597,-1,598,599,596,-1,598,600,599,-1,601,600,598,-1,602,603,600,-1,602,600,601,-1,604,605,603,-1,604,603,602,-1,606,607,605,-1,606,608,607,-1,606,605,604,-1,609,610,608,-1,609,608,606,-1,611,610,609,-1,612,613,610,-1,612,610,611,-1,614,615,613,-1,614,613,612,-1,616,617,615,-1,616,615,614,-1,618,619,617,-1,618,617,616,-1,620,621,619,-1,620,619,618,-1,622,623,621,-1,622,621,620,-1,624,625,623,-1,624,623,622,-1,626,627,625,-1,626,625,624,-1,628,627,626,-1,628,629,627,-1,630,629,628,-1,630,631,629,-1,632,631,630,-1,632,633,631,-1,634,633,632,-1,634,635,633,-1,634,636,635,-1,637,636,634,-1,638,636,637,-1,638,639,636,-1,640,639,638,-1,640,641,639,-1,642,641,640,-1,642,643,641,-1,644,643,642,-1,644,645,643,-1,646,645,644,-1,646,647,645,-1,648,647,646,-1,648,649,647,-1,648,650,649,-1,651,650,648,-1,652,650,651,-1,652,653,650,-1,654,653,652,-1,654,655,653,-1,656,655,654,-1,656,657,655,-1,658,657,656,-1,658,659,657,-1,660,659,658,-1,660,661,659,-1,662,661,660,-1,662,663,661,-1,662,664,663,-1,665,664,662,-1,666,664,665,-1,666,667,664,-1,668,667,666,-1,668,669,667,-1,670,671,669,-1,670,669,668,-1,672,673,671,-1,672,671,670,-1,674,675,673,-1,674,673,672,-1,676,677,675,-1,676,678,677,-1,676,675,674,-1,679,678,676,-1,680,678,679,-1,680,681,678,-1,680,682,681,-1,683,682,680,-1,684,682,683,-1,684,685,682,-1,686,685,684,-1,686,687,685,-1,688,687,686,-1,688,689,687,-1,688,690,689,-1,691,690,688,-1,691,692,690,-1,693,692,691,-1,694,692,693,-1,694,695,692,-1,694,696,695,-1,697,696,694,-1,697,698,696,-1,699,698,697,-1,699,700,698,-1,701,700,699,-1,702,700,701,-1,702,703,700,-1,704,705,703,-1,704,703,702,-1,706,707,705,-1,706,705,704,-1,708,709,707,-1,708,710,709,-1,708,707,706,-1,711,712,710,-1,711,710,708,-1,713,714,712,-1,713,712,711,-1,715,714,713,-1,716,717,714,-1,716,718,717,-1,716,714,715,-1,719,718,716,-1,720,721,718,-1,720,718,719,-1,722,723,721,-1,722,721,720,-1,724,725,723,-1,724,723,722,-1,726,727,725,-1,726,725,724,-1,728,727,726,-1,728,729,727,-1,730,729,728,-1,730,731,729,-1,732,731,730,-1,732,733,731,-1,734,733,732,-1,734,735,733,-1,734,736,735,-1,737,736,734,-1,738,739,736,-1,738,736,737,-1,740,741,739,-1,740,739,738,-1,742,743,741,-1,742,741,740,-1,744,745,743,-1,744,743,742,-1,746,747,745,-1,746,745,744,-1,748,749,747,-1,748,747,746,-1,750,751,749,-1,750,749,748,-1,752,753,751,-1,752,751,750,-1,754,755,753,-1,754,753,752,-1,506,755,754,-1,506,505,755,-1,532,530,528,-1,532,528,523,-1,538,554,550,-1,538,542,540,-1,538,544,542,-1,538,550,544,-1,534,523,520,-1,534,532,523,-1,536,706,704,-1,536,516,742,-1,536,704,697,-1,536,520,516,-1,536,570,554,-1,536,716,711,-1,536,602,597,-1,536,572,570,-1,536,574,572,-1,536,576,574,-1,536,579,576,-1,536,722,716,-1,536,591,588,-1,536,609,602,-1,536,592,591,-1,536,594,592,-1,536,597,594,-1,536,611,609,-1,536,554,538,-1,536,618,616,-1,536,620,618,-1,536,622,620,-1,536,534,520,-1,536,624,622,-1,536,626,624,-1,536,738,734,-1,536,628,626,-1,536,734,722,-1,536,630,628,-1,536,632,630,-1,536,634,632,-1,536,637,634,-1,536,638,637,-1,536,640,638,-1,536,642,640,-1,536,644,642,-1,536,646,644,-1,536,648,646,-1,536,651,648,-1,536,652,651,-1,536,588,579,-1,536,654,652,-1,536,656,654,-1,536,658,656,-1,536,660,658,-1,536,662,660,-1,536,665,662,-1,536,666,665,-1,536,668,666,-1,536,670,668,-1,536,742,738,-1,536,672,670,-1,536,674,672,-1,536,676,674,-1,536,679,676,-1,536,680,679,-1,536,616,611,-1,536,683,680,-1,536,684,683,-1,536,686,684,-1,536,688,686,-1,536,691,688,-1,536,693,691,-1,536,694,693,-1,536,697,694,-1,536,711,706,-1,704,699,697,-1,704,701,699,-1,704,702,701,-1,711,708,706,-1,611,614,612,-1,611,616,614,-1,716,713,711,-1,716,715,713,-1,720,719,716,-1,602,606,604,-1,602,609,606,-1,722,720,716,-1,598,602,601,-1,597,602,598,-1,728,726,724,-1,730,728,724,-1,732,730,724,-1,734,724,722,-1,734,732,724,-1,738,737,734,-1,582,586,584,-1,742,740,738,-1,579,582,580,-1,579,588,586,-1,579,586,582,-1,750,748,746,-1,506,754,752,-1,511,504,506,-1,511,508,504,-1,511,506,752,-1,558,562,560,-1,516,512,511,-1,516,515,512,-1,516,744,742,-1,516,746,744,-1,516,752,750,-1,516,750,746,-1,516,511,752,-1,554,558,556,-1,554,565,562,-1,554,566,565,-1,554,568,566,-1,554,570,568,-1,554,562,558,-1,520,518,516,-1,550,554,552,-1,544,548,546,-1,544,550,548,-1,528,524,523,-1,528,527,524,-1,533,529,531,-1,533,522,529,-1,539,551,555,-1,539,541,543,-1,539,543,545,-1,539,545,551,-1,535,521,522,-1,535,522,533,-1,537,705,707,-1,537,743,517,-1,537,696,705,-1,537,517,521,-1,537,555,571,-1,537,710,717,-1,537,596,603,-1,537,571,573,-1,537,573,575,-1,537,575,577,-1,537,577,578,-1,537,717,723,-1,537,589,590,-1,537,603,608,-1,537,590,593,-1,537,593,595,-1,537,595,596,-1,537,608,610,-1,537,539,555,-1,537,617,619,-1,537,619,621,-1,537,621,623,-1,537,521,535,-1,537,623,625,-1,537,625,627,-1,537,735,739,-1,537,627,629,-1,537,723,735,-1,537,629,631,-1,537,631,633,-1,537,633,635,-1,537,635,636,-1,537,636,639,-1,537,639,641,-1,537,641,643,-1,537,643,645,-1,537,645,647,-1,537,647,649,-1,537,649,650,-1,537,650,653,-1,537,578,589,-1,537,653,655,-1,537,655,657,-1,537,657,659,-1,537,659,661,-1,537,661,663,-1,537,663,664,-1,537,664,667,-1,537,667,669,-1,537,669,671,-1,537,739,743,-1,537,671,673,-1,537,673,675,-1,537,675,677,-1,537,677,678,-1,537,678,681,-1,537,610,617,-1,537,681,682,-1,537,682,685,-1,537,685,687,-1,537,687,689,-1,537,689,690,-1,537,690,692,-1,537,692,695,-1,537,695,696,-1,537,707,710,-1,705,696,698,-1,705,698,700,-1,705,700,703,-1,710,707,709,-1,610,613,615,-1,610,615,617,-1,717,710,712,-1,717,712,714,-1,721,717,718,-1,603,605,607,-1,603,607,608,-1,723,717,721,-1,599,600,603,-1,596,599,603,-1,729,725,727,-1,731,725,729,-1,733,725,731,-1,735,723,725,-1,735,725,733,-1,739,735,736,-1,583,585,587,-1,743,739,741,-1,578,581,583,-1,578,587,589,-1,578,583,587,-1,751,747,749,-1,505,753,755,-1,510,505,507,-1,510,507,509,-1,510,753,505,-1,559,561,563,-1,517,510,513,-1,517,513,514,-1,517,743,745,-1,517,745,747,-1,517,751,753,-1,517,747,751,-1,517,753,510,-1,555,557,559,-1,555,563,564,-1,555,564,567,-1,555,567,569,-1,555,569,571,-1,555,559,563,-1,521,517,519,-1,551,553,555,-1,545,547,549,-1,545,549,551,-1,529,522,525,-1,529,525,526,-1,756,757,758,-1,756,759,757,-1,760,761,759,-1,760,762,761,-1,760,759,756,-1,763,762,760,-1,764,765,762,-1,764,766,765,-1,764,762,763,-1,767,766,764,-1,768,769,766,-1,768,766,767,-1,770,771,769,-1,770,769,768,-1,772,773,771,-1,772,774,773,-1,772,771,770,-1,775,774,772,-1,776,777,774,-1,776,778,777,-1,776,774,775,-1,779,778,776,-1,780,778,779,-1,780,781,778,-1,782,781,780,-1,782,783,781,-1,784,783,782,-1,784,785,783,-1,786,787,785,-1,786,785,784,-1,788,789,787,-1,788,787,786,-1,790,791,789,-1,790,789,788,-1,792,793,791,-1,792,791,790,-1,794,795,793,-1,794,793,792,-1,796,797,795,-1,796,795,794,-1,798,799,797,-1,798,797,796,-1,800,801,799,-1,800,799,798,-1,802,803,801,-1,802,801,800,-1,804,805,803,-1,804,803,802,-1,806,807,805,-1,806,805,804,-1,808,809,807,-1,808,807,806,-1,810,811,809,-1,810,809,808,-1,812,813,811,-1,812,811,810,-1,814,815,813,-1,814,816,815,-1,814,813,812,-1,817,816,814,-1,818,819,816,-1,818,816,817,-1,820,821,819,-1,820,819,818,-1,822,823,821,-1,822,821,820,-1,824,825,823,-1,824,823,822,-1,826,827,825,-1,826,825,824,-1,828,829,827,-1,828,830,829,-1,828,827,826,-1,831,830,828,-1,832,830,831,-1,832,833,830,-1,834,833,832,-1,834,835,833,-1,836,835,834,-1,836,837,835,-1,838,837,836,-1,838,839,837,-1,840,839,838,-1,840,841,839,-1,840,842,841,-1,843,842,840,-1,844,842,843,-1,844,845,842,-1,846,845,844,-1,846,847,845,-1,846,848,847,-1,849,848,846,-1,850,848,849,-1,850,851,848,-1,850,852,851,-1,853,852,850,-1,854,855,852,-1,854,852,853,-1,856,857,855,-1,856,855,854,-1,858,859,857,-1,858,860,859,-1,858,857,856,-1,861,862,860,-1,861,860,858,-1,863,862,861,-1,864,865,862,-1,864,862,863,-1,866,867,865,-1,866,865,864,-1,868,869,867,-1,868,867,866,-1,870,871,869,-1,870,869,868,-1,872,873,871,-1,872,871,870,-1,874,875,873,-1,874,873,872,-1,876,877,875,-1,876,875,874,-1,878,879,877,-1,878,877,876,-1,880,879,878,-1,880,881,879,-1,882,881,880,-1,882,883,881,-1,884,883,882,-1,884,885,883,-1,886,885,884,-1,886,887,885,-1,886,888,887,-1,889,888,886,-1,890,888,889,-1,890,891,888,-1,892,891,890,-1,892,893,891,-1,894,893,892,-1,894,895,893,-1,896,895,894,-1,896,897,895,-1,898,897,896,-1,898,899,897,-1,900,899,898,-1,900,901,899,-1,900,902,901,-1,903,902,900,-1,904,902,903,-1,904,905,902,-1,906,905,904,-1,906,907,905,-1,908,907,906,-1,908,909,907,-1,910,909,908,-1,910,911,909,-1,912,911,910,-1,912,913,911,-1,914,913,912,-1,914,915,913,-1,914,916,915,-1,917,916,914,-1,918,916,917,-1,918,919,916,-1,920,919,918,-1,920,921,919,-1,922,923,921,-1,922,921,920,-1,924,925,923,-1,924,923,922,-1,926,927,925,-1,926,925,924,-1,928,929,927,-1,928,930,929,-1,928,927,926,-1,931,930,928,-1,932,930,931,-1,932,933,930,-1,932,934,933,-1,935,934,932,-1,936,934,935,-1,936,937,934,-1,938,937,936,-1,938,939,937,-1,940,939,938,-1,940,941,939,-1,940,942,941,-1,943,942,940,-1,943,944,942,-1,945,944,943,-1,946,944,945,-1,946,947,944,-1,946,948,947,-1,949,948,946,-1,949,950,948,-1,951,950,949,-1,951,952,950,-1,953,952,951,-1,954,952,953,-1,954,955,952,-1,956,957,955,-1,956,955,954,-1,958,959,957,-1,958,957,956,-1,960,961,959,-1,960,962,961,-1,960,959,958,-1,963,964,962,-1,963,962,960,-1,965,966,964,-1,965,964,963,-1,967,966,965,-1,968,969,966,-1,968,970,969,-1,968,966,967,-1,971,970,968,-1,972,973,970,-1,972,970,971,-1,974,975,973,-1,974,973,972,-1,976,977,975,-1,976,975,974,-1,978,979,977,-1,978,977,976,-1,980,979,978,-1,980,981,979,-1,982,981,980,-1,982,983,981,-1,984,983,982,-1,984,985,983,-1,986,985,984,-1,986,987,985,-1,986,988,987,-1,989,988,986,-1,990,991,988,-1,990,988,989,-1,992,993,991,-1,992,991,990,-1,994,995,993,-1,994,993,992,-1,996,997,995,-1,996,995,994,-1,998,999,997,-1,998,997,996,-1,1000,1001,999,-1,1000,999,998,-1,1002,1003,1001,-1,1002,1001,1000,-1,1004,1005,1003,-1,1004,1003,1002,-1,1006,1007,1005,-1,1006,1005,1004,-1,758,1007,1006,-1,758,757,1007,-1,784,782,780,-1,784,780,775,-1,790,806,802,-1,790,794,792,-1,790,796,794,-1,790,802,796,-1,786,775,772,-1,786,784,775,-1,788,958,956,-1,788,768,994,-1,788,956,949,-1,788,772,768,-1,788,822,806,-1,788,968,963,-1,788,854,849,-1,788,824,822,-1,788,826,824,-1,788,828,826,-1,788,831,828,-1,788,974,968,-1,788,843,840,-1,788,861,854,-1,788,844,843,-1,788,846,844,-1,788,849,846,-1,788,863,861,-1,788,806,790,-1,788,870,868,-1,788,872,870,-1,788,874,872,-1,788,786,772,-1,788,876,874,-1,788,878,876,-1,788,990,986,-1,788,880,878,-1,788,986,974,-1,788,882,880,-1,788,884,882,-1,788,886,884,-1,788,889,886,-1,788,890,889,-1,788,892,890,-1,788,894,892,-1,788,896,894,-1,788,898,896,-1,788,900,898,-1,788,903,900,-1,788,904,903,-1,788,840,831,-1,788,906,904,-1,788,908,906,-1,788,910,908,-1,788,912,910,-1,788,914,912,-1,788,917,914,-1,788,918,917,-1,788,920,918,-1,788,922,920,-1,788,994,990,-1,788,924,922,-1,788,926,924,-1,788,928,926,-1,788,931,928,-1,788,932,931,-1,788,868,863,-1,788,935,932,-1,788,936,935,-1,788,938,936,-1,788,940,938,-1,788,943,940,-1,788,945,943,-1,788,946,945,-1,788,949,946,-1,788,963,958,-1,956,951,949,-1,956,953,951,-1,956,954,953,-1,963,960,958,-1,863,866,864,-1,863,868,866,-1,968,965,963,-1,968,967,965,-1,972,971,968,-1,854,858,856,-1,854,861,858,-1,974,972,968,-1,850,854,853,-1,849,854,850,-1,980,978,976,-1,982,980,976,-1,984,982,976,-1,986,976,974,-1,986,984,976,-1,990,989,986,-1,834,838,836,-1,994,992,990,-1,831,834,832,-1,831,840,838,-1,831,838,834,-1,1002,1000,998,-1,758,1006,1004,-1,763,756,758,-1,763,760,756,-1,763,758,1004,-1,810,814,812,-1,768,764,763,-1,768,767,764,-1,768,996,994,-1,768,998,996,-1,768,1004,1002,-1,768,1002,998,-1,768,763,1004,-1,806,810,808,-1,806,817,814,-1,806,818,817,-1,806,820,818,-1,806,822,820,-1,806,814,810,-1,772,770,768,-1,802,806,804,-1,796,800,798,-1,796,802,800,-1,780,776,775,-1,780,779,776,-1,785,781,783,-1,785,774,781,-1,791,803,807,-1,791,793,795,-1,791,795,797,-1,791,797,803,-1,787,773,774,-1,787,774,785,-1,789,957,959,-1,789,995,769,-1,789,948,957,-1,789,769,773,-1,789,807,823,-1,789,962,969,-1,789,848,855,-1,789,823,825,-1,789,825,827,-1,789,827,829,-1,789,829,830,-1,789,969,975,-1,789,841,842,-1,789,855,860,-1,789,842,845,-1,789,845,847,-1,789,847,848,-1,789,860,862,-1,789,791,807,-1,789,869,871,-1,789,871,873,-1,789,873,875,-1,789,773,787,-1,789,875,877,-1,789,877,879,-1,789,987,991,-1,789,879,881,-1,789,975,987,-1,789,881,883,-1,789,883,885,-1,789,885,887,-1,789,887,888,-1,789,888,891,-1,789,891,893,-1,789,893,895,-1,789,895,897,-1,789,897,899,-1,789,899,901,-1,789,901,902,-1,789,902,905,-1,789,830,841,-1,789,905,907,-1,789,907,909,-1,789,909,911,-1,789,911,913,-1,789,913,915,-1,789,915,916,-1,789,916,919,-1,789,919,921,-1,789,921,923,-1,789,991,995,-1,789,923,925,-1,789,925,927,-1,789,927,929,-1,789,929,930,-1,789,930,933,-1,789,862,869,-1,789,933,934,-1,789,934,937,-1,789,937,939,-1,789,939,941,-1,789,941,942,-1,789,942,944,-1,789,944,947,-1,789,947,948,-1,789,959,962,-1,957,948,950,-1,957,950,952,-1,957,952,955,-1,962,959,961,-1,862,865,867,-1,862,867,869,-1,969,962,964,-1,969,964,966,-1,973,969,970,-1,855,857,859,-1,855,859,860,-1,975,969,973,-1,851,852,855,-1,848,851,855,-1,981,977,979,-1,983,977,981,-1,985,977,983,-1,987,975,977,-1,987,977,985,-1,991,987,988,-1,835,837,839,-1,995,991,993,-1,830,833,835,-1,830,839,841,-1,830,835,839,-1,1003,999,1001,-1,757,1005,1007,-1,762,757,759,-1,762,759,761,-1,762,1005,757,-1,811,813,815,-1,769,762,765,-1,769,765,766,-1,769,995,997,-1,769,997,999,-1,769,1003,1005,-1,769,999,1003,-1,769,1005,762,-1,807,809,811,-1,807,815,816,-1,807,816,819,-1,807,819,821,-1,807,821,823,-1,807,811,815,-1,773,769,771,-1,803,805,807,-1,797,799,801,-1,797,801,803,-1,781,774,777,-1,781,777,778,-1,1008,1009,1010,-1,1008,1011,1009,-1,1012,1013,1011,-1,1012,1014,1013,-1,1012,1011,1008,-1,1015,1014,1012,-1,1016,1017,1014,-1,1016,1018,1017,-1,1016,1014,1015,-1,1019,1018,1016,-1,1020,1021,1018,-1,1020,1018,1019,-1,1022,1023,1021,-1,1022,1021,1020,-1,1024,1025,1023,-1,1024,1026,1025,-1,1024,1023,1022,-1,1027,1026,1024,-1,1028,1029,1026,-1,1028,1030,1029,-1,1028,1026,1027,-1,1031,1030,1028,-1,1032,1030,1031,-1,1032,1033,1030,-1,1034,1033,1032,-1,1034,1035,1033,-1,1036,1035,1034,-1,1036,1037,1035,-1,1038,1039,1037,-1,1038,1037,1036,-1,1040,1041,1039,-1,1040,1039,1038,-1,1042,1043,1041,-1,1042,1041,1040,-1,1044,1045,1043,-1,1044,1043,1042,-1,1046,1047,1045,-1,1046,1045,1044,-1,1048,1049,1047,-1,1048,1047,1046,-1,1050,1051,1049,-1,1050,1049,1048,-1,1052,1053,1051,-1,1052,1051,1050,-1,1054,1055,1053,-1,1054,1053,1052,-1,1056,1057,1055,-1,1056,1055,1054,-1,1058,1059,1057,-1,1058,1057,1056,-1,1060,1061,1059,-1,1060,1059,1058,-1,1062,1063,1061,-1,1062,1061,1060,-1,1064,1065,1063,-1,1064,1063,1062,-1,1066,1067,1065,-1,1066,1068,1067,-1,1066,1065,1064,-1,1069,1068,1066,-1,1070,1071,1068,-1,1070,1068,1069,-1,1072,1073,1071,-1,1072,1071,1070,-1,1074,1075,1073,-1,1074,1073,1072,-1,1076,1077,1075,-1,1076,1075,1074,-1,1078,1079,1077,-1,1078,1077,1076,-1,1080,1081,1079,-1,1080,1082,1081,-1,1080,1079,1078,-1,1083,1082,1080,-1,1084,1082,1083,-1,1084,1085,1082,-1,1086,1085,1084,-1,1086,1087,1085,-1,1088,1087,1086,-1,1088,1089,1087,-1,1090,1089,1088,-1,1090,1091,1089,-1,1092,1091,1090,-1,1092,1093,1091,-1,1092,1094,1093,-1,1095,1094,1092,-1,1096,1094,1095,-1,1096,1097,1094,-1,1098,1097,1096,-1,1098,1099,1097,-1,1098,1100,1099,-1,1101,1100,1098,-1,1102,1100,1101,-1,1102,1103,1100,-1,1102,1104,1103,-1,1105,1104,1102,-1,1106,1107,1104,-1,1106,1104,1105,-1,1108,1109,1107,-1,1108,1107,1106,-1,1110,1111,1109,-1,1110,1112,1111,-1,1110,1109,1108,-1,1113,1114,1112,-1,1113,1112,1110,-1,1115,1114,1113,-1,1116,1117,1114,-1,1116,1114,1115,-1,1118,1119,1117,-1,1118,1117,1116,-1,1120,1121,1119,-1,1120,1119,1118,-1,1122,1123,1121,-1,1122,1121,1120,-1,1124,1125,1123,-1,1124,1123,1122,-1,1126,1127,1125,-1,1126,1125,1124,-1,1128,1129,1127,-1,1128,1127,1126,-1,1130,1131,1129,-1,1130,1129,1128,-1,1132,1131,1130,-1,1132,1133,1131,-1,1134,1133,1132,-1,1134,1135,1133,-1,1136,1135,1134,-1,1136,1137,1135,-1,1138,1137,1136,-1,1138,1139,1137,-1,1138,1140,1139,-1,1141,1140,1138,-1,1142,1140,1141,-1,1142,1143,1140,-1,1144,1143,1142,-1,1144,1145,1143,-1,1146,1145,1144,-1,1146,1147,1145,-1,1148,1147,1146,-1,1148,1149,1147,-1,1150,1149,1148,-1,1150,1151,1149,-1,1152,1151,1150,-1,1152,1153,1151,-1,1152,1154,1153,-1,1155,1154,1152,-1,1156,1154,1155,-1,1156,1157,1154,-1,1158,1157,1156,-1,1158,1159,1157,-1,1160,1159,1158,-1,1160,1161,1159,-1,1162,1161,1160,-1,1162,1163,1161,-1,1164,1163,1162,-1,1164,1165,1163,-1,1166,1165,1164,-1,1166,1167,1165,-1,1166,1168,1167,-1,1169,1168,1166,-1,1170,1168,1169,-1,1170,1171,1168,-1,1172,1171,1170,-1,1172,1173,1171,-1,1174,1175,1173,-1,1174,1173,1172,-1,1176,1177,1175,-1,1176,1175,1174,-1,1178,1179,1177,-1,1178,1177,1176,-1,1180,1181,1179,-1,1180,1182,1181,-1,1180,1179,1178,-1,1183,1182,1180,-1,1184,1182,1183,-1,1184,1185,1182,-1,1184,1186,1185,-1,1187,1186,1184,-1,1188,1186,1187,-1,1188,1189,1186,-1,1190,1189,1188,-1,1190,1191,1189,-1,1192,1191,1190,-1,1192,1193,1191,-1,1192,1194,1193,-1,1195,1194,1192,-1,1195,1196,1194,-1,1197,1196,1195,-1,1198,1196,1197,-1,1198,1199,1196,-1,1198,1200,1199,-1,1201,1200,1198,-1,1201,1202,1200,-1,1203,1202,1201,-1,1203,1204,1202,-1,1205,1204,1203,-1,1206,1204,1205,-1,1206,1207,1204,-1,1208,1209,1207,-1,1208,1207,1206,-1,1210,1211,1209,-1,1210,1209,1208,-1,1212,1213,1211,-1,1212,1214,1213,-1,1212,1211,1210,-1,1215,1216,1214,-1,1215,1214,1212,-1,1217,1218,1216,-1,1217,1216,1215,-1,1219,1218,1217,-1,1220,1221,1218,-1,1220,1222,1221,-1,1220,1218,1219,-1,1223,1222,1220,-1,1224,1225,1222,-1,1224,1222,1223,-1,1226,1227,1225,-1,1226,1225,1224,-1,1228,1229,1227,-1,1228,1227,1226,-1,1230,1231,1229,-1,1230,1229,1228,-1,1232,1231,1230,-1,1232,1233,1231,-1,1234,1233,1232,-1,1234,1235,1233,-1,1236,1235,1234,-1,1236,1237,1235,-1,1238,1237,1236,-1,1238,1239,1237,-1,1238,1240,1239,-1,1241,1240,1238,-1,1242,1243,1240,-1,1242,1240,1241,-1,1244,1245,1243,-1,1244,1243,1242,-1,1246,1247,1245,-1,1246,1245,1244,-1,1248,1249,1247,-1,1248,1247,1246,-1,1250,1251,1249,-1,1250,1249,1248,-1,1252,1253,1251,-1,1252,1251,1250,-1,1254,1255,1253,-1,1254,1253,1252,-1,1256,1257,1255,-1,1256,1255,1254,-1,1258,1259,1257,-1,1258,1257,1256,-1,1010,1259,1258,-1,1010,1009,1259,-1,1036,1034,1032,-1,1036,1032,1027,-1,1042,1058,1054,-1,1042,1046,1044,-1,1042,1048,1046,-1,1042,1054,1048,-1,1038,1027,1024,-1,1038,1036,1027,-1,1040,1210,1208,-1,1040,1020,1246,-1,1040,1208,1201,-1,1040,1024,1020,-1,1040,1074,1058,-1,1040,1220,1215,-1,1040,1106,1101,-1,1040,1076,1074,-1,1040,1078,1076,-1,1040,1080,1078,-1,1040,1083,1080,-1,1040,1226,1220,-1,1040,1095,1092,-1,1040,1113,1106,-1,1040,1096,1095,-1,1040,1098,1096,-1,1040,1101,1098,-1,1040,1115,1113,-1,1040,1058,1042,-1,1040,1122,1120,-1,1040,1124,1122,-1,1040,1126,1124,-1,1040,1038,1024,-1,1040,1128,1126,-1,1040,1130,1128,-1,1040,1242,1238,-1,1040,1132,1130,-1,1040,1238,1226,-1,1040,1134,1132,-1,1040,1136,1134,-1,1040,1138,1136,-1,1040,1141,1138,-1,1040,1142,1141,-1,1040,1144,1142,-1,1040,1146,1144,-1,1040,1148,1146,-1,1040,1150,1148,-1,1040,1152,1150,-1,1040,1155,1152,-1,1040,1156,1155,-1,1040,1092,1083,-1,1040,1158,1156,-1,1040,1160,1158,-1,1040,1162,1160,-1,1040,1164,1162,-1,1040,1166,1164,-1,1040,1169,1166,-1,1040,1170,1169,-1,1040,1172,1170,-1,1040,1174,1172,-1,1040,1246,1242,-1,1040,1176,1174,-1,1040,1178,1176,-1,1040,1180,1178,-1,1040,1183,1180,-1,1040,1184,1183,-1,1040,1120,1115,-1,1040,1187,1184,-1,1040,1188,1187,-1,1040,1190,1188,-1,1040,1192,1190,-1,1040,1195,1192,-1,1040,1197,1195,-1,1040,1198,1197,-1,1040,1201,1198,-1,1040,1215,1210,-1,1208,1203,1201,-1,1208,1205,1203,-1,1208,1206,1205,-1,1215,1212,1210,-1,1115,1118,1116,-1,1115,1120,1118,-1,1220,1217,1215,-1,1220,1219,1217,-1,1224,1223,1220,-1,1106,1110,1108,-1,1106,1113,1110,-1,1226,1224,1220,-1,1102,1106,1105,-1,1101,1106,1102,-1,1232,1230,1228,-1,1234,1232,1228,-1,1236,1234,1228,-1,1238,1228,1226,-1,1238,1236,1228,-1,1242,1241,1238,-1,1086,1090,1088,-1,1246,1244,1242,-1,1083,1086,1084,-1,1083,1092,1090,-1,1083,1090,1086,-1,1254,1252,1250,-1,1010,1258,1256,-1,1015,1008,1010,-1,1015,1012,1008,-1,1015,1010,1256,-1,1062,1066,1064,-1,1020,1016,1015,-1,1020,1019,1016,-1,1020,1248,1246,-1,1020,1250,1248,-1,1020,1256,1254,-1,1020,1254,1250,-1,1020,1015,1256,-1,1058,1062,1060,-1,1058,1069,1066,-1,1058,1070,1069,-1,1058,1072,1070,-1,1058,1074,1072,-1,1058,1066,1062,-1,1024,1022,1020,-1,1054,1058,1056,-1,1048,1052,1050,-1,1048,1054,1052,-1,1032,1028,1027,-1,1032,1031,1028,-1,1037,1033,1035,-1,1037,1026,1033,-1,1043,1055,1059,-1,1043,1045,1047,-1,1043,1047,1049,-1,1043,1049,1055,-1,1039,1025,1026,-1,1039,1026,1037,-1,1041,1209,1211,-1,1041,1247,1021,-1,1041,1200,1209,-1,1041,1021,1025,-1,1041,1059,1075,-1,1041,1214,1221,-1,1041,1100,1107,-1,1041,1075,1077,-1,1041,1077,1079,-1,1041,1079,1081,-1,1041,1081,1082,-1,1041,1221,1227,-1,1041,1093,1094,-1,1041,1107,1112,-1,1041,1094,1097,-1,1041,1097,1099,-1,1041,1099,1100,-1,1041,1112,1114,-1,1041,1043,1059,-1,1041,1121,1123,-1,1041,1123,1125,-1,1041,1125,1127,-1,1041,1025,1039,-1,1041,1127,1129,-1,1041,1129,1131,-1,1041,1239,1243,-1,1041,1131,1133,-1,1041,1227,1239,-1,1041,1133,1135,-1,1041,1135,1137,-1,1041,1137,1139,-1,1041,1139,1140,-1,1041,1140,1143,-1,1041,1143,1145,-1,1041,1145,1147,-1,1041,1147,1149,-1,1041,1149,1151,-1,1041,1151,1153,-1,1041,1153,1154,-1,1041,1154,1157,-1,1041,1082,1093,-1,1041,1157,1159,-1,1041,1159,1161,-1,1041,1161,1163,-1,1041,1163,1165,-1,1041,1165,1167,-1,1041,1167,1168,-1,1041,1168,1171,-1,1041,1171,1173,-1,1041,1173,1175,-1,1041,1243,1247,-1,1041,1175,1177,-1,1041,1177,1179,-1,1041,1179,1181,-1,1041,1181,1182,-1,1041,1182,1185,-1,1041,1114,1121,-1,1041,1185,1186,-1,1041,1186,1189,-1,1041,1189,1191,-1,1041,1191,1193,-1,1041,1193,1194,-1,1041,1194,1196,-1,1041,1196,1199,-1,1041,1199,1200,-1,1041,1211,1214,-1,1209,1200,1202,-1,1209,1202,1204,-1,1209,1204,1207,-1,1214,1211,1213,-1,1114,1117,1119,-1,1114,1119,1121,-1,1221,1214,1216,-1,1221,1216,1218,-1,1225,1221,1222,-1,1107,1109,1111,-1,1107,1111,1112,-1,1227,1221,1225,-1,1103,1104,1107,-1,1100,1103,1107,-1,1233,1229,1231,-1,1235,1229,1233,-1,1237,1229,1235,-1,1239,1227,1229,-1,1239,1229,1237,-1,1243,1239,1240,-1,1087,1089,1091,-1,1247,1243,1245,-1,1082,1085,1087,-1,1082,1091,1093,-1,1082,1087,1091,-1,1255,1251,1253,-1,1009,1257,1259,-1,1014,1009,1011,-1,1014,1011,1013,-1,1014,1257,1009,-1,1063,1065,1067,-1,1021,1014,1017,-1,1021,1017,1018,-1,1021,1247,1249,-1,1021,1249,1251,-1,1021,1255,1257,-1,1021,1251,1255,-1,1021,1257,1014,-1,1059,1061,1063,-1,1059,1067,1068,-1,1059,1068,1071,-1,1059,1071,1073,-1,1059,1073,1075,-1,1059,1063,1067,-1,1025,1021,1023,-1,1055,1057,1059,-1,1049,1051,1053,-1,1049,1053,1055,-1,1033,1026,1029,-1,1033,1029,1030,-1,1260,1261,1262,-1,1260,1263,1261,-1,1264,1265,1263,-1,1264,1266,1265,-1,1264,1263,1260,-1,1267,1266,1264,-1,1268,1269,1266,-1,1268,1270,1269,-1,1268,1266,1267,-1,1271,1270,1268,-1,1272,1273,1270,-1,1272,1270,1271,-1,1274,1275,1273,-1,1274,1273,1272,-1,1276,1277,1275,-1,1276,1278,1277,-1,1276,1275,1274,-1,1279,1278,1276,-1,1280,1281,1278,-1,1280,1282,1281,-1,1280,1278,1279,-1,1283,1282,1280,-1,1284,1282,1283,-1,1284,1285,1282,-1,1286,1285,1284,-1,1286,1287,1285,-1,1288,1287,1286,-1,1288,1289,1287,-1,1290,1291,1289,-1,1290,1289,1288,-1,1292,1293,1291,-1,1292,1291,1290,-1,1294,1295,1293,-1,1294,1293,1292,-1,1296,1297,1295,-1,1296,1295,1294,-1,1298,1299,1297,-1,1298,1297,1296,-1,1300,1301,1299,-1,1300,1299,1298,-1,1302,1303,1301,-1,1302,1301,1300,-1,1304,1305,1303,-1,1304,1303,1302,-1,1306,1307,1305,-1,1306,1305,1304,-1,1308,1309,1307,-1,1308,1307,1306,-1,1310,1311,1309,-1,1310,1309,1308,-1,1312,1313,1311,-1,1312,1311,1310,-1,1314,1315,1313,-1,1314,1313,1312,-1,1316,1317,1315,-1,1316,1315,1314,-1,1318,1319,1317,-1,1318,1320,1319,-1,1318,1317,1316,-1,1321,1320,1318,-1,1322,1323,1320,-1,1322,1320,1321,-1,1324,1325,1323,-1,1324,1323,1322,-1,1326,1327,1325,-1,1326,1325,1324,-1,1328,1329,1327,-1,1328,1327,1326,-1,1330,1331,1329,-1,1330,1329,1328,-1,1332,1333,1331,-1,1332,1334,1333,-1,1332,1331,1330,-1,1335,1334,1332,-1,1336,1334,1335,-1,1336,1337,1334,-1,1338,1337,1336,-1,1338,1339,1337,-1,1340,1339,1338,-1,1340,1341,1339,-1,1342,1341,1340,-1,1342,1343,1341,-1,1344,1343,1342,-1,1344,1345,1343,-1,1344,1346,1345,-1,1347,1346,1344,-1,1348,1346,1347,-1,1348,1349,1346,-1,1350,1349,1348,-1,1350,1351,1349,-1,1350,1352,1351,-1,1353,1352,1350,-1,1354,1352,1353,-1,1354,1355,1352,-1,1354,1356,1355,-1,1357,1356,1354,-1,1358,1359,1356,-1,1358,1356,1357,-1,1360,1361,1359,-1,1360,1359,1358,-1,1362,1363,1361,-1,1362,1364,1363,-1,1362,1361,1360,-1,1365,1366,1364,-1,1365,1364,1362,-1,1367,1366,1365,-1,1368,1369,1366,-1,1368,1366,1367,-1,1370,1371,1369,-1,1370,1369,1368,-1,1372,1373,1371,-1,1372,1371,1370,-1,1374,1375,1373,-1,1374,1373,1372,-1,1376,1377,1375,-1,1376,1375,1374,-1,1378,1379,1377,-1,1378,1377,1376,-1,1380,1381,1379,-1,1380,1379,1378,-1,1382,1383,1381,-1,1382,1381,1380,-1,1384,1383,1382,-1,1384,1385,1383,-1,1386,1385,1384,-1,1386,1387,1385,-1,1388,1387,1386,-1,1388,1389,1387,-1,1390,1389,1388,-1,1390,1391,1389,-1,1390,1392,1391,-1,1393,1392,1390,-1,1394,1392,1393,-1,1394,1395,1392,-1,1396,1395,1394,-1,1396,1397,1395,-1,1398,1397,1396,-1,1398,1399,1397,-1,1400,1399,1398,-1,1400,1401,1399,-1,1402,1401,1400,-1,1402,1403,1401,-1,1404,1403,1402,-1,1404,1405,1403,-1,1404,1406,1405,-1,1407,1406,1404,-1,1408,1406,1407,-1,1408,1409,1406,-1,1410,1409,1408,-1,1410,1411,1409,-1,1412,1411,1410,-1,1412,1413,1411,-1,1414,1413,1412,-1,1414,1415,1413,-1,1416,1415,1414,-1,1416,1417,1415,-1,1418,1417,1416,-1,1418,1419,1417,-1,1418,1420,1419,-1,1421,1420,1418,-1,1422,1420,1421,-1,1422,1423,1420,-1,1424,1423,1422,-1,1424,1425,1423,-1,1426,1427,1425,-1,1426,1425,1424,-1,1428,1429,1427,-1,1428,1427,1426,-1,1430,1431,1429,-1,1430,1429,1428,-1,1432,1433,1431,-1,1432,1434,1433,-1,1432,1431,1430,-1,1435,1434,1432,-1,1436,1434,1435,-1,1436,1437,1434,-1,1436,1438,1437,-1,1439,1438,1436,-1,1440,1438,1439,-1,1440,1441,1438,-1,1442,1441,1440,-1,1442,1443,1441,-1,1444,1443,1442,-1,1444,1445,1443,-1,1444,1446,1445,-1,1447,1446,1444,-1,1447,1448,1446,-1,1449,1448,1447,-1,1450,1448,1449,-1,1450,1451,1448,-1,1450,1452,1451,-1,1453,1452,1450,-1,1453,1454,1452,-1,1455,1454,1453,-1,1455,1456,1454,-1,1457,1456,1455,-1,1458,1456,1457,-1,1458,1459,1456,-1,1460,1461,1459,-1,1460,1459,1458,-1,1462,1463,1461,-1,1462,1461,1460,-1,1464,1465,1463,-1,1464,1466,1465,-1,1464,1463,1462,-1,1467,1468,1466,-1,1467,1466,1464,-1,1469,1470,1468,-1,1469,1468,1467,-1,1471,1470,1469,-1,1472,1473,1470,-1,1472,1474,1473,-1,1472,1470,1471,-1,1475,1474,1472,-1,1476,1477,1474,-1,1476,1474,1475,-1,1478,1479,1477,-1,1478,1477,1476,-1,1480,1481,1479,-1,1480,1479,1478,-1,1482,1483,1481,-1,1482,1481,1480,-1,1484,1483,1482,-1,1484,1485,1483,-1,1486,1485,1484,-1,1486,1487,1485,-1,1488,1487,1486,-1,1488,1489,1487,-1,1490,1489,1488,-1,1490,1491,1489,-1,1490,1492,1491,-1,1493,1492,1490,-1,1494,1495,1492,-1,1494,1492,1493,-1,1496,1497,1495,-1,1496,1495,1494,-1,1498,1499,1497,-1,1498,1497,1496,-1,1500,1501,1499,-1,1500,1499,1498,-1,1502,1503,1501,-1,1502,1501,1500,-1,1504,1505,1503,-1,1504,1503,1502,-1,1506,1507,1505,-1,1506,1505,1504,-1,1508,1509,1507,-1,1508,1507,1506,-1,1510,1511,1509,-1,1510,1509,1508,-1,1262,1511,1510,-1,1262,1261,1511,-1,1288,1286,1284,-1,1288,1284,1279,-1,1294,1310,1306,-1,1294,1298,1296,-1,1294,1300,1298,-1,1294,1306,1300,-1,1290,1279,1276,-1,1290,1288,1279,-1,1292,1462,1460,-1,1292,1272,1498,-1,1292,1460,1453,-1,1292,1276,1272,-1,1292,1326,1310,-1,1292,1472,1467,-1,1292,1358,1353,-1,1292,1328,1326,-1,1292,1330,1328,-1,1292,1332,1330,-1,1292,1335,1332,-1,1292,1478,1472,-1,1292,1347,1344,-1,1292,1365,1358,-1,1292,1348,1347,-1,1292,1350,1348,-1,1292,1353,1350,-1,1292,1367,1365,-1,1292,1310,1294,-1,1292,1374,1372,-1,1292,1376,1374,-1,1292,1378,1376,-1,1292,1290,1276,-1,1292,1380,1378,-1,1292,1382,1380,-1,1292,1494,1490,-1,1292,1384,1382,-1,1292,1490,1478,-1,1292,1386,1384,-1,1292,1388,1386,-1,1292,1390,1388,-1,1292,1393,1390,-1,1292,1394,1393,-1,1292,1396,1394,-1,1292,1398,1396,-1,1292,1400,1398,-1,1292,1402,1400,-1,1292,1404,1402,-1,1292,1407,1404,-1,1292,1408,1407,-1,1292,1344,1335,-1,1292,1410,1408,-1,1292,1412,1410,-1,1292,1414,1412,-1,1292,1416,1414,-1,1292,1418,1416,-1,1292,1421,1418,-1,1292,1422,1421,-1,1292,1424,1422,-1,1292,1426,1424,-1,1292,1498,1494,-1,1292,1428,1426,-1,1292,1430,1428,-1,1292,1432,1430,-1,1292,1435,1432,-1,1292,1436,1435,-1,1292,1372,1367,-1,1292,1439,1436,-1,1292,1440,1439,-1,1292,1442,1440,-1,1292,1444,1442,-1,1292,1447,1444,-1,1292,1449,1447,-1,1292,1450,1449,-1,1292,1453,1450,-1,1292,1467,1462,-1,1460,1455,1453,-1,1460,1457,1455,-1,1460,1458,1457,-1,1467,1464,1462,-1,1367,1370,1368,-1,1367,1372,1370,-1,1472,1469,1467,-1,1472,1471,1469,-1,1476,1475,1472,-1,1358,1362,1360,-1,1358,1365,1362,-1,1478,1476,1472,-1,1354,1358,1357,-1,1353,1358,1354,-1,1484,1482,1480,-1,1486,1484,1480,-1,1488,1486,1480,-1,1490,1480,1478,-1,1490,1488,1480,-1,1494,1493,1490,-1,1338,1342,1340,-1,1498,1496,1494,-1,1335,1338,1336,-1,1335,1344,1342,-1,1335,1342,1338,-1,1506,1504,1502,-1,1262,1510,1508,-1,1267,1260,1262,-1,1267,1264,1260,-1,1267,1262,1508,-1,1314,1318,1316,-1,1272,1268,1267,-1,1272,1271,1268,-1,1272,1500,1498,-1,1272,1502,1500,-1,1272,1508,1506,-1,1272,1506,1502,-1,1272,1267,1508,-1,1310,1314,1312,-1,1310,1321,1318,-1,1310,1322,1321,-1,1310,1324,1322,-1,1310,1326,1324,-1,1310,1318,1314,-1,1276,1274,1272,-1,1306,1310,1308,-1,1300,1304,1302,-1,1300,1306,1304,-1,1284,1280,1279,-1,1284,1283,1280,-1,1289,1285,1287,-1,1289,1278,1285,-1,1295,1307,1311,-1,1295,1297,1299,-1,1295,1299,1301,-1,1295,1301,1307,-1,1291,1277,1278,-1,1291,1278,1289,-1,1293,1461,1463,-1,1293,1499,1273,-1,1293,1452,1461,-1,1293,1273,1277,-1,1293,1311,1327,-1,1293,1466,1473,-1,1293,1352,1359,-1,1293,1327,1329,-1,1293,1329,1331,-1,1293,1331,1333,-1,1293,1333,1334,-1,1293,1473,1479,-1,1293,1345,1346,-1,1293,1359,1364,-1,1293,1346,1349,-1,1293,1349,1351,-1,1293,1351,1352,-1,1293,1364,1366,-1,1293,1295,1311,-1,1293,1373,1375,-1,1293,1375,1377,-1,1293,1377,1379,-1,1293,1277,1291,-1,1293,1379,1381,-1,1293,1381,1383,-1,1293,1491,1495,-1,1293,1383,1385,-1,1293,1479,1491,-1,1293,1385,1387,-1,1293,1387,1389,-1,1293,1389,1391,-1,1293,1391,1392,-1,1293,1392,1395,-1,1293,1395,1397,-1,1293,1397,1399,-1,1293,1399,1401,-1,1293,1401,1403,-1,1293,1403,1405,-1,1293,1405,1406,-1,1293,1406,1409,-1,1293,1334,1345,-1,1293,1409,1411,-1,1293,1411,1413,-1,1293,1413,1415,-1,1293,1415,1417,-1,1293,1417,1419,-1,1293,1419,1420,-1,1293,1420,1423,-1,1293,1423,1425,-1,1293,1425,1427,-1,1293,1495,1499,-1,1293,1427,1429,-1,1293,1429,1431,-1,1293,1431,1433,-1,1293,1433,1434,-1,1293,1434,1437,-1,1293,1366,1373,-1,1293,1437,1438,-1,1293,1438,1441,-1,1293,1441,1443,-1,1293,1443,1445,-1,1293,1445,1446,-1,1293,1446,1448,-1,1293,1448,1451,-1,1293,1451,1452,-1,1293,1463,1466,-1,1461,1452,1454,-1,1461,1454,1456,-1,1461,1456,1459,-1,1466,1463,1465,-1,1366,1369,1371,-1,1366,1371,1373,-1,1473,1466,1468,-1,1473,1468,1470,-1,1477,1473,1474,-1,1359,1361,1363,-1,1359,1363,1364,-1,1479,1473,1477,-1,1355,1356,1359,-1,1352,1355,1359,-1,1485,1481,1483,-1,1487,1481,1485,-1,1489,1481,1487,-1,1491,1479,1481,-1,1491,1481,1489,-1,1495,1491,1492,-1,1339,1341,1343,-1,1499,1495,1497,-1,1334,1337,1339,-1,1334,1343,1345,-1,1334,1339,1343,-1,1507,1503,1505,-1,1261,1509,1511,-1,1266,1261,1263,-1,1266,1263,1265,-1,1266,1509,1261,-1,1315,1317,1319,-1,1273,1266,1269,-1,1273,1269,1270,-1,1273,1499,1501,-1,1273,1501,1503,-1,1273,1507,1509,-1,1273,1503,1507,-1,1273,1509,1266,-1,1311,1313,1315,-1,1311,1319,1320,-1,1311,1320,1323,-1,1311,1323,1325,-1,1311,1325,1327,-1,1311,1315,1319,-1,1277,1273,1275,-1,1307,1309,1311,-1,1301,1303,1305,-1,1301,1305,1307,-1,1285,1278,1281,-1,1285,1281,1282,-1,1512,1513,1514,-1,1512,1515,1513,-1,1516,1517,1515,-1,1516,1518,1517,-1,1516,1515,1512,-1,1519,1518,1516,-1,1520,1521,1518,-1,1520,1522,1521,-1,1520,1518,1519,-1,1523,1522,1520,-1,1524,1525,1522,-1,1524,1522,1523,-1,1526,1527,1525,-1,1526,1525,1524,-1,1528,1529,1527,-1,1528,1530,1529,-1,1528,1527,1526,-1,1531,1530,1528,-1,1532,1533,1530,-1,1532,1534,1533,-1,1532,1530,1531,-1,1535,1534,1532,-1,1536,1534,1535,-1,1536,1537,1534,-1,1538,1537,1536,-1,1538,1539,1537,-1,1540,1539,1538,-1,1540,1541,1539,-1,1542,1543,1541,-1,1542,1541,1540,-1,1544,1545,1543,-1,1544,1543,1542,-1,1546,1547,1545,-1,1546,1545,1544,-1,1548,1549,1547,-1,1548,1547,1546,-1,1550,1551,1549,-1,1550,1549,1548,-1,1552,1553,1551,-1,1552,1551,1550,-1,1554,1555,1553,-1,1554,1553,1552,-1,1556,1557,1555,-1,1556,1555,1554,-1,1558,1559,1557,-1,1558,1557,1556,-1,1560,1561,1559,-1,1560,1559,1558,-1,1562,1563,1561,-1,1562,1561,1560,-1,1564,1565,1563,-1,1564,1563,1562,-1,1566,1567,1565,-1,1566,1565,1564,-1,1568,1569,1567,-1,1568,1567,1566,-1,1570,1571,1569,-1,1570,1572,1571,-1,1570,1569,1568,-1,1573,1572,1570,-1,1574,1575,1572,-1,1574,1572,1573,-1,1576,1577,1575,-1,1576,1575,1574,-1,1578,1579,1577,-1,1578,1577,1576,-1,1580,1581,1579,-1,1580,1579,1578,-1,1582,1583,1581,-1,1582,1581,1580,-1,1584,1585,1583,-1,1584,1586,1585,-1,1584,1583,1582,-1,1587,1586,1584,-1,1588,1586,1587,-1,1588,1589,1586,-1,1590,1589,1588,-1,1590,1591,1589,-1,1592,1591,1590,-1,1592,1593,1591,-1,1594,1593,1592,-1,1594,1595,1593,-1,1596,1595,1594,-1,1596,1597,1595,-1,1596,1598,1597,-1,1599,1598,1596,-1,1600,1598,1599,-1,1600,1601,1598,-1,1602,1601,1600,-1,1602,1603,1601,-1,1602,1604,1603,-1,1605,1604,1602,-1,1606,1604,1605,-1,1606,1607,1604,-1,1606,1608,1607,-1,1609,1608,1606,-1,1610,1611,1608,-1,1610,1608,1609,-1,1612,1613,1611,-1,1612,1611,1610,-1,1614,1615,1613,-1,1614,1616,1615,-1,1614,1613,1612,-1,1617,1618,1616,-1,1617,1616,1614,-1,1619,1618,1617,-1,1620,1621,1618,-1,1620,1618,1619,-1,1622,1623,1621,-1,1622,1621,1620,-1,1624,1625,1623,-1,1624,1623,1622,-1,1626,1627,1625,-1,1626,1625,1624,-1,1628,1629,1627,-1,1628,1627,1626,-1,1630,1631,1629,-1,1630,1629,1628,-1,1632,1633,1631,-1,1632,1631,1630,-1,1634,1635,1633,-1,1634,1633,1632,-1,1636,1635,1634,-1,1636,1637,1635,-1,1638,1637,1636,-1,1638,1639,1637,-1,1640,1639,1638,-1,1640,1641,1639,-1,1642,1641,1640,-1,1642,1643,1641,-1,1642,1644,1643,-1,1645,1644,1642,-1,1646,1644,1645,-1,1646,1647,1644,-1,1648,1647,1646,-1,1648,1649,1647,-1,1650,1649,1648,-1,1650,1651,1649,-1,1652,1651,1650,-1,1652,1653,1651,-1,1654,1653,1652,-1,1654,1655,1653,-1,1656,1655,1654,-1,1656,1657,1655,-1,1656,1658,1657,-1,1659,1658,1656,-1,1660,1658,1659,-1,1660,1661,1658,-1,1662,1661,1660,-1,1662,1663,1661,-1,1664,1663,1662,-1,1664,1665,1663,-1,1666,1665,1664,-1,1666,1667,1665,-1,1668,1667,1666,-1,1668,1669,1667,-1,1670,1669,1668,-1,1670,1671,1669,-1,1670,1672,1671,-1,1673,1672,1670,-1,1674,1672,1673,-1,1674,1675,1672,-1,1676,1675,1674,-1,1676,1677,1675,-1,1678,1679,1677,-1,1678,1677,1676,-1,1680,1681,1679,-1,1680,1679,1678,-1,1682,1683,1681,-1,1682,1681,1680,-1,1684,1685,1683,-1,1684,1686,1685,-1,1684,1683,1682,-1,1687,1686,1684,-1,1688,1686,1687,-1,1688,1689,1686,-1,1688,1690,1689,-1,1691,1690,1688,-1,1692,1690,1691,-1,1692,1693,1690,-1,1694,1693,1692,-1,1694,1695,1693,-1,1696,1695,1694,-1,1696,1697,1695,-1,1696,1698,1697,-1,1699,1698,1696,-1,1699,1700,1698,-1,1701,1700,1699,-1,1702,1700,1701,-1,1702,1703,1700,-1,1702,1704,1703,-1,1705,1704,1702,-1,1705,1706,1704,-1,1707,1706,1705,-1,1707,1708,1706,-1,1709,1708,1707,-1,1710,1708,1709,-1,1710,1711,1708,-1,1712,1713,1711,-1,1712,1711,1710,-1,1714,1715,1713,-1,1714,1713,1712,-1,1716,1717,1715,-1,1716,1718,1717,-1,1716,1715,1714,-1,1719,1720,1718,-1,1719,1718,1716,-1,1721,1722,1720,-1,1721,1720,1719,-1,1723,1722,1721,-1,1724,1725,1722,-1,1724,1726,1725,-1,1724,1722,1723,-1,1727,1726,1724,-1,1728,1729,1726,-1,1728,1726,1727,-1,1730,1731,1729,-1,1730,1729,1728,-1,1732,1733,1731,-1,1732,1731,1730,-1,1734,1735,1733,-1,1734,1733,1732,-1,1736,1735,1734,-1,1736,1737,1735,-1,1738,1737,1736,-1,1738,1739,1737,-1,1740,1739,1738,-1,1740,1741,1739,-1,1742,1741,1740,-1,1742,1743,1741,-1,1742,1744,1743,-1,1745,1744,1742,-1,1746,1747,1744,-1,1746,1744,1745,-1,1748,1749,1747,-1,1748,1747,1746,-1,1750,1751,1749,-1,1750,1749,1748,-1,1752,1753,1751,-1,1752,1751,1750,-1,1754,1755,1753,-1,1754,1753,1752,-1,1756,1757,1755,-1,1756,1755,1754,-1,1758,1759,1757,-1,1758,1757,1756,-1,1760,1761,1759,-1,1760,1759,1758,-1,1762,1763,1761,-1,1762,1761,1760,-1,1514,1763,1762,-1,1514,1513,1763,-1,1540,1538,1536,-1,1540,1536,1531,-1,1546,1562,1558,-1,1546,1550,1548,-1,1546,1552,1550,-1,1546,1558,1552,-1,1542,1531,1528,-1,1542,1540,1531,-1,1544,1714,1712,-1,1544,1524,1750,-1,1544,1712,1705,-1,1544,1528,1524,-1,1544,1578,1562,-1,1544,1724,1719,-1,1544,1610,1605,-1,1544,1580,1578,-1,1544,1582,1580,-1,1544,1584,1582,-1,1544,1587,1584,-1,1544,1730,1724,-1,1544,1599,1596,-1,1544,1617,1610,-1,1544,1600,1599,-1,1544,1602,1600,-1,1544,1605,1602,-1,1544,1619,1617,-1,1544,1562,1546,-1,1544,1626,1624,-1,1544,1628,1626,-1,1544,1630,1628,-1,1544,1542,1528,-1,1544,1632,1630,-1,1544,1634,1632,-1,1544,1746,1742,-1,1544,1636,1634,-1,1544,1742,1730,-1,1544,1638,1636,-1,1544,1640,1638,-1,1544,1642,1640,-1,1544,1645,1642,-1,1544,1646,1645,-1,1544,1648,1646,-1,1544,1650,1648,-1,1544,1652,1650,-1,1544,1654,1652,-1,1544,1656,1654,-1,1544,1659,1656,-1,1544,1660,1659,-1,1544,1596,1587,-1,1544,1662,1660,-1,1544,1664,1662,-1,1544,1666,1664,-1,1544,1668,1666,-1,1544,1670,1668,-1,1544,1673,1670,-1,1544,1674,1673,-1,1544,1676,1674,-1,1544,1678,1676,-1,1544,1750,1746,-1,1544,1680,1678,-1,1544,1682,1680,-1,1544,1684,1682,-1,1544,1687,1684,-1,1544,1688,1687,-1,1544,1624,1619,-1,1544,1691,1688,-1,1544,1692,1691,-1,1544,1694,1692,-1,1544,1696,1694,-1,1544,1699,1696,-1,1544,1701,1699,-1,1544,1702,1701,-1,1544,1705,1702,-1,1544,1719,1714,-1,1712,1707,1705,-1,1712,1709,1707,-1,1712,1710,1709,-1,1719,1716,1714,-1,1619,1622,1620,-1,1619,1624,1622,-1,1724,1721,1719,-1,1724,1723,1721,-1,1728,1727,1724,-1,1610,1614,1612,-1,1610,1617,1614,-1,1730,1728,1724,-1,1606,1610,1609,-1,1605,1610,1606,-1,1736,1734,1732,-1,1738,1736,1732,-1,1740,1738,1732,-1,1742,1732,1730,-1,1742,1740,1732,-1,1746,1745,1742,-1,1590,1594,1592,-1,1750,1748,1746,-1,1587,1590,1588,-1,1587,1596,1594,-1,1587,1594,1590,-1,1758,1756,1754,-1,1514,1762,1760,-1,1519,1512,1514,-1,1519,1516,1512,-1,1519,1514,1760,-1,1566,1570,1568,-1,1524,1520,1519,-1,1524,1523,1520,-1,1524,1752,1750,-1,1524,1754,1752,-1,1524,1760,1758,-1,1524,1758,1754,-1,1524,1519,1760,-1,1562,1566,1564,-1,1562,1573,1570,-1,1562,1574,1573,-1,1562,1576,1574,-1,1562,1578,1576,-1,1562,1570,1566,-1,1528,1526,1524,-1,1558,1562,1560,-1,1552,1556,1554,-1,1552,1558,1556,-1,1536,1532,1531,-1,1536,1535,1532,-1,1541,1537,1539,-1,1541,1530,1537,-1,1547,1559,1563,-1,1547,1549,1551,-1,1547,1551,1553,-1,1547,1553,1559,-1,1543,1529,1530,-1,1543,1530,1541,-1,1545,1713,1715,-1,1545,1751,1525,-1,1545,1704,1713,-1,1545,1525,1529,-1,1545,1563,1579,-1,1545,1718,1725,-1,1545,1604,1611,-1,1545,1579,1581,-1,1545,1581,1583,-1,1545,1583,1585,-1,1545,1585,1586,-1,1545,1725,1731,-1,1545,1597,1598,-1,1545,1611,1616,-1,1545,1598,1601,-1,1545,1601,1603,-1,1545,1603,1604,-1,1545,1616,1618,-1,1545,1547,1563,-1,1545,1625,1627,-1,1545,1627,1629,-1,1545,1629,1631,-1,1545,1529,1543,-1,1545,1631,1633,-1,1545,1633,1635,-1,1545,1743,1747,-1,1545,1635,1637,-1,1545,1731,1743,-1,1545,1637,1639,-1,1545,1639,1641,-1,1545,1641,1643,-1,1545,1643,1644,-1,1545,1644,1647,-1,1545,1647,1649,-1,1545,1649,1651,-1,1545,1651,1653,-1,1545,1653,1655,-1,1545,1655,1657,-1,1545,1657,1658,-1,1545,1658,1661,-1,1545,1586,1597,-1,1545,1661,1663,-1,1545,1663,1665,-1,1545,1665,1667,-1,1545,1667,1669,-1,1545,1669,1671,-1,1545,1671,1672,-1,1545,1672,1675,-1,1545,1675,1677,-1,1545,1677,1679,-1,1545,1747,1751,-1,1545,1679,1681,-1,1545,1681,1683,-1,1545,1683,1685,-1,1545,1685,1686,-1,1545,1686,1689,-1,1545,1618,1625,-1,1545,1689,1690,-1,1545,1690,1693,-1,1545,1693,1695,-1,1545,1695,1697,-1,1545,1697,1698,-1,1545,1698,1700,-1,1545,1700,1703,-1,1545,1703,1704,-1,1545,1715,1718,-1,1713,1704,1706,-1,1713,1706,1708,-1,1713,1708,1711,-1,1718,1715,1717,-1,1618,1621,1623,-1,1618,1623,1625,-1,1725,1718,1720,-1,1725,1720,1722,-1,1729,1725,1726,-1,1611,1613,1615,-1,1611,1615,1616,-1,1731,1725,1729,-1,1607,1608,1611,-1,1604,1607,1611,-1,1737,1733,1735,-1,1739,1733,1737,-1,1741,1733,1739,-1,1743,1731,1733,-1,1743,1733,1741,-1,1747,1743,1744,-1,1591,1593,1595,-1,1751,1747,1749,-1,1586,1589,1591,-1,1586,1595,1597,-1,1586,1591,1595,-1,1759,1755,1757,-1,1513,1761,1763,-1,1518,1513,1515,-1,1518,1515,1517,-1,1518,1761,1513,-1,1567,1569,1571,-1,1525,1518,1521,-1,1525,1521,1522,-1,1525,1751,1753,-1,1525,1753,1755,-1,1525,1759,1761,-1,1525,1755,1759,-1,1525,1761,1518,-1,1563,1565,1567,-1,1563,1571,1572,-1,1563,1572,1575,-1,1563,1575,1577,-1,1563,1577,1579,-1,1563,1567,1571,-1,1529,1525,1527,-1,1559,1561,1563,-1,1553,1555,1557,-1,1553,1557,1559,-1,1537,1530,1533,-1,1537,1533,1534,-1,1764,1765,1766,-1,1764,1767,1765,-1,1768,1769,1767,-1,1768,1770,1769,-1,1768,1767,1764,-1,1771,1770,1768,-1,1772,1773,1770,-1,1772,1774,1773,-1,1772,1770,1771,-1,1775,1774,1772,-1,1776,1777,1774,-1,1776,1774,1775,-1,1778,1779,1777,-1,1778,1777,1776,-1,1780,1781,1779,-1,1780,1782,1781,-1,1780,1779,1778,-1,1783,1782,1780,-1,1784,1785,1782,-1,1784,1786,1785,-1,1784,1782,1783,-1,1787,1786,1784,-1,1788,1786,1787,-1,1788,1789,1786,-1,1790,1789,1788,-1,1790,1791,1789,-1,1792,1791,1790,-1,1792,1793,1791,-1,1794,1795,1793,-1,1794,1793,1792,-1,1796,1797,1795,-1,1796,1795,1794,-1,1798,1799,1797,-1,1798,1797,1796,-1,1800,1801,1799,-1,1800,1799,1798,-1,1802,1803,1801,-1,1802,1801,1800,-1,1804,1805,1803,-1,1804,1803,1802,-1,1806,1807,1805,-1,1806,1805,1804,-1,1808,1809,1807,-1,1808,1807,1806,-1,1810,1811,1809,-1,1810,1809,1808,-1,1812,1813,1811,-1,1812,1811,1810,-1,1814,1815,1813,-1,1814,1813,1812,-1,1816,1817,1815,-1,1816,1815,1814,-1,1818,1819,1817,-1,1818,1817,1816,-1,1820,1821,1819,-1,1820,1819,1818,-1,1822,1823,1821,-1,1822,1824,1823,-1,1822,1821,1820,-1,1825,1824,1822,-1,1826,1827,1824,-1,1826,1824,1825,-1,1828,1829,1827,-1,1828,1827,1826,-1,1830,1831,1829,-1,1830,1829,1828,-1,1832,1833,1831,-1,1832,1831,1830,-1,1834,1835,1833,-1,1834,1833,1832,-1,1836,1837,1835,-1,1836,1838,1837,-1,1836,1835,1834,-1,1839,1838,1836,-1,1840,1838,1839,-1,1840,1841,1838,-1,1842,1841,1840,-1,1842,1843,1841,-1,1844,1843,1842,-1,1844,1845,1843,-1,1846,1845,1844,-1,1846,1847,1845,-1,1848,1847,1846,-1,1848,1849,1847,-1,1848,1850,1849,-1,1851,1850,1848,-1,1852,1850,1851,-1,1852,1853,1850,-1,1854,1853,1852,-1,1854,1855,1853,-1,1854,1856,1855,-1,1857,1856,1854,-1,1858,1856,1857,-1,1858,1859,1856,-1,1858,1860,1859,-1,1861,1860,1858,-1,1862,1863,1860,-1,1862,1860,1861,-1,1864,1865,1863,-1,1864,1863,1862,-1,1866,1867,1865,-1,1866,1868,1867,-1,1866,1865,1864,-1,1869,1870,1868,-1,1869,1868,1866,-1,1871,1870,1869,-1,1872,1873,1870,-1,1872,1870,1871,-1,1874,1875,1873,-1,1874,1873,1872,-1,1876,1877,1875,-1,1876,1875,1874,-1,1878,1879,1877,-1,1878,1877,1876,-1,1880,1881,1879,-1,1880,1879,1878,-1,1882,1883,1881,-1,1882,1881,1880,-1,1884,1885,1883,-1,1884,1883,1882,-1,1886,1887,1885,-1,1886,1885,1884,-1,1888,1887,1886,-1,1888,1889,1887,-1,1890,1889,1888,-1,1890,1891,1889,-1,1892,1891,1890,-1,1892,1893,1891,-1,1894,1893,1892,-1,1894,1895,1893,-1,1894,1896,1895,-1,1897,1896,1894,-1,1898,1896,1897,-1,1898,1899,1896,-1,1900,1899,1898,-1,1900,1901,1899,-1,1902,1901,1900,-1,1902,1903,1901,-1,1904,1903,1902,-1,1904,1905,1903,-1,1906,1905,1904,-1,1906,1907,1905,-1,1908,1907,1906,-1,1908,1909,1907,-1,1908,1910,1909,-1,1911,1910,1908,-1,1912,1910,1911,-1,1912,1913,1910,-1,1914,1913,1912,-1,1914,1915,1913,-1,1916,1915,1914,-1,1916,1917,1915,-1,1918,1917,1916,-1,1918,1919,1917,-1,1920,1919,1918,-1,1920,1921,1919,-1,1922,1921,1920,-1,1922,1923,1921,-1,1922,1924,1923,-1,1925,1924,1922,-1,1926,1924,1925,-1,1926,1927,1924,-1,1928,1927,1926,-1,1928,1929,1927,-1,1930,1931,1929,-1,1930,1929,1928,-1,1932,1933,1931,-1,1932,1931,1930,-1,1934,1935,1933,-1,1934,1933,1932,-1,1936,1937,1935,-1,1936,1938,1937,-1,1936,1935,1934,-1,1939,1938,1936,-1,1940,1938,1939,-1,1940,1941,1938,-1,1940,1942,1941,-1,1943,1942,1940,-1,1944,1942,1943,-1,1944,1945,1942,-1,1946,1945,1944,-1,1946,1947,1945,-1,1948,1947,1946,-1,1948,1949,1947,-1,1948,1950,1949,-1,1951,1950,1948,-1,1951,1952,1950,-1,1953,1952,1951,-1,1954,1952,1953,-1,1954,1955,1952,-1,1954,1956,1955,-1,1957,1956,1954,-1,1957,1958,1956,-1,1959,1958,1957,-1,1959,1960,1958,-1,1961,1960,1959,-1,1962,1960,1961,-1,1962,1963,1960,-1,1964,1965,1963,-1,1964,1963,1962,-1,1966,1967,1965,-1,1966,1965,1964,-1,1968,1969,1967,-1,1968,1970,1969,-1,1968,1967,1966,-1,1971,1972,1970,-1,1971,1970,1968,-1,1973,1974,1972,-1,1973,1972,1971,-1,1975,1974,1973,-1,1976,1977,1974,-1,1976,1978,1977,-1,1976,1974,1975,-1,1979,1978,1976,-1,1980,1981,1978,-1,1980,1978,1979,-1,1982,1983,1981,-1,1982,1981,1980,-1,1984,1985,1983,-1,1984,1983,1982,-1,1986,1987,1985,-1,1986,1985,1984,-1,1988,1987,1986,-1,1988,1989,1987,-1,1990,1989,1988,-1,1990,1991,1989,-1,1992,1991,1990,-1,1992,1993,1991,-1,1994,1993,1992,-1,1994,1995,1993,-1,1994,1996,1995,-1,1997,1996,1994,-1,1998,1999,1996,-1,1998,1996,1997,-1,2000,2001,1999,-1,2000,1999,1998,-1,2002,2003,2001,-1,2002,2001,2000,-1,2004,2005,2003,-1,2004,2003,2002,-1,2006,2007,2005,-1,2006,2005,2004,-1,2008,2009,2007,-1,2008,2007,2006,-1,2010,2011,2009,-1,2010,2009,2008,-1,2012,2013,2011,-1,2012,2011,2010,-1,2014,2015,2013,-1,2014,2013,2012,-1,1766,2015,2014,-1,1766,1765,2015,-1,1792,1790,1788,-1,1792,1788,1783,-1,1798,1814,1810,-1,1798,1802,1800,-1,1798,1804,1802,-1,1798,1810,1804,-1,1794,1783,1780,-1,1794,1792,1783,-1,1796,1966,1964,-1,1796,1776,2002,-1,1796,1964,1957,-1,1796,1780,1776,-1,1796,1830,1814,-1,1796,1976,1971,-1,1796,1862,1857,-1,1796,1832,1830,-1,1796,1834,1832,-1,1796,1836,1834,-1,1796,1839,1836,-1,1796,1982,1976,-1,1796,1851,1848,-1,1796,1869,1862,-1,1796,1852,1851,-1,1796,1854,1852,-1,1796,1857,1854,-1,1796,1871,1869,-1,1796,1814,1798,-1,1796,1878,1876,-1,1796,1880,1878,-1,1796,1882,1880,-1,1796,1794,1780,-1,1796,1884,1882,-1,1796,1886,1884,-1,1796,1998,1994,-1,1796,1888,1886,-1,1796,1994,1982,-1,1796,1890,1888,-1,1796,1892,1890,-1,1796,1894,1892,-1,1796,1897,1894,-1,1796,1898,1897,-1,1796,1900,1898,-1,1796,1902,1900,-1,1796,1904,1902,-1,1796,1906,1904,-1,1796,1908,1906,-1,1796,1911,1908,-1,1796,1912,1911,-1,1796,1848,1839,-1,1796,1914,1912,-1,1796,1916,1914,-1,1796,1918,1916,-1,1796,1920,1918,-1,1796,1922,1920,-1,1796,1925,1922,-1,1796,1926,1925,-1,1796,1928,1926,-1,1796,1930,1928,-1,1796,2002,1998,-1,1796,1932,1930,-1,1796,1934,1932,-1,1796,1936,1934,-1,1796,1939,1936,-1,1796,1940,1939,-1,1796,1876,1871,-1,1796,1943,1940,-1,1796,1944,1943,-1,1796,1946,1944,-1,1796,1948,1946,-1,1796,1951,1948,-1,1796,1953,1951,-1,1796,1954,1953,-1,1796,1957,1954,-1,1796,1971,1966,-1,1964,1959,1957,-1,1964,1961,1959,-1,1964,1962,1961,-1,1971,1968,1966,-1,1871,1874,1872,-1,1871,1876,1874,-1,1976,1973,1971,-1,1976,1975,1973,-1,1980,1979,1976,-1,1862,1866,1864,-1,1862,1869,1866,-1,1982,1980,1976,-1,1858,1862,1861,-1,1857,1862,1858,-1,1988,1986,1984,-1,1990,1988,1984,-1,1992,1990,1984,-1,1994,1984,1982,-1,1994,1992,1984,-1,1998,1997,1994,-1,1842,1846,1844,-1,2002,2000,1998,-1,1839,1842,1840,-1,1839,1848,1846,-1,1839,1846,1842,-1,2010,2008,2006,-1,1766,2014,2012,-1,1771,1764,1766,-1,1771,1768,1764,-1,1771,1766,2012,-1,1818,1822,1820,-1,1776,1772,1771,-1,1776,1775,1772,-1,1776,2004,2002,-1,1776,2006,2004,-1,1776,2012,2010,-1,1776,2010,2006,-1,1776,1771,2012,-1,1814,1818,1816,-1,1814,1825,1822,-1,1814,1826,1825,-1,1814,1828,1826,-1,1814,1830,1828,-1,1814,1822,1818,-1,1780,1778,1776,-1,1810,1814,1812,-1,1804,1808,1806,-1,1804,1810,1808,-1,1788,1784,1783,-1,1788,1787,1784,-1,1793,1789,1791,-1,1793,1782,1789,-1,1799,1811,1815,-1,1799,1801,1803,-1,1799,1803,1805,-1,1799,1805,1811,-1,1795,1781,1782,-1,1795,1782,1793,-1,1797,1965,1967,-1,1797,2003,1777,-1,1797,1956,1965,-1,1797,1777,1781,-1,1797,1815,1831,-1,1797,1970,1977,-1,1797,1856,1863,-1,1797,1831,1833,-1,1797,1833,1835,-1,1797,1835,1837,-1,1797,1837,1838,-1,1797,1977,1983,-1,1797,1849,1850,-1,1797,1863,1868,-1,1797,1850,1853,-1,1797,1853,1855,-1,1797,1855,1856,-1,1797,1868,1870,-1,1797,1799,1815,-1,1797,1877,1879,-1,1797,1879,1881,-1,1797,1881,1883,-1,1797,1781,1795,-1,1797,1883,1885,-1,1797,1885,1887,-1,1797,1995,1999,-1,1797,1887,1889,-1,1797,1983,1995,-1,1797,1889,1891,-1,1797,1891,1893,-1,1797,1893,1895,-1,1797,1895,1896,-1,1797,1896,1899,-1,1797,1899,1901,-1,1797,1901,1903,-1,1797,1903,1905,-1,1797,1905,1907,-1,1797,1907,1909,-1,1797,1909,1910,-1,1797,1910,1913,-1,1797,1838,1849,-1,1797,1913,1915,-1,1797,1915,1917,-1,1797,1917,1919,-1,1797,1919,1921,-1,1797,1921,1923,-1,1797,1923,1924,-1,1797,1924,1927,-1,1797,1927,1929,-1,1797,1929,1931,-1,1797,1999,2003,-1,1797,1931,1933,-1,1797,1933,1935,-1,1797,1935,1937,-1,1797,1937,1938,-1,1797,1938,1941,-1,1797,1870,1877,-1,1797,1941,1942,-1,1797,1942,1945,-1,1797,1945,1947,-1,1797,1947,1949,-1,1797,1949,1950,-1,1797,1950,1952,-1,1797,1952,1955,-1,1797,1955,1956,-1,1797,1967,1970,-1,1965,1956,1958,-1,1965,1958,1960,-1,1965,1960,1963,-1,1970,1967,1969,-1,1870,1873,1875,-1,1870,1875,1877,-1,1977,1970,1972,-1,1977,1972,1974,-1,1981,1977,1978,-1,1863,1865,1867,-1,1863,1867,1868,-1,1983,1977,1981,-1,1859,1860,1863,-1,1856,1859,1863,-1,1989,1985,1987,-1,1991,1985,1989,-1,1993,1985,1991,-1,1995,1983,1985,-1,1995,1985,1993,-1,1999,1995,1996,-1,1843,1845,1847,-1,2003,1999,2001,-1,1838,1841,1843,-1,1838,1847,1849,-1,1838,1843,1847,-1,2011,2007,2009,-1,1765,2013,2015,-1,1770,1765,1767,-1,1770,1767,1769,-1,1770,2013,1765,-1,1819,1821,1823,-1,1777,1770,1773,-1,1777,1773,1774,-1,1777,2003,2005,-1,1777,2005,2007,-1,1777,2011,2013,-1,1777,2007,2011,-1,1777,2013,1770,-1,1815,1817,1819,-1,1815,1823,1824,-1,1815,1824,1827,-1,1815,1827,1829,-1,1815,1829,1831,-1,1815,1819,1823,-1,1781,1777,1779,-1,1811,1813,1815,-1,1805,1807,1809,-1,1805,1809,1811,-1,1789,1782,1785,-1,1789,1785,1786,-1,2016,2017,2018,-1,2016,2019,2017,-1,2020,2021,2019,-1,2020,2022,2021,-1,2020,2019,2016,-1,2023,2022,2020,-1,2024,2025,2022,-1,2024,2026,2025,-1,2024,2022,2023,-1,2027,2026,2024,-1,2028,2029,2026,-1,2028,2026,2027,-1,2030,2031,2029,-1,2030,2029,2028,-1,2032,2033,2031,-1,2032,2034,2033,-1,2032,2031,2030,-1,2035,2034,2032,-1,2036,2037,2034,-1,2036,2038,2037,-1,2036,2034,2035,-1,2039,2038,2036,-1,2040,2038,2039,-1,2040,2041,2038,-1,2042,2041,2040,-1,2042,2043,2041,-1,2044,2043,2042,-1,2044,2045,2043,-1,2046,2047,2045,-1,2046,2045,2044,-1,2048,2049,2047,-1,2048,2047,2046,-1,2050,2051,2049,-1,2050,2049,2048,-1,2052,2053,2051,-1,2052,2051,2050,-1,2054,2055,2053,-1,2054,2053,2052,-1,2056,2057,2055,-1,2056,2055,2054,-1,2058,2059,2057,-1,2058,2057,2056,-1,2060,2061,2059,-1,2060,2059,2058,-1,2062,2063,2061,-1,2062,2061,2060,-1,2064,2065,2063,-1,2064,2063,2062,-1,2066,2067,2065,-1,2066,2065,2064,-1,2068,2069,2067,-1,2068,2067,2066,-1,2070,2071,2069,-1,2070,2069,2068,-1,2072,2073,2071,-1,2072,2071,2070,-1,2074,2075,2073,-1,2074,2076,2075,-1,2074,2073,2072,-1,2077,2076,2074,-1,2078,2079,2076,-1,2078,2076,2077,-1,2080,2081,2079,-1,2080,2079,2078,-1,2082,2083,2081,-1,2082,2081,2080,-1,2084,2085,2083,-1,2084,2083,2082,-1,2086,2087,2085,-1,2086,2085,2084,-1,2088,2089,2087,-1,2088,2090,2089,-1,2088,2087,2086,-1,2091,2090,2088,-1,2092,2090,2091,-1,2092,2093,2090,-1,2094,2093,2092,-1,2094,2095,2093,-1,2096,2095,2094,-1,2096,2097,2095,-1,2098,2097,2096,-1,2098,2099,2097,-1,2100,2099,2098,-1,2100,2101,2099,-1,2100,2102,2101,-1,2103,2102,2100,-1,2104,2102,2103,-1,2104,2105,2102,-1,2106,2105,2104,-1,2106,2107,2105,-1,2106,2108,2107,-1,2109,2108,2106,-1,2110,2108,2109,-1,2110,2111,2108,-1,2110,2112,2111,-1,2113,2112,2110,-1,2114,2115,2112,-1,2114,2112,2113,-1,2116,2117,2115,-1,2116,2115,2114,-1,2118,2119,2117,-1,2118,2120,2119,-1,2118,2117,2116,-1,2121,2122,2120,-1,2121,2120,2118,-1,2123,2122,2121,-1,2124,2125,2122,-1,2124,2122,2123,-1,2126,2127,2125,-1,2126,2125,2124,-1,2128,2129,2127,-1,2128,2127,2126,-1,2130,2131,2129,-1,2130,2129,2128,-1,2132,2133,2131,-1,2132,2131,2130,-1,2134,2135,2133,-1,2134,2133,2132,-1,2136,2137,2135,-1,2136,2135,2134,-1,2138,2139,2137,-1,2138,2137,2136,-1,2140,2139,2138,-1,2140,2141,2139,-1,2142,2141,2140,-1,2142,2143,2141,-1,2144,2143,2142,-1,2144,2145,2143,-1,2146,2145,2144,-1,2146,2147,2145,-1,2146,2148,2147,-1,2149,2148,2146,-1,2150,2148,2149,-1,2150,2151,2148,-1,2152,2151,2150,-1,2152,2153,2151,-1,2154,2153,2152,-1,2154,2155,2153,-1,2156,2155,2154,-1,2156,2157,2155,-1,2158,2157,2156,-1,2158,2159,2157,-1,2160,2159,2158,-1,2160,2161,2159,-1,2160,2162,2161,-1,2163,2162,2160,-1,2164,2162,2163,-1,2164,2165,2162,-1,2166,2165,2164,-1,2166,2167,2165,-1,2168,2167,2166,-1,2168,2169,2167,-1,2170,2169,2168,-1,2170,2171,2169,-1,2172,2171,2170,-1,2172,2173,2171,-1,2174,2173,2172,-1,2174,2175,2173,-1,2174,2176,2175,-1,2177,2176,2174,-1,2178,2176,2177,-1,2178,2179,2176,-1,2180,2179,2178,-1,2180,2181,2179,-1,2182,2183,2181,-1,2182,2181,2180,-1,2184,2185,2183,-1,2184,2183,2182,-1,2186,2187,2185,-1,2186,2185,2184,-1,2188,2189,2187,-1,2188,2190,2189,-1,2188,2187,2186,-1,2191,2190,2188,-1,2192,2190,2191,-1,2192,2193,2190,-1,2192,2194,2193,-1,2195,2194,2192,-1,2196,2194,2195,-1,2196,2197,2194,-1,2198,2197,2196,-1,2198,2199,2197,-1,2200,2199,2198,-1,2200,2201,2199,-1,2200,2202,2201,-1,2203,2202,2200,-1,2203,2204,2202,-1,2205,2204,2203,-1,2206,2204,2205,-1,2206,2207,2204,-1,2206,2208,2207,-1,2209,2208,2206,-1,2209,2210,2208,-1,2211,2210,2209,-1,2211,2212,2210,-1,2213,2212,2211,-1,2214,2212,2213,-1,2214,2215,2212,-1,2216,2217,2215,-1,2216,2215,2214,-1,2218,2219,2217,-1,2218,2217,2216,-1,2220,2221,2219,-1,2220,2222,2221,-1,2220,2219,2218,-1,2223,2224,2222,-1,2223,2222,2220,-1,2225,2226,2224,-1,2225,2224,2223,-1,2227,2226,2225,-1,2228,2229,2226,-1,2228,2230,2229,-1,2228,2226,2227,-1,2231,2230,2228,-1,2232,2233,2230,-1,2232,2230,2231,-1,2234,2235,2233,-1,2234,2233,2232,-1,2236,2237,2235,-1,2236,2235,2234,-1,2238,2239,2237,-1,2238,2237,2236,-1,2240,2239,2238,-1,2240,2241,2239,-1,2242,2241,2240,-1,2242,2243,2241,-1,2244,2243,2242,-1,2244,2245,2243,-1,2246,2245,2244,-1,2246,2247,2245,-1,2246,2248,2247,-1,2249,2248,2246,-1,2250,2251,2248,-1,2250,2248,2249,-1,2252,2253,2251,-1,2252,2251,2250,-1,2254,2255,2253,-1,2254,2253,2252,-1,2256,2257,2255,-1,2256,2255,2254,-1,2258,2259,2257,-1,2258,2257,2256,-1,2260,2261,2259,-1,2260,2259,2258,-1,2262,2263,2261,-1,2262,2261,2260,-1,2264,2265,2263,-1,2264,2263,2262,-1,2266,2267,2265,-1,2266,2265,2264,-1,2018,2267,2266,-1,2018,2017,2267,-1,2044,2042,2040,-1,2044,2040,2035,-1,2050,2066,2062,-1,2050,2054,2052,-1,2050,2056,2054,-1,2050,2062,2056,-1,2046,2035,2032,-1,2046,2044,2035,-1,2048,2218,2216,-1,2048,2028,2254,-1,2048,2216,2209,-1,2048,2032,2028,-1,2048,2082,2066,-1,2048,2228,2223,-1,2048,2114,2109,-1,2048,2084,2082,-1,2048,2086,2084,-1,2048,2088,2086,-1,2048,2091,2088,-1,2048,2234,2228,-1,2048,2103,2100,-1,2048,2121,2114,-1,2048,2104,2103,-1,2048,2106,2104,-1,2048,2109,2106,-1,2048,2123,2121,-1,2048,2066,2050,-1,2048,2130,2128,-1,2048,2132,2130,-1,2048,2134,2132,-1,2048,2046,2032,-1,2048,2136,2134,-1,2048,2138,2136,-1,2048,2250,2246,-1,2048,2140,2138,-1,2048,2246,2234,-1,2048,2142,2140,-1,2048,2144,2142,-1,2048,2146,2144,-1,2048,2149,2146,-1,2048,2150,2149,-1,2048,2152,2150,-1,2048,2154,2152,-1,2048,2156,2154,-1,2048,2158,2156,-1,2048,2160,2158,-1,2048,2163,2160,-1,2048,2164,2163,-1,2048,2100,2091,-1,2048,2166,2164,-1,2048,2168,2166,-1,2048,2170,2168,-1,2048,2172,2170,-1,2048,2174,2172,-1,2048,2177,2174,-1,2048,2178,2177,-1,2048,2180,2178,-1,2048,2182,2180,-1,2048,2254,2250,-1,2048,2184,2182,-1,2048,2186,2184,-1,2048,2188,2186,-1,2048,2191,2188,-1,2048,2192,2191,-1,2048,2128,2123,-1,2048,2195,2192,-1,2048,2196,2195,-1,2048,2198,2196,-1,2048,2200,2198,-1,2048,2203,2200,-1,2048,2205,2203,-1,2048,2206,2205,-1,2048,2209,2206,-1,2048,2223,2218,-1,2216,2211,2209,-1,2216,2213,2211,-1,2216,2214,2213,-1,2223,2220,2218,-1,2123,2126,2124,-1,2123,2128,2126,-1,2228,2225,2223,-1,2228,2227,2225,-1,2232,2231,2228,-1,2114,2118,2116,-1,2114,2121,2118,-1,2234,2232,2228,-1,2110,2114,2113,-1,2109,2114,2110,-1,2240,2238,2236,-1,2242,2240,2236,-1,2244,2242,2236,-1,2246,2236,2234,-1,2246,2244,2236,-1,2250,2249,2246,-1,2094,2098,2096,-1,2254,2252,2250,-1,2091,2094,2092,-1,2091,2100,2098,-1,2091,2098,2094,-1,2262,2260,2258,-1,2018,2266,2264,-1,2023,2016,2018,-1,2023,2020,2016,-1,2023,2018,2264,-1,2070,2074,2072,-1,2028,2024,2023,-1,2028,2027,2024,-1,2028,2256,2254,-1,2028,2258,2256,-1,2028,2264,2262,-1,2028,2262,2258,-1,2028,2023,2264,-1,2066,2070,2068,-1,2066,2077,2074,-1,2066,2078,2077,-1,2066,2080,2078,-1,2066,2082,2080,-1,2066,2074,2070,-1,2032,2030,2028,-1,2062,2066,2064,-1,2056,2060,2058,-1,2056,2062,2060,-1,2040,2036,2035,-1,2040,2039,2036,-1,2045,2041,2043,-1,2045,2034,2041,-1,2051,2063,2067,-1,2051,2053,2055,-1,2051,2055,2057,-1,2051,2057,2063,-1,2047,2033,2034,-1,2047,2034,2045,-1,2049,2217,2219,-1,2049,2255,2029,-1,2049,2208,2217,-1,2049,2029,2033,-1,2049,2067,2083,-1,2049,2222,2229,-1,2049,2108,2115,-1,2049,2083,2085,-1,2049,2085,2087,-1,2049,2087,2089,-1,2049,2089,2090,-1,2049,2229,2235,-1,2049,2101,2102,-1,2049,2115,2120,-1,2049,2102,2105,-1,2049,2105,2107,-1,2049,2107,2108,-1,2049,2120,2122,-1,2049,2051,2067,-1,2049,2129,2131,-1,2049,2131,2133,-1,2049,2133,2135,-1,2049,2033,2047,-1,2049,2135,2137,-1,2049,2137,2139,-1,2049,2247,2251,-1,2049,2139,2141,-1,2049,2235,2247,-1,2049,2141,2143,-1,2049,2143,2145,-1,2049,2145,2147,-1,2049,2147,2148,-1,2049,2148,2151,-1,2049,2151,2153,-1,2049,2153,2155,-1,2049,2155,2157,-1,2049,2157,2159,-1,2049,2159,2161,-1,2049,2161,2162,-1,2049,2162,2165,-1,2049,2090,2101,-1,2049,2165,2167,-1,2049,2167,2169,-1,2049,2169,2171,-1,2049,2171,2173,-1,2049,2173,2175,-1,2049,2175,2176,-1,2049,2176,2179,-1,2049,2179,2181,-1,2049,2181,2183,-1,2049,2251,2255,-1,2049,2183,2185,-1,2049,2185,2187,-1,2049,2187,2189,-1,2049,2189,2190,-1,2049,2190,2193,-1,2049,2122,2129,-1,2049,2193,2194,-1,2049,2194,2197,-1,2049,2197,2199,-1,2049,2199,2201,-1,2049,2201,2202,-1,2049,2202,2204,-1,2049,2204,2207,-1,2049,2207,2208,-1,2049,2219,2222,-1,2217,2208,2210,-1,2217,2210,2212,-1,2217,2212,2215,-1,2222,2219,2221,-1,2122,2125,2127,-1,2122,2127,2129,-1,2229,2222,2224,-1,2229,2224,2226,-1,2233,2229,2230,-1,2115,2117,2119,-1,2115,2119,2120,-1,2235,2229,2233,-1,2111,2112,2115,-1,2108,2111,2115,-1,2241,2237,2239,-1,2243,2237,2241,-1,2245,2237,2243,-1,2247,2235,2237,-1,2247,2237,2245,-1,2251,2247,2248,-1,2095,2097,2099,-1,2255,2251,2253,-1,2090,2093,2095,-1,2090,2099,2101,-1,2090,2095,2099,-1,2263,2259,2261,-1,2017,2265,2267,-1,2022,2017,2019,-1,2022,2019,2021,-1,2022,2265,2017,-1,2071,2073,2075,-1,2029,2022,2025,-1,2029,2025,2026,-1,2029,2255,2257,-1,2029,2257,2259,-1,2029,2263,2265,-1,2029,2259,2263,-1,2029,2265,2022,-1,2067,2069,2071,-1,2067,2075,2076,-1,2067,2076,2079,-1,2067,2079,2081,-1,2067,2081,2083,-1,2067,2071,2075,-1,2033,2029,2031,-1,2063,2065,2067,-1,2057,2059,2061,-1,2057,2061,2063,-1,2041,2034,2037,-1,2041,2037,2038,-1,2268,2269,2270,-1,2268,2271,2269,-1,2272,2273,2271,-1,2272,2274,2273,-1,2272,2271,2268,-1,2275,2274,2272,-1,2276,2277,2274,-1,2276,2278,2277,-1,2276,2274,2275,-1,2279,2278,2276,-1,2280,2281,2278,-1,2280,2278,2279,-1,2282,2283,2281,-1,2282,2281,2280,-1,2284,2285,2283,-1,2284,2286,2285,-1,2284,2283,2282,-1,2287,2286,2284,-1,2288,2289,2286,-1,2288,2290,2289,-1,2288,2286,2287,-1,2291,2290,2288,-1,2292,2290,2291,-1,2292,2293,2290,-1,2294,2293,2292,-1,2294,2295,2293,-1,2296,2295,2294,-1,2296,2297,2295,-1,2298,2299,2297,-1,2298,2297,2296,-1,2300,2301,2299,-1,2300,2299,2298,-1,2302,2303,2301,-1,2302,2301,2300,-1,2304,2305,2303,-1,2304,2303,2302,-1,2306,2307,2305,-1,2306,2305,2304,-1,2308,2309,2307,-1,2308,2307,2306,-1,2310,2311,2309,-1,2310,2309,2308,-1,2312,2313,2311,-1,2312,2311,2310,-1,2314,2315,2313,-1,2314,2313,2312,-1,2316,2317,2315,-1,2316,2315,2314,-1,2318,2319,2317,-1,2318,2317,2316,-1,2320,2321,2319,-1,2320,2319,2318,-1,2322,2323,2321,-1,2322,2321,2320,-1,2324,2325,2323,-1,2324,2323,2322,-1,2326,2327,2325,-1,2326,2328,2327,-1,2326,2325,2324,-1,2329,2328,2326,-1,2330,2331,2328,-1,2330,2328,2329,-1,2332,2333,2331,-1,2332,2331,2330,-1,2334,2335,2333,-1,2334,2333,2332,-1,2336,2337,2335,-1,2336,2335,2334,-1,2338,2339,2337,-1,2338,2337,2336,-1,2340,2341,2339,-1,2340,2342,2341,-1,2340,2339,2338,-1,2343,2342,2340,-1,2344,2342,2343,-1,2344,2345,2342,-1,2346,2345,2344,-1,2346,2347,2345,-1,2348,2347,2346,-1,2348,2349,2347,-1,2350,2349,2348,-1,2350,2351,2349,-1,2352,2351,2350,-1,2352,2353,2351,-1,2352,2354,2353,-1,2355,2354,2352,-1,2356,2354,2355,-1,2356,2357,2354,-1,2358,2357,2356,-1,2358,2359,2357,-1,2358,2360,2359,-1,2361,2360,2358,-1,2362,2360,2361,-1,2362,2363,2360,-1,2362,2364,2363,-1,2365,2364,2362,-1,2366,2367,2364,-1,2366,2364,2365,-1,2368,2369,2367,-1,2368,2367,2366,-1,2370,2371,2369,-1,2370,2372,2371,-1,2370,2369,2368,-1,2373,2374,2372,-1,2373,2372,2370,-1,2375,2374,2373,-1,2376,2377,2374,-1,2376,2374,2375,-1,2378,2379,2377,-1,2378,2377,2376,-1,2380,2381,2379,-1,2380,2379,2378,-1,2382,2383,2381,-1,2382,2381,2380,-1,2384,2385,2383,-1,2384,2383,2382,-1,2386,2387,2385,-1,2386,2385,2384,-1,2388,2389,2387,-1,2388,2387,2386,-1,2390,2391,2389,-1,2390,2389,2388,-1,2392,2391,2390,-1,2392,2393,2391,-1,2394,2393,2392,-1,2394,2395,2393,-1,2396,2395,2394,-1,2396,2397,2395,-1,2398,2397,2396,-1,2398,2399,2397,-1,2398,2400,2399,-1,2401,2400,2398,-1,2402,2400,2401,-1,2402,2403,2400,-1,2404,2403,2402,-1,2404,2405,2403,-1,2406,2405,2404,-1,2406,2407,2405,-1,2408,2407,2406,-1,2408,2409,2407,-1,2410,2409,2408,-1,2410,2411,2409,-1,2412,2411,2410,-1,2412,2413,2411,-1,2412,2414,2413,-1,2415,2414,2412,-1,2416,2414,2415,-1,2416,2417,2414,-1,2418,2417,2416,-1,2418,2419,2417,-1,2420,2419,2418,-1,2420,2421,2419,-1,2422,2421,2420,-1,2422,2423,2421,-1,2424,2423,2422,-1,2424,2425,2423,-1,2426,2425,2424,-1,2426,2427,2425,-1,2426,2428,2427,-1,2429,2428,2426,-1,2430,2428,2429,-1,2430,2431,2428,-1,2432,2431,2430,-1,2432,2433,2431,-1,2434,2435,2433,-1,2434,2433,2432,-1,2436,2437,2435,-1,2436,2435,2434,-1,2438,2439,2437,-1,2438,2437,2436,-1,2440,2441,2439,-1,2440,2442,2441,-1,2440,2439,2438,-1,2443,2442,2440,-1,2444,2442,2443,-1,2444,2445,2442,-1,2444,2446,2445,-1,2447,2446,2444,-1,2448,2446,2447,-1,2448,2449,2446,-1,2450,2449,2448,-1,2450,2451,2449,-1,2452,2451,2450,-1,2452,2453,2451,-1,2452,2454,2453,-1,2455,2454,2452,-1,2455,2456,2454,-1,2457,2456,2455,-1,2458,2456,2457,-1,2458,2459,2456,-1,2458,2460,2459,-1,2461,2460,2458,-1,2461,2462,2460,-1,2463,2462,2461,-1,2463,2464,2462,-1,2465,2464,2463,-1,2466,2464,2465,-1,2466,2467,2464,-1,2468,2469,2467,-1,2468,2467,2466,-1,2470,2471,2469,-1,2470,2469,2468,-1,2472,2473,2471,-1,2472,2474,2473,-1,2472,2471,2470,-1,2475,2476,2474,-1,2475,2474,2472,-1,2477,2478,2476,-1,2477,2476,2475,-1,2479,2478,2477,-1,2480,2481,2478,-1,2480,2482,2481,-1,2480,2478,2479,-1,2483,2482,2480,-1,2484,2485,2482,-1,2484,2482,2483,-1,2486,2487,2485,-1,2486,2485,2484,-1,2488,2489,2487,-1,2488,2487,2486,-1,2490,2491,2489,-1,2490,2489,2488,-1,2492,2491,2490,-1,2492,2493,2491,-1,2494,2493,2492,-1,2494,2495,2493,-1,2496,2495,2494,-1,2496,2497,2495,-1,2498,2497,2496,-1,2498,2499,2497,-1,2498,2500,2499,-1,2501,2500,2498,-1,2502,2503,2500,-1,2502,2500,2501,-1,2504,2505,2503,-1,2504,2503,2502,-1,2506,2507,2505,-1,2506,2505,2504,-1,2508,2509,2507,-1,2508,2507,2506,-1,2510,2511,2509,-1,2510,2509,2508,-1,2512,2513,2511,-1,2512,2511,2510,-1,2514,2515,2513,-1,2514,2513,2512,-1,2516,2517,2515,-1,2516,2515,2514,-1,2518,2519,2517,-1,2518,2517,2516,-1,2270,2519,2518,-1,2270,2269,2519,-1,2296,2294,2292,-1,2296,2292,2287,-1,2302,2318,2314,-1,2302,2306,2304,-1,2302,2308,2306,-1,2302,2314,2308,-1,2298,2287,2284,-1,2298,2296,2287,-1,2300,2470,2468,-1,2300,2280,2506,-1,2300,2468,2461,-1,2300,2284,2280,-1,2300,2334,2318,-1,2300,2480,2475,-1,2300,2366,2361,-1,2300,2336,2334,-1,2300,2338,2336,-1,2300,2340,2338,-1,2300,2343,2340,-1,2300,2486,2480,-1,2300,2355,2352,-1,2300,2373,2366,-1,2300,2356,2355,-1,2300,2358,2356,-1,2300,2361,2358,-1,2300,2375,2373,-1,2300,2318,2302,-1,2300,2382,2380,-1,2300,2384,2382,-1,2300,2386,2384,-1,2300,2298,2284,-1,2300,2388,2386,-1,2300,2390,2388,-1,2300,2502,2498,-1,2300,2392,2390,-1,2300,2498,2486,-1,2300,2394,2392,-1,2300,2396,2394,-1,2300,2398,2396,-1,2300,2401,2398,-1,2300,2402,2401,-1,2300,2404,2402,-1,2300,2406,2404,-1,2300,2408,2406,-1,2300,2410,2408,-1,2300,2412,2410,-1,2300,2415,2412,-1,2300,2416,2415,-1,2300,2352,2343,-1,2300,2418,2416,-1,2300,2420,2418,-1,2300,2422,2420,-1,2300,2424,2422,-1,2300,2426,2424,-1,2300,2429,2426,-1,2300,2430,2429,-1,2300,2432,2430,-1,2300,2434,2432,-1,2300,2506,2502,-1,2300,2436,2434,-1,2300,2438,2436,-1,2300,2440,2438,-1,2300,2443,2440,-1,2300,2444,2443,-1,2300,2380,2375,-1,2300,2447,2444,-1,2300,2448,2447,-1,2300,2450,2448,-1,2300,2452,2450,-1,2300,2455,2452,-1,2300,2457,2455,-1,2300,2458,2457,-1,2300,2461,2458,-1,2300,2475,2470,-1,2468,2463,2461,-1,2468,2465,2463,-1,2468,2466,2465,-1,2475,2472,2470,-1,2375,2378,2376,-1,2375,2380,2378,-1,2480,2477,2475,-1,2480,2479,2477,-1,2484,2483,2480,-1,2366,2370,2368,-1,2366,2373,2370,-1,2486,2484,2480,-1,2362,2366,2365,-1,2361,2366,2362,-1,2492,2490,2488,-1,2494,2492,2488,-1,2496,2494,2488,-1,2498,2488,2486,-1,2498,2496,2488,-1,2502,2501,2498,-1,2346,2350,2348,-1,2506,2504,2502,-1,2343,2346,2344,-1,2343,2352,2350,-1,2343,2350,2346,-1,2514,2512,2510,-1,2270,2518,2516,-1,2275,2268,2270,-1,2275,2272,2268,-1,2275,2270,2516,-1,2322,2326,2324,-1,2280,2276,2275,-1,2280,2279,2276,-1,2280,2508,2506,-1,2280,2510,2508,-1,2280,2516,2514,-1,2280,2514,2510,-1,2280,2275,2516,-1,2318,2322,2320,-1,2318,2329,2326,-1,2318,2330,2329,-1,2318,2332,2330,-1,2318,2334,2332,-1,2318,2326,2322,-1,2284,2282,2280,-1,2314,2318,2316,-1,2308,2312,2310,-1,2308,2314,2312,-1,2292,2288,2287,-1,2292,2291,2288,-1,2297,2293,2295,-1,2297,2286,2293,-1,2303,2315,2319,-1,2303,2305,2307,-1,2303,2307,2309,-1,2303,2309,2315,-1,2299,2285,2286,-1,2299,2286,2297,-1,2301,2469,2471,-1,2301,2507,2281,-1,2301,2460,2469,-1,2301,2281,2285,-1,2301,2319,2335,-1,2301,2474,2481,-1,2301,2360,2367,-1,2301,2335,2337,-1,2301,2337,2339,-1,2301,2339,2341,-1,2301,2341,2342,-1,2301,2481,2487,-1,2301,2353,2354,-1,2301,2367,2372,-1,2301,2354,2357,-1,2301,2357,2359,-1,2301,2359,2360,-1,2301,2372,2374,-1,2301,2303,2319,-1,2301,2381,2383,-1,2301,2383,2385,-1,2301,2385,2387,-1,2301,2285,2299,-1,2301,2387,2389,-1,2301,2389,2391,-1,2301,2499,2503,-1,2301,2391,2393,-1,2301,2487,2499,-1,2301,2393,2395,-1,2301,2395,2397,-1,2301,2397,2399,-1,2301,2399,2400,-1,2301,2400,2403,-1,2301,2403,2405,-1,2301,2405,2407,-1,2301,2407,2409,-1,2301,2409,2411,-1,2301,2411,2413,-1,2301,2413,2414,-1,2301,2414,2417,-1,2301,2342,2353,-1,2301,2417,2419,-1,2301,2419,2421,-1,2301,2421,2423,-1,2301,2423,2425,-1,2301,2425,2427,-1,2301,2427,2428,-1,2301,2428,2431,-1,2301,2431,2433,-1,2301,2433,2435,-1,2301,2503,2507,-1,2301,2435,2437,-1,2301,2437,2439,-1,2301,2439,2441,-1,2301,2441,2442,-1,2301,2442,2445,-1,2301,2374,2381,-1,2301,2445,2446,-1,2301,2446,2449,-1,2301,2449,2451,-1,2301,2451,2453,-1,2301,2453,2454,-1,2301,2454,2456,-1,2301,2456,2459,-1,2301,2459,2460,-1,2301,2471,2474,-1,2469,2460,2462,-1,2469,2462,2464,-1,2469,2464,2467,-1,2474,2471,2473,-1,2374,2377,2379,-1,2374,2379,2381,-1,2481,2474,2476,-1,2481,2476,2478,-1,2485,2481,2482,-1,2367,2369,2371,-1,2367,2371,2372,-1,2487,2481,2485,-1,2363,2364,2367,-1,2360,2363,2367,-1,2493,2489,2491,-1,2495,2489,2493,-1,2497,2489,2495,-1,2499,2487,2489,-1,2499,2489,2497,-1,2503,2499,2500,-1,2347,2349,2351,-1,2507,2503,2505,-1,2342,2345,2347,-1,2342,2351,2353,-1,2342,2347,2351,-1,2515,2511,2513,-1,2269,2517,2519,-1,2274,2269,2271,-1,2274,2271,2273,-1,2274,2517,2269,-1,2323,2325,2327,-1,2281,2274,2277,-1,2281,2277,2278,-1,2281,2507,2509,-1,2281,2509,2511,-1,2281,2515,2517,-1,2281,2511,2515,-1,2281,2517,2274,-1,2319,2321,2323,-1,2319,2327,2328,-1,2319,2328,2331,-1,2319,2331,2333,-1,2319,2333,2335,-1,2319,2323,2327,-1,2285,2281,2283,-1,2315,2317,2319,-1,2309,2311,2313,-1,2309,2313,2315,-1,2293,2286,2289,-1,2293,2289,2290,-1,2520,2521,2522,-1,2520,2523,2521,-1,2524,2525,2523,-1,2524,2526,2525,-1,2524,2523,2520,-1,2527,2526,2524,-1,2528,2529,2526,-1,2528,2530,2529,-1,2528,2526,2527,-1,2531,2530,2528,-1,2532,2533,2530,-1,2532,2530,2531,-1,2534,2535,2533,-1,2534,2533,2532,-1,2536,2537,2535,-1,2536,2538,2537,-1,2536,2535,2534,-1,2539,2538,2536,-1,2540,2541,2538,-1,2540,2542,2541,-1,2540,2538,2539,-1,2543,2542,2540,-1,2544,2542,2543,-1,2544,2545,2542,-1,2546,2545,2544,-1,2546,2547,2545,-1,2548,2547,2546,-1,2548,2549,2547,-1,2550,2551,2549,-1,2550,2549,2548,-1,2552,2553,2551,-1,2552,2551,2550,-1,2554,2555,2553,-1,2554,2553,2552,-1,2556,2557,2555,-1,2556,2555,2554,-1,2558,2559,2557,-1,2558,2557,2556,-1,2560,2561,2559,-1,2560,2559,2558,-1,2562,2563,2561,-1,2562,2561,2560,-1,2564,2565,2563,-1,2564,2563,2562,-1,2566,2567,2565,-1,2566,2565,2564,-1,2568,2569,2567,-1,2568,2567,2566,-1,2570,2571,2569,-1,2570,2569,2568,-1,2572,2573,2571,-1,2572,2571,2570,-1,2574,2575,2573,-1,2574,2573,2572,-1,2576,2577,2575,-1,2576,2575,2574,-1,2578,2579,2577,-1,2578,2580,2579,-1,2578,2577,2576,-1,2581,2580,2578,-1,2582,2583,2580,-1,2582,2580,2581,-1,2584,2585,2583,-1,2584,2583,2582,-1,2586,2587,2585,-1,2586,2585,2584,-1,2588,2589,2587,-1,2588,2587,2586,-1,2590,2591,2589,-1,2590,2589,2588,-1,2592,2593,2591,-1,2592,2594,2593,-1,2592,2591,2590,-1,2595,2594,2592,-1,2596,2594,2595,-1,2596,2597,2594,-1,2598,2597,2596,-1,2598,2599,2597,-1,2600,2599,2598,-1,2600,2601,2599,-1,2602,2601,2600,-1,2602,2603,2601,-1,2604,2603,2602,-1,2604,2605,2603,-1,2604,2606,2605,-1,2607,2606,2604,-1,2608,2606,2607,-1,2608,2609,2606,-1,2610,2609,2608,-1,2610,2611,2609,-1,2610,2612,2611,-1,2613,2612,2610,-1,2614,2612,2613,-1,2614,2615,2612,-1,2614,2616,2615,-1,2617,2616,2614,-1,2618,2619,2616,-1,2618,2616,2617,-1,2620,2621,2619,-1,2620,2619,2618,-1,2622,2623,2621,-1,2622,2624,2623,-1,2622,2621,2620,-1,2625,2626,2624,-1,2625,2624,2622,-1,2627,2626,2625,-1,2628,2629,2626,-1,2628,2626,2627,-1,2630,2631,2629,-1,2630,2629,2628,-1,2632,2633,2631,-1,2632,2631,2630,-1,2634,2635,2633,-1,2634,2633,2632,-1,2636,2637,2635,-1,2636,2635,2634,-1,2638,2639,2637,-1,2638,2637,2636,-1,2640,2641,2639,-1,2640,2639,2638,-1,2642,2643,2641,-1,2642,2641,2640,-1,2644,2643,2642,-1,2644,2645,2643,-1,2646,2645,2644,-1,2646,2647,2645,-1,2648,2647,2646,-1,2648,2649,2647,-1,2650,2649,2648,-1,2650,2651,2649,-1,2650,2652,2651,-1,2653,2652,2650,-1,2654,2652,2653,-1,2654,2655,2652,-1,2656,2655,2654,-1,2656,2657,2655,-1,2658,2657,2656,-1,2658,2659,2657,-1,2660,2659,2658,-1,2660,2661,2659,-1,2662,2661,2660,-1,2662,2663,2661,-1,2664,2663,2662,-1,2664,2665,2663,-1,2664,2666,2665,-1,2667,2666,2664,-1,2668,2666,2667,-1,2668,2669,2666,-1,2670,2669,2668,-1,2670,2671,2669,-1,2672,2671,2670,-1,2672,2673,2671,-1,2674,2673,2672,-1,2674,2675,2673,-1,2676,2675,2674,-1,2676,2677,2675,-1,2678,2677,2676,-1,2678,2679,2677,-1,2678,2680,2679,-1,2681,2680,2678,-1,2682,2680,2681,-1,2682,2683,2680,-1,2684,2683,2682,-1,2684,2685,2683,-1,2686,2687,2685,-1,2686,2685,2684,-1,2688,2689,2687,-1,2688,2687,2686,-1,2690,2691,2689,-1,2690,2689,2688,-1,2692,2693,2691,-1,2692,2694,2693,-1,2692,2691,2690,-1,2695,2694,2692,-1,2696,2694,2695,-1,2696,2697,2694,-1,2696,2698,2697,-1,2699,2698,2696,-1,2700,2698,2699,-1,2700,2701,2698,-1,2702,2701,2700,-1,2702,2703,2701,-1,2704,2703,2702,-1,2704,2705,2703,-1,2704,2706,2705,-1,2707,2706,2704,-1,2707,2708,2706,-1,2709,2708,2707,-1,2710,2708,2709,-1,2710,2711,2708,-1,2710,2712,2711,-1,2713,2712,2710,-1,2713,2714,2712,-1,2715,2714,2713,-1,2715,2716,2714,-1,2717,2716,2715,-1,2718,2716,2717,-1,2718,2719,2716,-1,2720,2721,2719,-1,2720,2719,2718,-1,2722,2723,2721,-1,2722,2721,2720,-1,2724,2725,2723,-1,2724,2726,2725,-1,2724,2723,2722,-1,2727,2728,2726,-1,2727,2726,2724,-1,2729,2730,2728,-1,2729,2728,2727,-1,2731,2730,2729,-1,2732,2733,2730,-1,2732,2734,2733,-1,2732,2730,2731,-1,2735,2734,2732,-1,2736,2737,2734,-1,2736,2734,2735,-1,2738,2739,2737,-1,2738,2737,2736,-1,2740,2741,2739,-1,2740,2739,2738,-1,2742,2743,2741,-1,2742,2741,2740,-1,2744,2743,2742,-1,2744,2745,2743,-1,2746,2745,2744,-1,2746,2747,2745,-1,2748,2747,2746,-1,2748,2749,2747,-1,2750,2749,2748,-1,2750,2751,2749,-1,2750,2752,2751,-1,2753,2752,2750,-1,2754,2755,2752,-1,2754,2752,2753,-1,2756,2757,2755,-1,2756,2755,2754,-1,2758,2759,2757,-1,2758,2757,2756,-1,2760,2761,2759,-1,2760,2759,2758,-1,2762,2763,2761,-1,2762,2761,2760,-1,2764,2765,2763,-1,2764,2763,2762,-1,2766,2767,2765,-1,2766,2765,2764,-1,2768,2769,2767,-1,2768,2767,2766,-1,2770,2771,2769,-1,2770,2769,2768,-1,2522,2771,2770,-1,2522,2521,2771,-1,2548,2546,2544,-1,2548,2544,2539,-1,2554,2570,2566,-1,2554,2558,2556,-1,2554,2560,2558,-1,2554,2566,2560,-1,2550,2539,2536,-1,2550,2548,2539,-1,2552,2722,2720,-1,2552,2532,2758,-1,2552,2720,2713,-1,2552,2536,2532,-1,2552,2586,2570,-1,2552,2732,2727,-1,2552,2618,2613,-1,2552,2588,2586,-1,2552,2590,2588,-1,2552,2592,2590,-1,2552,2595,2592,-1,2552,2738,2732,-1,2552,2607,2604,-1,2552,2625,2618,-1,2552,2608,2607,-1,2552,2610,2608,-1,2552,2613,2610,-1,2552,2627,2625,-1,2552,2570,2554,-1,2552,2634,2632,-1,2552,2636,2634,-1,2552,2638,2636,-1,2552,2550,2536,-1,2552,2640,2638,-1,2552,2642,2640,-1,2552,2754,2750,-1,2552,2644,2642,-1,2552,2750,2738,-1,2552,2646,2644,-1,2552,2648,2646,-1,2552,2650,2648,-1,2552,2653,2650,-1,2552,2654,2653,-1,2552,2656,2654,-1,2552,2658,2656,-1,2552,2660,2658,-1,2552,2662,2660,-1,2552,2664,2662,-1,2552,2667,2664,-1,2552,2668,2667,-1,2552,2604,2595,-1,2552,2670,2668,-1,2552,2672,2670,-1,2552,2674,2672,-1,2552,2676,2674,-1,2552,2678,2676,-1,2552,2681,2678,-1,2552,2682,2681,-1,2552,2684,2682,-1,2552,2686,2684,-1,2552,2758,2754,-1,2552,2688,2686,-1,2552,2690,2688,-1,2552,2692,2690,-1,2552,2695,2692,-1,2552,2696,2695,-1,2552,2632,2627,-1,2552,2699,2696,-1,2552,2700,2699,-1,2552,2702,2700,-1,2552,2704,2702,-1,2552,2707,2704,-1,2552,2709,2707,-1,2552,2710,2709,-1,2552,2713,2710,-1,2552,2727,2722,-1,2720,2715,2713,-1,2720,2717,2715,-1,2720,2718,2717,-1,2727,2724,2722,-1,2627,2630,2628,-1,2627,2632,2630,-1,2732,2729,2727,-1,2732,2731,2729,-1,2736,2735,2732,-1,2618,2622,2620,-1,2618,2625,2622,-1,2738,2736,2732,-1,2614,2618,2617,-1,2613,2618,2614,-1,2744,2742,2740,-1,2746,2744,2740,-1,2748,2746,2740,-1,2750,2740,2738,-1,2750,2748,2740,-1,2754,2753,2750,-1,2598,2602,2600,-1,2758,2756,2754,-1,2595,2598,2596,-1,2595,2604,2602,-1,2595,2602,2598,-1,2766,2764,2762,-1,2522,2770,2768,-1,2527,2520,2522,-1,2527,2524,2520,-1,2527,2522,2768,-1,2574,2578,2576,-1,2532,2528,2527,-1,2532,2531,2528,-1,2532,2760,2758,-1,2532,2762,2760,-1,2532,2768,2766,-1,2532,2766,2762,-1,2532,2527,2768,-1,2570,2574,2572,-1,2570,2581,2578,-1,2570,2582,2581,-1,2570,2584,2582,-1,2570,2586,2584,-1,2570,2578,2574,-1,2536,2534,2532,-1,2566,2570,2568,-1,2560,2564,2562,-1,2560,2566,2564,-1,2544,2540,2539,-1,2544,2543,2540,-1,2549,2545,2547,-1,2549,2538,2545,-1,2555,2567,2571,-1,2555,2557,2559,-1,2555,2559,2561,-1,2555,2561,2567,-1,2551,2537,2538,-1,2551,2538,2549,-1,2553,2721,2723,-1,2553,2759,2533,-1,2553,2712,2721,-1,2553,2533,2537,-1,2553,2571,2587,-1,2553,2726,2733,-1,2553,2612,2619,-1,2553,2587,2589,-1,2553,2589,2591,-1,2553,2591,2593,-1,2553,2593,2594,-1,2553,2733,2739,-1,2553,2605,2606,-1,2553,2619,2624,-1,2553,2606,2609,-1,2553,2609,2611,-1,2553,2611,2612,-1,2553,2624,2626,-1,2553,2555,2571,-1,2553,2633,2635,-1,2553,2635,2637,-1,2553,2637,2639,-1,2553,2537,2551,-1,2553,2639,2641,-1,2553,2641,2643,-1,2553,2751,2755,-1,2553,2643,2645,-1,2553,2739,2751,-1,2553,2645,2647,-1,2553,2647,2649,-1,2553,2649,2651,-1,2553,2651,2652,-1,2553,2652,2655,-1,2553,2655,2657,-1,2553,2657,2659,-1,2553,2659,2661,-1,2553,2661,2663,-1,2553,2663,2665,-1,2553,2665,2666,-1,2553,2666,2669,-1,2553,2594,2605,-1,2553,2669,2671,-1,2553,2671,2673,-1,2553,2673,2675,-1,2553,2675,2677,-1,2553,2677,2679,-1,2553,2679,2680,-1,2553,2680,2683,-1,2553,2683,2685,-1,2553,2685,2687,-1,2553,2755,2759,-1,2553,2687,2689,-1,2553,2689,2691,-1,2553,2691,2693,-1,2553,2693,2694,-1,2553,2694,2697,-1,2553,2626,2633,-1,2553,2697,2698,-1,2553,2698,2701,-1,2553,2701,2703,-1,2553,2703,2705,-1,2553,2705,2706,-1,2553,2706,2708,-1,2553,2708,2711,-1,2553,2711,2712,-1,2553,2723,2726,-1,2721,2712,2714,-1,2721,2714,2716,-1,2721,2716,2719,-1,2726,2723,2725,-1,2626,2629,2631,-1,2626,2631,2633,-1,2733,2726,2728,-1,2733,2728,2730,-1,2737,2733,2734,-1,2619,2621,2623,-1,2619,2623,2624,-1,2739,2733,2737,-1,2615,2616,2619,-1,2612,2615,2619,-1,2745,2741,2743,-1,2747,2741,2745,-1,2749,2741,2747,-1,2751,2739,2741,-1,2751,2741,2749,-1,2755,2751,2752,-1,2599,2601,2603,-1,2759,2755,2757,-1,2594,2597,2599,-1,2594,2603,2605,-1,2594,2599,2603,-1,2767,2763,2765,-1,2521,2769,2771,-1,2526,2521,2523,-1,2526,2523,2525,-1,2526,2769,2521,-1,2575,2577,2579,-1,2533,2526,2529,-1,2533,2529,2530,-1,2533,2759,2761,-1,2533,2761,2763,-1,2533,2767,2769,-1,2533,2763,2767,-1,2533,2769,2526,-1,2571,2573,2575,-1,2571,2579,2580,-1,2571,2580,2583,-1,2571,2583,2585,-1,2571,2585,2587,-1,2571,2575,2579,-1,2537,2533,2535,-1,2567,2569,2571,-1,2561,2563,2565,-1,2561,2565,2567,-1,2545,2538,2541,-1,2545,2541,2542,-1,2772,2773,2774,-1,2772,2775,2773,-1,2776,2777,2775,-1,2776,2778,2777,-1,2776,2775,2772,-1,2779,2778,2776,-1,2780,2781,2778,-1,2780,2782,2781,-1,2780,2778,2779,-1,2783,2782,2780,-1,2784,2785,2782,-1,2784,2782,2783,-1,2786,2787,2785,-1,2786,2785,2784,-1,2788,2789,2787,-1,2788,2790,2789,-1,2788,2787,2786,-1,2791,2790,2788,-1,2792,2793,2790,-1,2792,2794,2793,-1,2792,2790,2791,-1,2795,2794,2792,-1,2796,2794,2795,-1,2796,2797,2794,-1,2798,2797,2796,-1,2798,2799,2797,-1,2800,2799,2798,-1,2800,2801,2799,-1,2802,2803,2801,-1,2802,2801,2800,-1,2804,2805,2803,-1,2804,2803,2802,-1,2806,2807,2805,-1,2806,2805,2804,-1,2808,2809,2807,-1,2808,2807,2806,-1,2810,2811,2809,-1,2810,2809,2808,-1,2812,2813,2811,-1,2812,2811,2810,-1,2814,2815,2813,-1,2814,2813,2812,-1,2816,2817,2815,-1,2816,2815,2814,-1,2818,2819,2817,-1,2818,2817,2816,-1,2820,2821,2819,-1,2820,2819,2818,-1,2822,2823,2821,-1,2822,2821,2820,-1,2824,2825,2823,-1,2824,2823,2822,-1,2826,2827,2825,-1,2826,2825,2824,-1,2828,2829,2827,-1,2828,2827,2826,-1,2830,2831,2829,-1,2830,2832,2831,-1,2830,2829,2828,-1,2833,2832,2830,-1,2834,2835,2832,-1,2834,2832,2833,-1,2836,2837,2835,-1,2836,2835,2834,-1,2838,2839,2837,-1,2838,2837,2836,-1,2840,2841,2839,-1,2840,2839,2838,-1,2842,2843,2841,-1,2842,2841,2840,-1,2844,2845,2843,-1,2844,2846,2845,-1,2844,2843,2842,-1,2847,2846,2844,-1,2848,2846,2847,-1,2848,2849,2846,-1,2850,2849,2848,-1,2850,2851,2849,-1,2852,2851,2850,-1,2852,2853,2851,-1,2854,2853,2852,-1,2854,2855,2853,-1,2856,2855,2854,-1,2856,2857,2855,-1,2856,2858,2857,-1,2859,2858,2856,-1,2860,2858,2859,-1,2860,2861,2858,-1,2862,2861,2860,-1,2862,2863,2861,-1,2862,2864,2863,-1,2865,2864,2862,-1,2866,2864,2865,-1,2866,2867,2864,-1,2866,2868,2867,-1,2869,2868,2866,-1,2870,2871,2868,-1,2870,2868,2869,-1,2872,2873,2871,-1,2872,2871,2870,-1,2874,2875,2873,-1,2874,2876,2875,-1,2874,2873,2872,-1,2877,2878,2876,-1,2877,2876,2874,-1,2879,2878,2877,-1,2880,2881,2878,-1,2880,2878,2879,-1,2882,2883,2881,-1,2882,2881,2880,-1,2884,2885,2883,-1,2884,2883,2882,-1,2886,2887,2885,-1,2886,2885,2884,-1,2888,2889,2887,-1,2888,2887,2886,-1,2890,2891,2889,-1,2890,2889,2888,-1,2892,2893,2891,-1,2892,2891,2890,-1,2894,2895,2893,-1,2894,2893,2892,-1,2896,2895,2894,-1,2896,2897,2895,-1,2898,2897,2896,-1,2898,2899,2897,-1,2900,2899,2898,-1,2900,2901,2899,-1,2902,2901,2900,-1,2902,2903,2901,-1,2902,2904,2903,-1,2905,2904,2902,-1,2906,2904,2905,-1,2906,2907,2904,-1,2908,2907,2906,-1,2908,2909,2907,-1,2910,2909,2908,-1,2910,2911,2909,-1,2912,2911,2910,-1,2912,2913,2911,-1,2914,2913,2912,-1,2914,2915,2913,-1,2916,2915,2914,-1,2916,2917,2915,-1,2916,2918,2917,-1,2919,2918,2916,-1,2920,2918,2919,-1,2920,2921,2918,-1,2922,2921,2920,-1,2922,2923,2921,-1,2924,2923,2922,-1,2924,2925,2923,-1,2926,2925,2924,-1,2926,2927,2925,-1,2928,2927,2926,-1,2928,2929,2927,-1,2930,2929,2928,-1,2930,2931,2929,-1,2930,2932,2931,-1,2933,2932,2930,-1,2934,2932,2933,-1,2934,2935,2932,-1,2936,2935,2934,-1,2936,2937,2935,-1,2938,2939,2937,-1,2938,2937,2936,-1,2940,2941,2939,-1,2940,2939,2938,-1,2942,2943,2941,-1,2942,2941,2940,-1,2944,2945,2943,-1,2944,2946,2945,-1,2944,2943,2942,-1,2947,2946,2944,-1,2948,2946,2947,-1,2948,2949,2946,-1,2948,2950,2949,-1,2951,2950,2948,-1,2952,2950,2951,-1,2952,2953,2950,-1,2954,2953,2952,-1,2954,2955,2953,-1,2956,2955,2954,-1,2956,2957,2955,-1,2956,2958,2957,-1,2959,2958,2956,-1,2959,2960,2958,-1,2961,2960,2959,-1,2962,2960,2961,-1,2962,2963,2960,-1,2962,2964,2963,-1,2965,2964,2962,-1,2965,2966,2964,-1,2967,2966,2965,-1,2967,2968,2966,-1,2969,2968,2967,-1,2970,2968,2969,-1,2970,2971,2968,-1,2972,2973,2971,-1,2972,2971,2970,-1,2974,2975,2973,-1,2974,2973,2972,-1,2976,2977,2975,-1,2976,2978,2977,-1,2976,2975,2974,-1,2979,2980,2978,-1,2979,2978,2976,-1,2981,2982,2980,-1,2981,2980,2979,-1,2983,2982,2981,-1,2984,2985,2982,-1,2984,2986,2985,-1,2984,2982,2983,-1,2987,2986,2984,-1,2988,2989,2986,-1,2988,2986,2987,-1,2990,2991,2989,-1,2990,2989,2988,-1,2992,2993,2991,-1,2992,2991,2990,-1,2994,2995,2993,-1,2994,2993,2992,-1,2996,2995,2994,-1,2996,2997,2995,-1,2998,2997,2996,-1,2998,2999,2997,-1,3000,2999,2998,-1,3000,3001,2999,-1,3002,3001,3000,-1,3002,3003,3001,-1,3002,3004,3003,-1,3005,3004,3002,-1,3006,3007,3004,-1,3006,3004,3005,-1,3008,3009,3007,-1,3008,3007,3006,-1,3010,3011,3009,-1,3010,3009,3008,-1,3012,3013,3011,-1,3012,3011,3010,-1,3014,3015,3013,-1,3014,3013,3012,-1,3016,3017,3015,-1,3016,3015,3014,-1,3018,3019,3017,-1,3018,3017,3016,-1,3020,3021,3019,-1,3020,3019,3018,-1,3022,3023,3021,-1,3022,3021,3020,-1,2774,3023,3022,-1,2774,2773,3023,-1,2800,2798,2796,-1,2800,2796,2791,-1,2806,2822,2818,-1,2806,2810,2808,-1,2806,2812,2810,-1,2806,2818,2812,-1,2802,2791,2788,-1,2802,2800,2791,-1,2804,2974,2972,-1,2804,2784,3010,-1,2804,2972,2965,-1,2804,2788,2784,-1,2804,2838,2822,-1,2804,2984,2979,-1,2804,2870,2865,-1,2804,2840,2838,-1,2804,2842,2840,-1,2804,2844,2842,-1,2804,2847,2844,-1,2804,2990,2984,-1,2804,2859,2856,-1,2804,2877,2870,-1,2804,2860,2859,-1,2804,2862,2860,-1,2804,2865,2862,-1,2804,2879,2877,-1,2804,2822,2806,-1,2804,2886,2884,-1,2804,2888,2886,-1,2804,2890,2888,-1,2804,2802,2788,-1,2804,2892,2890,-1,2804,2894,2892,-1,2804,3006,3002,-1,2804,2896,2894,-1,2804,3002,2990,-1,2804,2898,2896,-1,2804,2900,2898,-1,2804,2902,2900,-1,2804,2905,2902,-1,2804,2906,2905,-1,2804,2908,2906,-1,2804,2910,2908,-1,2804,2912,2910,-1,2804,2914,2912,-1,2804,2916,2914,-1,2804,2919,2916,-1,2804,2920,2919,-1,2804,2856,2847,-1,2804,2922,2920,-1,2804,2924,2922,-1,2804,2926,2924,-1,2804,2928,2926,-1,2804,2930,2928,-1,2804,2933,2930,-1,2804,2934,2933,-1,2804,2936,2934,-1,2804,2938,2936,-1,2804,3010,3006,-1,2804,2940,2938,-1,2804,2942,2940,-1,2804,2944,2942,-1,2804,2947,2944,-1,2804,2948,2947,-1,2804,2884,2879,-1,2804,2951,2948,-1,2804,2952,2951,-1,2804,2954,2952,-1,2804,2956,2954,-1,2804,2959,2956,-1,2804,2961,2959,-1,2804,2962,2961,-1,2804,2965,2962,-1,2804,2979,2974,-1,2972,2967,2965,-1,2972,2969,2967,-1,2972,2970,2969,-1,2979,2976,2974,-1,2879,2882,2880,-1,2879,2884,2882,-1,2984,2981,2979,-1,2984,2983,2981,-1,2988,2987,2984,-1,2870,2874,2872,-1,2870,2877,2874,-1,2990,2988,2984,-1,2866,2870,2869,-1,2865,2870,2866,-1,2996,2994,2992,-1,2998,2996,2992,-1,3000,2998,2992,-1,3002,2992,2990,-1,3002,3000,2992,-1,3006,3005,3002,-1,2850,2854,2852,-1,3010,3008,3006,-1,2847,2850,2848,-1,2847,2856,2854,-1,2847,2854,2850,-1,3018,3016,3014,-1,2774,3022,3020,-1,2779,2772,2774,-1,2779,2776,2772,-1,2779,2774,3020,-1,2826,2830,2828,-1,2784,2780,2779,-1,2784,2783,2780,-1,2784,3012,3010,-1,2784,3014,3012,-1,2784,3020,3018,-1,2784,3018,3014,-1,2784,2779,3020,-1,2822,2826,2824,-1,2822,2833,2830,-1,2822,2834,2833,-1,2822,2836,2834,-1,2822,2838,2836,-1,2822,2830,2826,-1,2788,2786,2784,-1,2818,2822,2820,-1,2812,2816,2814,-1,2812,2818,2816,-1,2796,2792,2791,-1,2796,2795,2792,-1,2801,2797,2799,-1,2801,2790,2797,-1,2807,2819,2823,-1,2807,2809,2811,-1,2807,2811,2813,-1,2807,2813,2819,-1,2803,2789,2790,-1,2803,2790,2801,-1,2805,2973,2975,-1,2805,3011,2785,-1,2805,2964,2973,-1,2805,2785,2789,-1,2805,2823,2839,-1,2805,2978,2985,-1,2805,2864,2871,-1,2805,2839,2841,-1,2805,2841,2843,-1,2805,2843,2845,-1,2805,2845,2846,-1,2805,2985,2991,-1,2805,2857,2858,-1,2805,2871,2876,-1,2805,2858,2861,-1,2805,2861,2863,-1,2805,2863,2864,-1,2805,2876,2878,-1,2805,2807,2823,-1,2805,2885,2887,-1,2805,2887,2889,-1,2805,2889,2891,-1,2805,2789,2803,-1,2805,2891,2893,-1,2805,2893,2895,-1,2805,3003,3007,-1,2805,2895,2897,-1,2805,2991,3003,-1,2805,2897,2899,-1,2805,2899,2901,-1,2805,2901,2903,-1,2805,2903,2904,-1,2805,2904,2907,-1,2805,2907,2909,-1,2805,2909,2911,-1,2805,2911,2913,-1,2805,2913,2915,-1,2805,2915,2917,-1,2805,2917,2918,-1,2805,2918,2921,-1,2805,2846,2857,-1,2805,2921,2923,-1,2805,2923,2925,-1,2805,2925,2927,-1,2805,2927,2929,-1,2805,2929,2931,-1,2805,2931,2932,-1,2805,2932,2935,-1,2805,2935,2937,-1,2805,2937,2939,-1,2805,3007,3011,-1,2805,2939,2941,-1,2805,2941,2943,-1,2805,2943,2945,-1,2805,2945,2946,-1,2805,2946,2949,-1,2805,2878,2885,-1,2805,2949,2950,-1,2805,2950,2953,-1,2805,2953,2955,-1,2805,2955,2957,-1,2805,2957,2958,-1,2805,2958,2960,-1,2805,2960,2963,-1,2805,2963,2964,-1,2805,2975,2978,-1,2973,2964,2966,-1,2973,2966,2968,-1,2973,2968,2971,-1,2978,2975,2977,-1,2878,2881,2883,-1,2878,2883,2885,-1,2985,2978,2980,-1,2985,2980,2982,-1,2989,2985,2986,-1,2871,2873,2875,-1,2871,2875,2876,-1,2991,2985,2989,-1,2867,2868,2871,-1,2864,2867,2871,-1,2997,2993,2995,-1,2999,2993,2997,-1,3001,2993,2999,-1,3003,2991,2993,-1,3003,2993,3001,-1,3007,3003,3004,-1,2851,2853,2855,-1,3011,3007,3009,-1,2846,2849,2851,-1,2846,2855,2857,-1,2846,2851,2855,-1,3019,3015,3017,-1,2773,3021,3023,-1,2778,2773,2775,-1,2778,2775,2777,-1,2778,3021,2773,-1,2827,2829,2831,-1,2785,2778,2781,-1,2785,2781,2782,-1,2785,3011,3013,-1,2785,3013,3015,-1,2785,3019,3021,-1,2785,3015,3019,-1,2785,3021,2778,-1,2823,2825,2827,-1,2823,2831,2832,-1,2823,2832,2835,-1,2823,2835,2837,-1,2823,2837,2839,-1,2823,2827,2831,-1,2789,2785,2787,-1,2819,2821,2823,-1,2813,2815,2817,-1,2813,2817,2819,-1,2797,2790,2793,-1,2797,2793,2794,-1,3024,3025,3026,-1,3024,3027,3025,-1,3028,3029,3027,-1,3028,3030,3029,-1,3028,3027,3024,-1,3031,3030,3028,-1,3032,3033,3030,-1,3032,3034,3033,-1,3032,3030,3031,-1,3035,3034,3032,-1,3036,3037,3034,-1,3036,3034,3035,-1,3038,3039,3037,-1,3038,3037,3036,-1,3040,3041,3039,-1,3040,3042,3041,-1,3040,3039,3038,-1,3043,3042,3040,-1,3044,3045,3042,-1,3044,3046,3045,-1,3044,3042,3043,-1,3047,3046,3044,-1,3048,3046,3047,-1,3048,3049,3046,-1,3050,3049,3048,-1,3050,3051,3049,-1,3052,3051,3050,-1,3052,3053,3051,-1,3054,3055,3053,-1,3054,3053,3052,-1,3056,3057,3055,-1,3056,3055,3054,-1,3058,3059,3057,-1,3058,3057,3056,-1,3060,3061,3059,-1,3060,3059,3058,-1,3062,3063,3061,-1,3062,3061,3060,-1,3064,3065,3063,-1,3064,3063,3062,-1,3066,3067,3065,-1,3066,3065,3064,-1,3068,3069,3067,-1,3068,3067,3066,-1,3070,3071,3069,-1,3070,3069,3068,-1,3072,3073,3071,-1,3072,3071,3070,-1,3074,3075,3073,-1,3074,3073,3072,-1,3076,3077,3075,-1,3076,3075,3074,-1,3078,3079,3077,-1,3078,3077,3076,-1,3080,3081,3079,-1,3080,3079,3078,-1,3082,3083,3081,-1,3082,3084,3083,-1,3082,3081,3080,-1,3085,3084,3082,-1,3086,3087,3084,-1,3086,3084,3085,-1,3088,3089,3087,-1,3088,3087,3086,-1,3090,3091,3089,-1,3090,3089,3088,-1,3092,3093,3091,-1,3092,3091,3090,-1,3094,3095,3093,-1,3094,3093,3092,-1,3096,3097,3095,-1,3096,3098,3097,-1,3096,3095,3094,-1,3099,3098,3096,-1,3100,3098,3099,-1,3100,3101,3098,-1,3102,3101,3100,-1,3102,3103,3101,-1,3104,3103,3102,-1,3104,3105,3103,-1,3106,3105,3104,-1,3106,3107,3105,-1,3108,3107,3106,-1,3108,3109,3107,-1,3108,3110,3109,-1,3111,3110,3108,-1,3112,3110,3111,-1,3112,3113,3110,-1,3114,3113,3112,-1,3114,3115,3113,-1,3114,3116,3115,-1,3117,3116,3114,-1,3118,3116,3117,-1,3118,3119,3116,-1,3118,3120,3119,-1,3121,3120,3118,-1,3122,3123,3120,-1,3122,3120,3121,-1,3124,3125,3123,-1,3124,3123,3122,-1,3126,3127,3125,-1,3126,3128,3127,-1,3126,3125,3124,-1,3129,3130,3128,-1,3129,3128,3126,-1,3131,3130,3129,-1,3132,3133,3130,-1,3132,3130,3131,-1,3134,3135,3133,-1,3134,3133,3132,-1,3136,3137,3135,-1,3136,3135,3134,-1,3138,3139,3137,-1,3138,3137,3136,-1,3140,3141,3139,-1,3140,3139,3138,-1,3142,3143,3141,-1,3142,3141,3140,-1,3144,3145,3143,-1,3144,3143,3142,-1,3146,3147,3145,-1,3146,3145,3144,-1,3148,3147,3146,-1,3148,3149,3147,-1,3150,3149,3148,-1,3150,3151,3149,-1,3152,3151,3150,-1,3152,3153,3151,-1,3154,3153,3152,-1,3154,3155,3153,-1,3154,3156,3155,-1,3157,3156,3154,-1,3158,3156,3157,-1,3158,3159,3156,-1,3160,3159,3158,-1,3160,3161,3159,-1,3162,3161,3160,-1,3162,3163,3161,-1,3164,3163,3162,-1,3164,3165,3163,-1,3166,3165,3164,-1,3166,3167,3165,-1,3168,3167,3166,-1,3168,3169,3167,-1,3168,3170,3169,-1,3171,3170,3168,-1,3172,3170,3171,-1,3172,3173,3170,-1,3174,3173,3172,-1,3174,3175,3173,-1,3176,3175,3174,-1,3176,3177,3175,-1,3178,3177,3176,-1,3178,3179,3177,-1,3180,3179,3178,-1,3180,3181,3179,-1,3182,3181,3180,-1,3182,3183,3181,-1,3182,3184,3183,-1,3185,3184,3182,-1,3186,3184,3185,-1,3186,3187,3184,-1,3188,3187,3186,-1,3188,3189,3187,-1,3190,3191,3189,-1,3190,3189,3188,-1,3192,3193,3191,-1,3192,3191,3190,-1,3194,3195,3193,-1,3194,3193,3192,-1,3196,3197,3195,-1,3196,3198,3197,-1,3196,3195,3194,-1,3199,3198,3196,-1,3200,3198,3199,-1,3200,3201,3198,-1,3200,3202,3201,-1,3203,3202,3200,-1,3204,3202,3203,-1,3204,3205,3202,-1,3206,3205,3204,-1,3206,3207,3205,-1,3208,3207,3206,-1,3208,3209,3207,-1,3208,3210,3209,-1,3211,3210,3208,-1,3211,3212,3210,-1,3213,3212,3211,-1,3214,3212,3213,-1,3214,3215,3212,-1,3214,3216,3215,-1,3217,3216,3214,-1,3217,3218,3216,-1,3219,3218,3217,-1,3219,3220,3218,-1,3221,3220,3219,-1,3222,3220,3221,-1,3222,3223,3220,-1,3224,3225,3223,-1,3224,3223,3222,-1,3226,3227,3225,-1,3226,3225,3224,-1,3228,3229,3227,-1,3228,3230,3229,-1,3228,3227,3226,-1,3231,3232,3230,-1,3231,3230,3228,-1,3233,3234,3232,-1,3233,3232,3231,-1,3235,3234,3233,-1,3236,3237,3234,-1,3236,3238,3237,-1,3236,3234,3235,-1,3239,3238,3236,-1,3240,3241,3238,-1,3240,3238,3239,-1,3242,3243,3241,-1,3242,3241,3240,-1,3244,3245,3243,-1,3244,3243,3242,-1,3246,3247,3245,-1,3246,3245,3244,-1,3248,3247,3246,-1,3248,3249,3247,-1,3250,3249,3248,-1,3250,3251,3249,-1,3252,3251,3250,-1,3252,3253,3251,-1,3254,3253,3252,-1,3254,3255,3253,-1,3254,3256,3255,-1,3257,3256,3254,-1,3258,3259,3256,-1,3258,3256,3257,-1,3260,3261,3259,-1,3260,3259,3258,-1,3262,3263,3261,-1,3262,3261,3260,-1,3264,3265,3263,-1,3264,3263,3262,-1,3266,3267,3265,-1,3266,3265,3264,-1,3268,3269,3267,-1,3268,3267,3266,-1,3270,3271,3269,-1,3270,3269,3268,-1,3272,3273,3271,-1,3272,3271,3270,-1,3274,3275,3273,-1,3274,3273,3272,-1,3026,3275,3274,-1,3026,3025,3275,-1,3052,3050,3048,-1,3052,3048,3043,-1,3058,3074,3070,-1,3058,3062,3060,-1,3058,3064,3062,-1,3058,3070,3064,-1,3054,3043,3040,-1,3054,3052,3043,-1,3056,3226,3224,-1,3056,3036,3262,-1,3056,3224,3217,-1,3056,3040,3036,-1,3056,3090,3074,-1,3056,3236,3231,-1,3056,3122,3117,-1,3056,3092,3090,-1,3056,3094,3092,-1,3056,3096,3094,-1,3056,3099,3096,-1,3056,3242,3236,-1,3056,3111,3108,-1,3056,3129,3122,-1,3056,3112,3111,-1,3056,3114,3112,-1,3056,3117,3114,-1,3056,3131,3129,-1,3056,3074,3058,-1,3056,3138,3136,-1,3056,3140,3138,-1,3056,3142,3140,-1,3056,3054,3040,-1,3056,3144,3142,-1,3056,3146,3144,-1,3056,3258,3254,-1,3056,3148,3146,-1,3056,3254,3242,-1,3056,3150,3148,-1,3056,3152,3150,-1,3056,3154,3152,-1,3056,3157,3154,-1,3056,3158,3157,-1,3056,3160,3158,-1,3056,3162,3160,-1,3056,3164,3162,-1,3056,3166,3164,-1,3056,3168,3166,-1,3056,3171,3168,-1,3056,3172,3171,-1,3056,3108,3099,-1,3056,3174,3172,-1,3056,3176,3174,-1,3056,3178,3176,-1,3056,3180,3178,-1,3056,3182,3180,-1,3056,3185,3182,-1,3056,3186,3185,-1,3056,3188,3186,-1,3056,3190,3188,-1,3056,3262,3258,-1,3056,3192,3190,-1,3056,3194,3192,-1,3056,3196,3194,-1,3056,3199,3196,-1,3056,3200,3199,-1,3056,3136,3131,-1,3056,3203,3200,-1,3056,3204,3203,-1,3056,3206,3204,-1,3056,3208,3206,-1,3056,3211,3208,-1,3056,3213,3211,-1,3056,3214,3213,-1,3056,3217,3214,-1,3056,3231,3226,-1,3224,3219,3217,-1,3224,3221,3219,-1,3224,3222,3221,-1,3231,3228,3226,-1,3131,3134,3132,-1,3131,3136,3134,-1,3236,3233,3231,-1,3236,3235,3233,-1,3240,3239,3236,-1,3122,3126,3124,-1,3122,3129,3126,-1,3242,3240,3236,-1,3118,3122,3121,-1,3117,3122,3118,-1,3248,3246,3244,-1,3250,3248,3244,-1,3252,3250,3244,-1,3254,3244,3242,-1,3254,3252,3244,-1,3258,3257,3254,-1,3102,3106,3104,-1,3262,3260,3258,-1,3099,3102,3100,-1,3099,3108,3106,-1,3099,3106,3102,-1,3270,3268,3266,-1,3026,3274,3272,-1,3031,3024,3026,-1,3031,3028,3024,-1,3031,3026,3272,-1,3078,3082,3080,-1,3036,3032,3031,-1,3036,3035,3032,-1,3036,3264,3262,-1,3036,3266,3264,-1,3036,3272,3270,-1,3036,3270,3266,-1,3036,3031,3272,-1,3074,3078,3076,-1,3074,3085,3082,-1,3074,3086,3085,-1,3074,3088,3086,-1,3074,3090,3088,-1,3074,3082,3078,-1,3040,3038,3036,-1,3070,3074,3072,-1,3064,3068,3066,-1,3064,3070,3068,-1,3048,3044,3043,-1,3048,3047,3044,-1,3053,3049,3051,-1,3053,3042,3049,-1,3059,3071,3075,-1,3059,3061,3063,-1,3059,3063,3065,-1,3059,3065,3071,-1,3055,3041,3042,-1,3055,3042,3053,-1,3057,3225,3227,-1,3057,3263,3037,-1,3057,3216,3225,-1,3057,3037,3041,-1,3057,3075,3091,-1,3057,3230,3237,-1,3057,3116,3123,-1,3057,3091,3093,-1,3057,3093,3095,-1,3057,3095,3097,-1,3057,3097,3098,-1,3057,3237,3243,-1,3057,3109,3110,-1,3057,3123,3128,-1,3057,3110,3113,-1,3057,3113,3115,-1,3057,3115,3116,-1,3057,3128,3130,-1,3057,3059,3075,-1,3057,3137,3139,-1,3057,3139,3141,-1,3057,3141,3143,-1,3057,3041,3055,-1,3057,3143,3145,-1,3057,3145,3147,-1,3057,3255,3259,-1,3057,3147,3149,-1,3057,3243,3255,-1,3057,3149,3151,-1,3057,3151,3153,-1,3057,3153,3155,-1,3057,3155,3156,-1,3057,3156,3159,-1,3057,3159,3161,-1,3057,3161,3163,-1,3057,3163,3165,-1,3057,3165,3167,-1,3057,3167,3169,-1,3057,3169,3170,-1,3057,3170,3173,-1,3057,3098,3109,-1,3057,3173,3175,-1,3057,3175,3177,-1,3057,3177,3179,-1,3057,3179,3181,-1,3057,3181,3183,-1,3057,3183,3184,-1,3057,3184,3187,-1,3057,3187,3189,-1,3057,3189,3191,-1,3057,3259,3263,-1,3057,3191,3193,-1,3057,3193,3195,-1,3057,3195,3197,-1,3057,3197,3198,-1,3057,3198,3201,-1,3057,3130,3137,-1,3057,3201,3202,-1,3057,3202,3205,-1,3057,3205,3207,-1,3057,3207,3209,-1,3057,3209,3210,-1,3057,3210,3212,-1,3057,3212,3215,-1,3057,3215,3216,-1,3057,3227,3230,-1,3225,3216,3218,-1,3225,3218,3220,-1,3225,3220,3223,-1,3230,3227,3229,-1,3130,3133,3135,-1,3130,3135,3137,-1,3237,3230,3232,-1,3237,3232,3234,-1,3241,3237,3238,-1,3123,3125,3127,-1,3123,3127,3128,-1,3243,3237,3241,-1,3119,3120,3123,-1,3116,3119,3123,-1,3249,3245,3247,-1,3251,3245,3249,-1,3253,3245,3251,-1,3255,3243,3245,-1,3255,3245,3253,-1,3259,3255,3256,-1,3103,3105,3107,-1,3263,3259,3261,-1,3098,3101,3103,-1,3098,3107,3109,-1,3098,3103,3107,-1,3271,3267,3269,-1,3025,3273,3275,-1,3030,3025,3027,-1,3030,3027,3029,-1,3030,3273,3025,-1,3079,3081,3083,-1,3037,3030,3033,-1,3037,3033,3034,-1,3037,3263,3265,-1,3037,3265,3267,-1,3037,3271,3273,-1,3037,3267,3271,-1,3037,3273,3030,-1,3075,3077,3079,-1,3075,3083,3084,-1,3075,3084,3087,-1,3075,3087,3089,-1,3075,3089,3091,-1,3075,3079,3083,-1,3041,3037,3039,-1,3071,3073,3075,-1,3065,3067,3069,-1,3065,3069,3071,-1,3049,3042,3045,-1,3049,3045,3046,-1,3276,3277,3278,-1,3276,3279,3277,-1,3280,3281,3279,-1,3280,3282,3281,-1,3280,3279,3276,-1,3283,3282,3280,-1,3284,3285,3282,-1,3284,3286,3285,-1,3284,3282,3283,-1,3287,3286,3284,-1,3288,3289,3286,-1,3288,3286,3287,-1,3290,3291,3289,-1,3290,3289,3288,-1,3292,3293,3291,-1,3292,3294,3293,-1,3292,3291,3290,-1,3295,3294,3292,-1,3296,3297,3294,-1,3296,3298,3297,-1,3296,3294,3295,-1,3299,3298,3296,-1,3300,3298,3299,-1,3300,3301,3298,-1,3302,3301,3300,-1,3302,3303,3301,-1,3304,3303,3302,-1,3304,3305,3303,-1,3306,3307,3305,-1,3306,3305,3304,-1,3308,3309,3307,-1,3308,3307,3306,-1,3310,3311,3309,-1,3310,3309,3308,-1,3312,3313,3311,-1,3312,3311,3310,-1,3314,3315,3313,-1,3314,3313,3312,-1,3316,3317,3315,-1,3316,3315,3314,-1,3318,3319,3317,-1,3318,3317,3316,-1,3320,3321,3319,-1,3320,3319,3318,-1,3322,3323,3321,-1,3322,3321,3320,-1,3324,3325,3323,-1,3324,3323,3322,-1,3326,3327,3325,-1,3326,3325,3324,-1,3328,3329,3327,-1,3328,3327,3326,-1,3330,3331,3329,-1,3330,3329,3328,-1,3332,3333,3331,-1,3332,3331,3330,-1,3334,3335,3333,-1,3334,3336,3335,-1,3334,3333,3332,-1,3337,3336,3334,-1,3338,3339,3336,-1,3338,3336,3337,-1,3340,3341,3339,-1,3340,3339,3338,-1,3342,3343,3341,-1,3342,3341,3340,-1,3344,3345,3343,-1,3344,3343,3342,-1,3346,3347,3345,-1,3346,3345,3344,-1,3348,3349,3347,-1,3348,3350,3349,-1,3348,3347,3346,-1,3351,3350,3348,-1,3352,3350,3351,-1,3352,3353,3350,-1,3354,3353,3352,-1,3354,3355,3353,-1,3356,3355,3354,-1,3356,3357,3355,-1,3358,3357,3356,-1,3358,3359,3357,-1,3360,3359,3358,-1,3360,3361,3359,-1,3360,3362,3361,-1,3363,3362,3360,-1,3364,3362,3363,-1,3364,3365,3362,-1,3366,3365,3364,-1,3366,3367,3365,-1,3366,3368,3367,-1,3369,3368,3366,-1,3370,3368,3369,-1,3370,3371,3368,-1,3370,3372,3371,-1,3373,3372,3370,-1,3374,3375,3372,-1,3374,3372,3373,-1,3376,3377,3375,-1,3376,3375,3374,-1,3378,3379,3377,-1,3378,3380,3379,-1,3378,3377,3376,-1,3381,3382,3380,-1,3381,3380,3378,-1,3383,3382,3381,-1,3384,3385,3382,-1,3384,3382,3383,-1,3386,3387,3385,-1,3386,3385,3384,-1,3388,3389,3387,-1,3388,3387,3386,-1,3390,3391,3389,-1,3390,3389,3388,-1,3392,3393,3391,-1,3392,3391,3390,-1,3394,3395,3393,-1,3394,3393,3392,-1,3396,3397,3395,-1,3396,3395,3394,-1,3398,3399,3397,-1,3398,3397,3396,-1,3400,3399,3398,-1,3400,3401,3399,-1,3402,3401,3400,-1,3402,3403,3401,-1,3404,3403,3402,-1,3404,3405,3403,-1,3406,3405,3404,-1,3406,3407,3405,-1,3406,3408,3407,-1,3409,3408,3406,-1,3410,3408,3409,-1,3410,3411,3408,-1,3412,3411,3410,-1,3412,3413,3411,-1,3414,3413,3412,-1,3414,3415,3413,-1,3416,3415,3414,-1,3416,3417,3415,-1,3418,3417,3416,-1,3418,3419,3417,-1,3420,3419,3418,-1,3420,3421,3419,-1,3420,3422,3421,-1,3423,3422,3420,-1,3424,3422,3423,-1,3424,3425,3422,-1,3426,3425,3424,-1,3426,3427,3425,-1,3428,3427,3426,-1,3428,3429,3427,-1,3430,3429,3428,-1,3430,3431,3429,-1,3432,3431,3430,-1,3432,3433,3431,-1,3434,3433,3432,-1,3434,3435,3433,-1,3434,3436,3435,-1,3437,3436,3434,-1,3438,3436,3437,-1,3438,3439,3436,-1,3440,3439,3438,-1,3440,3441,3439,-1,3442,3443,3441,-1,3442,3441,3440,-1,3444,3445,3443,-1,3444,3443,3442,-1,3446,3447,3445,-1,3446,3445,3444,-1,3448,3449,3447,-1,3448,3450,3449,-1,3448,3447,3446,-1,3451,3450,3448,-1,3452,3450,3451,-1,3452,3453,3450,-1,3452,3454,3453,-1,3455,3454,3452,-1,3456,3454,3455,-1,3456,3457,3454,-1,3458,3457,3456,-1,3458,3459,3457,-1,3460,3459,3458,-1,3460,3461,3459,-1,3460,3462,3461,-1,3463,3462,3460,-1,3463,3464,3462,-1,3465,3464,3463,-1,3466,3464,3465,-1,3466,3467,3464,-1,3466,3468,3467,-1,3469,3468,3466,-1,3469,3470,3468,-1,3471,3470,3469,-1,3471,3472,3470,-1,3473,3472,3471,-1,3474,3472,3473,-1,3474,3475,3472,-1,3476,3477,3475,-1,3476,3475,3474,-1,3478,3479,3477,-1,3478,3477,3476,-1,3480,3481,3479,-1,3480,3482,3481,-1,3480,3479,3478,-1,3483,3484,3482,-1,3483,3482,3480,-1,3485,3486,3484,-1,3485,3484,3483,-1,3487,3486,3485,-1,3488,3489,3486,-1,3488,3490,3489,-1,3488,3486,3487,-1,3491,3490,3488,-1,3492,3493,3490,-1,3492,3490,3491,-1,3494,3495,3493,-1,3494,3493,3492,-1,3496,3497,3495,-1,3496,3495,3494,-1,3498,3499,3497,-1,3498,3497,3496,-1,3500,3499,3498,-1,3500,3501,3499,-1,3502,3501,3500,-1,3502,3503,3501,-1,3504,3503,3502,-1,3504,3505,3503,-1,3506,3505,3504,-1,3506,3507,3505,-1,3506,3508,3507,-1,3509,3508,3506,-1,3510,3511,3508,-1,3510,3508,3509,-1,3512,3513,3511,-1,3512,3511,3510,-1,3514,3515,3513,-1,3514,3513,3512,-1,3516,3517,3515,-1,3516,3515,3514,-1,3518,3519,3517,-1,3518,3517,3516,-1,3520,3521,3519,-1,3520,3519,3518,-1,3522,3523,3521,-1,3522,3521,3520,-1,3524,3525,3523,-1,3524,3523,3522,-1,3526,3527,3525,-1,3526,3525,3524,-1,3278,3527,3526,-1,3278,3277,3527,-1,3304,3302,3300,-1,3304,3300,3295,-1,3310,3326,3322,-1,3310,3314,3312,-1,3310,3316,3314,-1,3310,3322,3316,-1,3306,3295,3292,-1,3306,3304,3295,-1,3308,3478,3476,-1,3308,3288,3514,-1,3308,3476,3469,-1,3308,3292,3288,-1,3308,3342,3326,-1,3308,3488,3483,-1,3308,3374,3369,-1,3308,3344,3342,-1,3308,3346,3344,-1,3308,3348,3346,-1,3308,3351,3348,-1,3308,3494,3488,-1,3308,3363,3360,-1,3308,3381,3374,-1,3308,3364,3363,-1,3308,3366,3364,-1,3308,3369,3366,-1,3308,3383,3381,-1,3308,3326,3310,-1,3308,3390,3388,-1,3308,3392,3390,-1,3308,3394,3392,-1,3308,3306,3292,-1,3308,3396,3394,-1,3308,3398,3396,-1,3308,3510,3506,-1,3308,3400,3398,-1,3308,3506,3494,-1,3308,3402,3400,-1,3308,3404,3402,-1,3308,3406,3404,-1,3308,3409,3406,-1,3308,3410,3409,-1,3308,3412,3410,-1,3308,3414,3412,-1,3308,3416,3414,-1,3308,3418,3416,-1,3308,3420,3418,-1,3308,3423,3420,-1,3308,3424,3423,-1,3308,3360,3351,-1,3308,3426,3424,-1,3308,3428,3426,-1,3308,3430,3428,-1,3308,3432,3430,-1,3308,3434,3432,-1,3308,3437,3434,-1,3308,3438,3437,-1,3308,3440,3438,-1,3308,3442,3440,-1,3308,3514,3510,-1,3308,3444,3442,-1,3308,3446,3444,-1,3308,3448,3446,-1,3308,3451,3448,-1,3308,3452,3451,-1,3308,3388,3383,-1,3308,3455,3452,-1,3308,3456,3455,-1,3308,3458,3456,-1,3308,3460,3458,-1,3308,3463,3460,-1,3308,3465,3463,-1,3308,3466,3465,-1,3308,3469,3466,-1,3308,3483,3478,-1,3476,3471,3469,-1,3476,3473,3471,-1,3476,3474,3473,-1,3483,3480,3478,-1,3383,3386,3384,-1,3383,3388,3386,-1,3488,3485,3483,-1,3488,3487,3485,-1,3492,3491,3488,-1,3374,3378,3376,-1,3374,3381,3378,-1,3494,3492,3488,-1,3370,3374,3373,-1,3369,3374,3370,-1,3500,3498,3496,-1,3502,3500,3496,-1,3504,3502,3496,-1,3506,3496,3494,-1,3506,3504,3496,-1,3510,3509,3506,-1,3354,3358,3356,-1,3514,3512,3510,-1,3351,3354,3352,-1,3351,3360,3358,-1,3351,3358,3354,-1,3522,3520,3518,-1,3278,3526,3524,-1,3283,3276,3278,-1,3283,3280,3276,-1,3283,3278,3524,-1,3330,3334,3332,-1,3288,3284,3283,-1,3288,3287,3284,-1,3288,3516,3514,-1,3288,3518,3516,-1,3288,3524,3522,-1,3288,3522,3518,-1,3288,3283,3524,-1,3326,3330,3328,-1,3326,3337,3334,-1,3326,3338,3337,-1,3326,3340,3338,-1,3326,3342,3340,-1,3326,3334,3330,-1,3292,3290,3288,-1,3322,3326,3324,-1,3316,3320,3318,-1,3316,3322,3320,-1,3300,3296,3295,-1,3300,3299,3296,-1,3305,3301,3303,-1,3305,3294,3301,-1,3311,3323,3327,-1,3311,3313,3315,-1,3311,3315,3317,-1,3311,3317,3323,-1,3307,3293,3294,-1,3307,3294,3305,-1,3309,3477,3479,-1,3309,3515,3289,-1,3309,3468,3477,-1,3309,3289,3293,-1,3309,3327,3343,-1,3309,3482,3489,-1,3309,3368,3375,-1,3309,3343,3345,-1,3309,3345,3347,-1,3309,3347,3349,-1,3309,3349,3350,-1,3309,3489,3495,-1,3309,3361,3362,-1,3309,3375,3380,-1,3309,3362,3365,-1,3309,3365,3367,-1,3309,3367,3368,-1,3309,3380,3382,-1,3309,3311,3327,-1,3309,3389,3391,-1,3309,3391,3393,-1,3309,3393,3395,-1,3309,3293,3307,-1,3309,3395,3397,-1,3309,3397,3399,-1,3309,3507,3511,-1,3309,3399,3401,-1,3309,3495,3507,-1,3309,3401,3403,-1,3309,3403,3405,-1,3309,3405,3407,-1,3309,3407,3408,-1,3309,3408,3411,-1,3309,3411,3413,-1,3309,3413,3415,-1,3309,3415,3417,-1,3309,3417,3419,-1,3309,3419,3421,-1,3309,3421,3422,-1,3309,3422,3425,-1,3309,3350,3361,-1,3309,3425,3427,-1,3309,3427,3429,-1,3309,3429,3431,-1,3309,3431,3433,-1,3309,3433,3435,-1,3309,3435,3436,-1,3309,3436,3439,-1,3309,3439,3441,-1,3309,3441,3443,-1,3309,3511,3515,-1,3309,3443,3445,-1,3309,3445,3447,-1,3309,3447,3449,-1,3309,3449,3450,-1,3309,3450,3453,-1,3309,3382,3389,-1,3309,3453,3454,-1,3309,3454,3457,-1,3309,3457,3459,-1,3309,3459,3461,-1,3309,3461,3462,-1,3309,3462,3464,-1,3309,3464,3467,-1,3309,3467,3468,-1,3309,3479,3482,-1,3477,3468,3470,-1,3477,3470,3472,-1,3477,3472,3475,-1,3482,3479,3481,-1,3382,3385,3387,-1,3382,3387,3389,-1,3489,3482,3484,-1,3489,3484,3486,-1,3493,3489,3490,-1,3375,3377,3379,-1,3375,3379,3380,-1,3495,3489,3493,-1,3371,3372,3375,-1,3368,3371,3375,-1,3501,3497,3499,-1,3503,3497,3501,-1,3505,3497,3503,-1,3507,3495,3497,-1,3507,3497,3505,-1,3511,3507,3508,-1,3355,3357,3359,-1,3515,3511,3513,-1,3350,3353,3355,-1,3350,3359,3361,-1,3350,3355,3359,-1,3523,3519,3521,-1,3277,3525,3527,-1,3282,3277,3279,-1,3282,3279,3281,-1,3282,3525,3277,-1,3331,3333,3335,-1,3289,3282,3285,-1,3289,3285,3286,-1,3289,3515,3517,-1,3289,3517,3519,-1,3289,3523,3525,-1,3289,3519,3523,-1,3289,3525,3282,-1,3327,3329,3331,-1,3327,3335,3336,-1,3327,3336,3339,-1,3327,3339,3341,-1,3327,3341,3343,-1,3327,3331,3335,-1,3293,3289,3291,-1,3323,3325,3327,-1,3317,3319,3321,-1,3317,3321,3323,-1,3301,3294,3297,-1,3301,3297,3298,-1,3528,3529,3530,-1,3528,3531,3529,-1,3532,3533,3531,-1,3532,3534,3533,-1,3532,3531,3528,-1,3535,3534,3532,-1,3536,3537,3534,-1,3536,3538,3537,-1,3536,3534,3535,-1,3539,3538,3536,-1,3540,3541,3538,-1,3540,3538,3539,-1,3542,3543,3541,-1,3542,3541,3540,-1,3544,3545,3543,-1,3544,3546,3545,-1,3544,3543,3542,-1,3547,3546,3544,-1,3548,3549,3546,-1,3548,3550,3549,-1,3548,3546,3547,-1,3551,3550,3548,-1,3552,3550,3551,-1,3552,3553,3550,-1,3554,3553,3552,-1,3554,3555,3553,-1,3556,3555,3554,-1,3556,3557,3555,-1,3558,3559,3557,-1,3558,3557,3556,-1,3560,3561,3559,-1,3560,3559,3558,-1,3562,3563,3561,-1,3562,3561,3560,-1,3564,3565,3563,-1,3564,3563,3562,-1,3566,3567,3565,-1,3566,3565,3564,-1,3568,3569,3567,-1,3568,3567,3566,-1,3570,3571,3569,-1,3570,3569,3568,-1,3572,3573,3571,-1,3572,3571,3570,-1,3574,3575,3573,-1,3574,3573,3572,-1,3576,3577,3575,-1,3576,3575,3574,-1,3578,3579,3577,-1,3578,3577,3576,-1,3580,3581,3579,-1,3580,3579,3578,-1,3582,3583,3581,-1,3582,3581,3580,-1,3584,3585,3583,-1,3584,3583,3582,-1,3586,3587,3585,-1,3586,3588,3587,-1,3586,3585,3584,-1,3589,3588,3586,-1,3590,3591,3588,-1,3590,3588,3589,-1,3592,3593,3591,-1,3592,3591,3590,-1,3594,3595,3593,-1,3594,3593,3592,-1,3596,3597,3595,-1,3596,3595,3594,-1,3598,3599,3597,-1,3598,3597,3596,-1,3600,3601,3599,-1,3600,3602,3601,-1,3600,3599,3598,-1,3603,3602,3600,-1,3604,3602,3603,-1,3604,3605,3602,-1,3606,3605,3604,-1,3606,3607,3605,-1,3608,3607,3606,-1,3608,3609,3607,-1,3610,3609,3608,-1,3610,3611,3609,-1,3612,3611,3610,-1,3612,3613,3611,-1,3612,3614,3613,-1,3615,3614,3612,-1,3616,3614,3615,-1,3616,3617,3614,-1,3618,3617,3616,-1,3618,3619,3617,-1,3618,3620,3619,-1,3621,3620,3618,-1,3622,3620,3621,-1,3622,3623,3620,-1,3622,3624,3623,-1,3625,3624,3622,-1,3626,3627,3624,-1,3626,3624,3625,-1,3628,3629,3627,-1,3628,3627,3626,-1,3630,3631,3629,-1,3630,3632,3631,-1,3630,3629,3628,-1,3633,3634,3632,-1,3633,3632,3630,-1,3635,3634,3633,-1,3636,3637,3634,-1,3636,3634,3635,-1,3638,3639,3637,-1,3638,3637,3636,-1,3640,3641,3639,-1,3640,3639,3638,-1,3642,3643,3641,-1,3642,3641,3640,-1,3644,3645,3643,-1,3644,3643,3642,-1,3646,3647,3645,-1,3646,3645,3644,-1,3648,3649,3647,-1,3648,3647,3646,-1,3650,3651,3649,-1,3650,3649,3648,-1,3652,3651,3650,-1,3652,3653,3651,-1,3654,3653,3652,-1,3654,3655,3653,-1,3656,3655,3654,-1,3656,3657,3655,-1,3658,3657,3656,-1,3658,3659,3657,-1,3658,3660,3659,-1,3661,3660,3658,-1,3662,3660,3661,-1,3662,3663,3660,-1,3664,3663,3662,-1,3664,3665,3663,-1,3666,3665,3664,-1,3666,3667,3665,-1,3668,3667,3666,-1,3668,3669,3667,-1,3670,3669,3668,-1,3670,3671,3669,-1,3672,3671,3670,-1,3672,3673,3671,-1,3672,3674,3673,-1,3675,3674,3672,-1,3676,3674,3675,-1,3676,3677,3674,-1,3678,3677,3676,-1,3678,3679,3677,-1,3680,3679,3678,-1,3680,3681,3679,-1,3682,3681,3680,-1,3682,3683,3681,-1,3684,3683,3682,-1,3684,3685,3683,-1,3686,3685,3684,-1,3686,3687,3685,-1,3686,3688,3687,-1,3689,3688,3686,-1,3690,3688,3689,-1,3690,3691,3688,-1,3692,3691,3690,-1,3692,3693,3691,-1,3694,3695,3693,-1,3694,3693,3692,-1,3696,3697,3695,-1,3696,3695,3694,-1,3698,3699,3697,-1,3698,3697,3696,-1,3700,3701,3699,-1,3700,3702,3701,-1,3700,3699,3698,-1,3703,3702,3700,-1,3704,3702,3703,-1,3704,3705,3702,-1,3704,3706,3705,-1,3707,3706,3704,-1,3708,3706,3707,-1,3708,3709,3706,-1,3710,3709,3708,-1,3710,3711,3709,-1,3712,3711,3710,-1,3712,3713,3711,-1,3712,3714,3713,-1,3715,3714,3712,-1,3715,3716,3714,-1,3717,3716,3715,-1,3718,3716,3717,-1,3718,3719,3716,-1,3718,3720,3719,-1,3721,3720,3718,-1,3721,3722,3720,-1,3723,3722,3721,-1,3723,3724,3722,-1,3725,3724,3723,-1,3726,3724,3725,-1,3726,3727,3724,-1,3728,3729,3727,-1,3728,3727,3726,-1,3730,3731,3729,-1,3730,3729,3728,-1,3732,3733,3731,-1,3732,3734,3733,-1,3732,3731,3730,-1,3735,3736,3734,-1,3735,3734,3732,-1,3737,3738,3736,-1,3737,3736,3735,-1,3739,3738,3737,-1,3740,3741,3738,-1,3740,3742,3741,-1,3740,3738,3739,-1,3743,3742,3740,-1,3744,3745,3742,-1,3744,3742,3743,-1,3746,3747,3745,-1,3746,3745,3744,-1,3748,3749,3747,-1,3748,3747,3746,-1,3750,3751,3749,-1,3750,3749,3748,-1,3752,3751,3750,-1,3752,3753,3751,-1,3754,3753,3752,-1,3754,3755,3753,-1,3756,3755,3754,-1,3756,3757,3755,-1,3758,3757,3756,-1,3758,3759,3757,-1,3758,3760,3759,-1,3761,3760,3758,-1,3762,3763,3760,-1,3762,3760,3761,-1,3764,3765,3763,-1,3764,3763,3762,-1,3766,3767,3765,-1,3766,3765,3764,-1,3768,3769,3767,-1,3768,3767,3766,-1,3770,3771,3769,-1,3770,3769,3768,-1,3772,3773,3771,-1,3772,3771,3770,-1,3774,3775,3773,-1,3774,3773,3772,-1,3776,3777,3775,-1,3776,3775,3774,-1,3778,3779,3777,-1,3778,3777,3776,-1,3530,3779,3778,-1,3530,3529,3779,-1,3556,3554,3552,-1,3556,3552,3547,-1,3562,3578,3574,-1,3562,3566,3564,-1,3562,3568,3566,-1,3562,3574,3568,-1,3558,3547,3544,-1,3558,3556,3547,-1,3560,3730,3728,-1,3560,3540,3766,-1,3560,3728,3721,-1,3560,3544,3540,-1,3560,3594,3578,-1,3560,3740,3735,-1,3560,3626,3621,-1,3560,3596,3594,-1,3560,3598,3596,-1,3560,3600,3598,-1,3560,3603,3600,-1,3560,3746,3740,-1,3560,3615,3612,-1,3560,3633,3626,-1,3560,3616,3615,-1,3560,3618,3616,-1,3560,3621,3618,-1,3560,3635,3633,-1,3560,3578,3562,-1,3560,3642,3640,-1,3560,3644,3642,-1,3560,3646,3644,-1,3560,3558,3544,-1,3560,3648,3646,-1,3560,3650,3648,-1,3560,3762,3758,-1,3560,3652,3650,-1,3560,3758,3746,-1,3560,3654,3652,-1,3560,3656,3654,-1,3560,3658,3656,-1,3560,3661,3658,-1,3560,3662,3661,-1,3560,3664,3662,-1,3560,3666,3664,-1,3560,3668,3666,-1,3560,3670,3668,-1,3560,3672,3670,-1,3560,3675,3672,-1,3560,3676,3675,-1,3560,3612,3603,-1,3560,3678,3676,-1,3560,3680,3678,-1,3560,3682,3680,-1,3560,3684,3682,-1,3560,3686,3684,-1,3560,3689,3686,-1,3560,3690,3689,-1,3560,3692,3690,-1,3560,3694,3692,-1,3560,3766,3762,-1,3560,3696,3694,-1,3560,3698,3696,-1,3560,3700,3698,-1,3560,3703,3700,-1,3560,3704,3703,-1,3560,3640,3635,-1,3560,3707,3704,-1,3560,3708,3707,-1,3560,3710,3708,-1,3560,3712,3710,-1,3560,3715,3712,-1,3560,3717,3715,-1,3560,3718,3717,-1,3560,3721,3718,-1,3560,3735,3730,-1,3728,3723,3721,-1,3728,3725,3723,-1,3728,3726,3725,-1,3735,3732,3730,-1,3635,3638,3636,-1,3635,3640,3638,-1,3740,3737,3735,-1,3740,3739,3737,-1,3744,3743,3740,-1,3626,3630,3628,-1,3626,3633,3630,-1,3746,3744,3740,-1,3622,3626,3625,-1,3621,3626,3622,-1,3752,3750,3748,-1,3754,3752,3748,-1,3756,3754,3748,-1,3758,3748,3746,-1,3758,3756,3748,-1,3762,3761,3758,-1,3606,3610,3608,-1,3766,3764,3762,-1,3603,3606,3604,-1,3603,3612,3610,-1,3603,3610,3606,-1,3774,3772,3770,-1,3530,3778,3776,-1,3535,3528,3530,-1,3535,3532,3528,-1,3535,3530,3776,-1,3582,3586,3584,-1,3540,3536,3535,-1,3540,3539,3536,-1,3540,3768,3766,-1,3540,3770,3768,-1,3540,3776,3774,-1,3540,3774,3770,-1,3540,3535,3776,-1,3578,3582,3580,-1,3578,3589,3586,-1,3578,3590,3589,-1,3578,3592,3590,-1,3578,3594,3592,-1,3578,3586,3582,-1,3544,3542,3540,-1,3574,3578,3576,-1,3568,3572,3570,-1,3568,3574,3572,-1,3552,3548,3547,-1,3552,3551,3548,-1,3557,3553,3555,-1,3557,3546,3553,-1,3563,3575,3579,-1,3563,3565,3567,-1,3563,3567,3569,-1,3563,3569,3575,-1,3559,3545,3546,-1,3559,3546,3557,-1,3561,3729,3731,-1,3561,3767,3541,-1,3561,3720,3729,-1,3561,3541,3545,-1,3561,3579,3595,-1,3561,3734,3741,-1,3561,3620,3627,-1,3561,3595,3597,-1,3561,3597,3599,-1,3561,3599,3601,-1,3561,3601,3602,-1,3561,3741,3747,-1,3561,3613,3614,-1,3561,3627,3632,-1,3561,3614,3617,-1,3561,3617,3619,-1,3561,3619,3620,-1,3561,3632,3634,-1,3561,3563,3579,-1,3561,3641,3643,-1,3561,3643,3645,-1,3561,3645,3647,-1,3561,3545,3559,-1,3561,3647,3649,-1,3561,3649,3651,-1,3561,3759,3763,-1,3561,3651,3653,-1,3561,3747,3759,-1,3561,3653,3655,-1,3561,3655,3657,-1,3561,3657,3659,-1,3561,3659,3660,-1,3561,3660,3663,-1,3561,3663,3665,-1,3561,3665,3667,-1,3561,3667,3669,-1,3561,3669,3671,-1,3561,3671,3673,-1,3561,3673,3674,-1,3561,3674,3677,-1,3561,3602,3613,-1,3561,3677,3679,-1,3561,3679,3681,-1,3561,3681,3683,-1,3561,3683,3685,-1,3561,3685,3687,-1,3561,3687,3688,-1,3561,3688,3691,-1,3561,3691,3693,-1,3561,3693,3695,-1,3561,3763,3767,-1,3561,3695,3697,-1,3561,3697,3699,-1,3561,3699,3701,-1,3561,3701,3702,-1,3561,3702,3705,-1,3561,3634,3641,-1,3561,3705,3706,-1,3561,3706,3709,-1,3561,3709,3711,-1,3561,3711,3713,-1,3561,3713,3714,-1,3561,3714,3716,-1,3561,3716,3719,-1,3561,3719,3720,-1,3561,3731,3734,-1,3729,3720,3722,-1,3729,3722,3724,-1,3729,3724,3727,-1,3734,3731,3733,-1,3634,3637,3639,-1,3634,3639,3641,-1,3741,3734,3736,-1,3741,3736,3738,-1,3745,3741,3742,-1,3627,3629,3631,-1,3627,3631,3632,-1,3747,3741,3745,-1,3623,3624,3627,-1,3620,3623,3627,-1,3753,3749,3751,-1,3755,3749,3753,-1,3757,3749,3755,-1,3759,3747,3749,-1,3759,3749,3757,-1,3763,3759,3760,-1,3607,3609,3611,-1,3767,3763,3765,-1,3602,3605,3607,-1,3602,3611,3613,-1,3602,3607,3611,-1,3775,3771,3773,-1,3529,3777,3779,-1,3534,3529,3531,-1,3534,3531,3533,-1,3534,3777,3529,-1,3583,3585,3587,-1,3541,3534,3537,-1,3541,3537,3538,-1,3541,3767,3769,-1,3541,3769,3771,-1,3541,3775,3777,-1,3541,3771,3775,-1,3541,3777,3534,-1,3579,3581,3583,-1,3579,3587,3588,-1,3579,3588,3591,-1,3579,3591,3593,-1,3579,3593,3595,-1,3579,3583,3587,-1,3545,3541,3543,-1,3575,3577,3579,-1,3569,3571,3573,-1,3569,3573,3575,-1,3553,3546,3549,-1,3553,3549,3550,-1,3780,3781,3782,-1,3780,3783,3781,-1,3784,3785,3783,-1,3784,3786,3785,-1,3784,3783,3780,-1,3787,3786,3784,-1,3788,3789,3786,-1,3788,3790,3789,-1,3788,3786,3787,-1,3791,3790,3788,-1,3792,3793,3790,-1,3792,3790,3791,-1,3794,3795,3793,-1,3794,3793,3792,-1,3796,3797,3795,-1,3796,3798,3797,-1,3796,3795,3794,-1,3799,3798,3796,-1,3800,3801,3798,-1,3800,3802,3801,-1,3800,3798,3799,-1,3803,3802,3800,-1,3804,3802,3803,-1,3804,3805,3802,-1,3806,3805,3804,-1,3806,3807,3805,-1,3808,3807,3806,-1,3808,3809,3807,-1,3810,3811,3809,-1,3810,3809,3808,-1,3812,3813,3811,-1,3812,3811,3810,-1,3814,3815,3813,-1,3814,3813,3812,-1,3816,3817,3815,-1,3816,3815,3814,-1,3818,3819,3817,-1,3818,3817,3816,-1,3820,3821,3819,-1,3820,3819,3818,-1,3822,3823,3821,-1,3822,3821,3820,-1,3824,3825,3823,-1,3824,3823,3822,-1,3826,3827,3825,-1,3826,3825,3824,-1,3828,3829,3827,-1,3828,3827,3826,-1,3830,3831,3829,-1,3830,3829,3828,-1,3832,3833,3831,-1,3832,3831,3830,-1,3834,3835,3833,-1,3834,3833,3832,-1,3836,3837,3835,-1,3836,3835,3834,-1,3838,3839,3837,-1,3838,3840,3839,-1,3838,3837,3836,-1,3841,3840,3838,-1,3842,3843,3840,-1,3842,3840,3841,-1,3844,3845,3843,-1,3844,3843,3842,-1,3846,3847,3845,-1,3846,3845,3844,-1,3848,3849,3847,-1,3848,3847,3846,-1,3850,3851,3849,-1,3850,3849,3848,-1,3852,3853,3851,-1,3852,3854,3853,-1,3852,3851,3850,-1,3855,3854,3852,-1,3856,3854,3855,-1,3856,3857,3854,-1,3858,3857,3856,-1,3858,3859,3857,-1,3860,3859,3858,-1,3860,3861,3859,-1,3862,3861,3860,-1,3862,3863,3861,-1,3864,3863,3862,-1,3864,3865,3863,-1,3864,3866,3865,-1,3867,3866,3864,-1,3868,3866,3867,-1,3868,3869,3866,-1,3870,3869,3868,-1,3870,3871,3869,-1,3870,3872,3871,-1,3873,3872,3870,-1,3874,3872,3873,-1,3874,3875,3872,-1,3874,3876,3875,-1,3877,3876,3874,-1,3878,3879,3876,-1,3878,3876,3877,-1,3880,3881,3879,-1,3880,3879,3878,-1,3882,3883,3881,-1,3882,3884,3883,-1,3882,3881,3880,-1,3885,3886,3884,-1,3885,3884,3882,-1,3887,3886,3885,-1,3888,3889,3886,-1,3888,3886,3887,-1,3890,3891,3889,-1,3890,3889,3888,-1,3892,3893,3891,-1,3892,3891,3890,-1,3894,3895,3893,-1,3894,3893,3892,-1,3896,3897,3895,-1,3896,3895,3894,-1,3898,3899,3897,-1,3898,3897,3896,-1,3900,3901,3899,-1,3900,3899,3898,-1,3902,3903,3901,-1,3902,3901,3900,-1,3904,3903,3902,-1,3904,3905,3903,-1,3906,3905,3904,-1,3906,3907,3905,-1,3908,3907,3906,-1,3908,3909,3907,-1,3910,3909,3908,-1,3910,3911,3909,-1,3910,3912,3911,-1,3913,3912,3910,-1,3914,3912,3913,-1,3914,3915,3912,-1,3916,3915,3914,-1,3916,3917,3915,-1,3918,3917,3916,-1,3918,3919,3917,-1,3920,3919,3918,-1,3920,3921,3919,-1,3922,3921,3920,-1,3922,3923,3921,-1,3924,3923,3922,-1,3924,3925,3923,-1,3924,3926,3925,-1,3927,3926,3924,-1,3928,3926,3927,-1,3928,3929,3926,-1,3930,3929,3928,-1,3930,3931,3929,-1,3932,3931,3930,-1,3932,3933,3931,-1,3934,3933,3932,-1,3934,3935,3933,-1,3936,3935,3934,-1,3936,3937,3935,-1,3938,3937,3936,-1,3938,3939,3937,-1,3938,3940,3939,-1,3941,3940,3938,-1,3942,3940,3941,-1,3942,3943,3940,-1,3944,3943,3942,-1,3944,3945,3943,-1,3946,3947,3945,-1,3946,3945,3944,-1,3948,3949,3947,-1,3948,3947,3946,-1,3950,3951,3949,-1,3950,3949,3948,-1,3952,3953,3951,-1,3952,3954,3953,-1,3952,3951,3950,-1,3955,3954,3952,-1,3956,3954,3955,-1,3956,3957,3954,-1,3956,3958,3957,-1,3959,3958,3956,-1,3960,3958,3959,-1,3960,3961,3958,-1,3962,3961,3960,-1,3962,3963,3961,-1,3964,3963,3962,-1,3964,3965,3963,-1,3964,3966,3965,-1,3967,3966,3964,-1,3967,3968,3966,-1,3969,3968,3967,-1,3970,3968,3969,-1,3970,3971,3968,-1,3970,3972,3971,-1,3973,3972,3970,-1,3973,3974,3972,-1,3975,3974,3973,-1,3975,3976,3974,-1,3977,3976,3975,-1,3978,3976,3977,-1,3978,3979,3976,-1,3980,3981,3979,-1,3980,3979,3978,-1,3982,3983,3981,-1,3982,3981,3980,-1,3984,3985,3983,-1,3984,3986,3985,-1,3984,3983,3982,-1,3987,3988,3986,-1,3987,3986,3984,-1,3989,3990,3988,-1,3989,3988,3987,-1,3991,3990,3989,-1,3992,3993,3990,-1,3992,3994,3993,-1,3992,3990,3991,-1,3995,3994,3992,-1,3996,3997,3994,-1,3996,3994,3995,-1,3998,3999,3997,-1,3998,3997,3996,-1,4000,4001,3999,-1,4000,3999,3998,-1,4002,4003,4001,-1,4002,4001,4000,-1,4004,4003,4002,-1,4004,4005,4003,-1,4006,4005,4004,-1,4006,4007,4005,-1,4008,4007,4006,-1,4008,4009,4007,-1,4010,4009,4008,-1,4010,4011,4009,-1,4010,4012,4011,-1,4013,4012,4010,-1,4014,4015,4012,-1,4014,4012,4013,-1,4016,4017,4015,-1,4016,4015,4014,-1,4018,4019,4017,-1,4018,4017,4016,-1,4020,4021,4019,-1,4020,4019,4018,-1,4022,4023,4021,-1,4022,4021,4020,-1,4024,4025,4023,-1,4024,4023,4022,-1,4026,4027,4025,-1,4026,4025,4024,-1,4028,4029,4027,-1,4028,4027,4026,-1,4030,4031,4029,-1,4030,4029,4028,-1,3782,4031,4030,-1,3782,3781,4031,-1,3808,3806,3804,-1,3808,3804,3799,-1,3814,3830,3826,-1,3814,3818,3816,-1,3814,3820,3818,-1,3814,3826,3820,-1,3810,3799,3796,-1,3810,3808,3799,-1,3812,3982,3980,-1,3812,3792,4018,-1,3812,3980,3973,-1,3812,3796,3792,-1,3812,3846,3830,-1,3812,3992,3987,-1,3812,3878,3873,-1,3812,3848,3846,-1,3812,3850,3848,-1,3812,3852,3850,-1,3812,3855,3852,-1,3812,3998,3992,-1,3812,3867,3864,-1,3812,3885,3878,-1,3812,3868,3867,-1,3812,3870,3868,-1,3812,3873,3870,-1,3812,3887,3885,-1,3812,3830,3814,-1,3812,3894,3892,-1,3812,3896,3894,-1,3812,3898,3896,-1,3812,3810,3796,-1,3812,3900,3898,-1,3812,3902,3900,-1,3812,4014,4010,-1,3812,3904,3902,-1,3812,4010,3998,-1,3812,3906,3904,-1,3812,3908,3906,-1,3812,3910,3908,-1,3812,3913,3910,-1,3812,3914,3913,-1,3812,3916,3914,-1,3812,3918,3916,-1,3812,3920,3918,-1,3812,3922,3920,-1,3812,3924,3922,-1,3812,3927,3924,-1,3812,3928,3927,-1,3812,3864,3855,-1,3812,3930,3928,-1,3812,3932,3930,-1,3812,3934,3932,-1,3812,3936,3934,-1,3812,3938,3936,-1,3812,3941,3938,-1,3812,3942,3941,-1,3812,3944,3942,-1,3812,3946,3944,-1,3812,4018,4014,-1,3812,3948,3946,-1,3812,3950,3948,-1,3812,3952,3950,-1,3812,3955,3952,-1,3812,3956,3955,-1,3812,3892,3887,-1,3812,3959,3956,-1,3812,3960,3959,-1,3812,3962,3960,-1,3812,3964,3962,-1,3812,3967,3964,-1,3812,3969,3967,-1,3812,3970,3969,-1,3812,3973,3970,-1,3812,3987,3982,-1,3980,3975,3973,-1,3980,3977,3975,-1,3980,3978,3977,-1,3987,3984,3982,-1,3887,3890,3888,-1,3887,3892,3890,-1,3992,3989,3987,-1,3992,3991,3989,-1,3996,3995,3992,-1,3878,3882,3880,-1,3878,3885,3882,-1,3998,3996,3992,-1,3874,3878,3877,-1,3873,3878,3874,-1,4004,4002,4000,-1,4006,4004,4000,-1,4008,4006,4000,-1,4010,4000,3998,-1,4010,4008,4000,-1,4014,4013,4010,-1,3858,3862,3860,-1,4018,4016,4014,-1,3855,3858,3856,-1,3855,3864,3862,-1,3855,3862,3858,-1,4026,4024,4022,-1,3782,4030,4028,-1,3787,3780,3782,-1,3787,3784,3780,-1,3787,3782,4028,-1,3834,3838,3836,-1,3792,3788,3787,-1,3792,3791,3788,-1,3792,4020,4018,-1,3792,4022,4020,-1,3792,4028,4026,-1,3792,4026,4022,-1,3792,3787,4028,-1,3830,3834,3832,-1,3830,3841,3838,-1,3830,3842,3841,-1,3830,3844,3842,-1,3830,3846,3844,-1,3830,3838,3834,-1,3796,3794,3792,-1,3826,3830,3828,-1,3820,3824,3822,-1,3820,3826,3824,-1,3804,3800,3799,-1,3804,3803,3800,-1,3809,3805,3807,-1,3809,3798,3805,-1,3815,3827,3831,-1,3815,3817,3819,-1,3815,3819,3821,-1,3815,3821,3827,-1,3811,3797,3798,-1,3811,3798,3809,-1,3813,3981,3983,-1,3813,4019,3793,-1,3813,3972,3981,-1,3813,3793,3797,-1,3813,3831,3847,-1,3813,3986,3993,-1,3813,3872,3879,-1,3813,3847,3849,-1,3813,3849,3851,-1,3813,3851,3853,-1,3813,3853,3854,-1,3813,3993,3999,-1,3813,3865,3866,-1,3813,3879,3884,-1,3813,3866,3869,-1,3813,3869,3871,-1,3813,3871,3872,-1,3813,3884,3886,-1,3813,3815,3831,-1,3813,3893,3895,-1,3813,3895,3897,-1,3813,3897,3899,-1,3813,3797,3811,-1,3813,3899,3901,-1,3813,3901,3903,-1,3813,4011,4015,-1,3813,3903,3905,-1,3813,3999,4011,-1,3813,3905,3907,-1,3813,3907,3909,-1,3813,3909,3911,-1,3813,3911,3912,-1,3813,3912,3915,-1,3813,3915,3917,-1,3813,3917,3919,-1,3813,3919,3921,-1,3813,3921,3923,-1,3813,3923,3925,-1,3813,3925,3926,-1,3813,3926,3929,-1,3813,3854,3865,-1,3813,3929,3931,-1,3813,3931,3933,-1,3813,3933,3935,-1,3813,3935,3937,-1,3813,3937,3939,-1,3813,3939,3940,-1,3813,3940,3943,-1,3813,3943,3945,-1,3813,3945,3947,-1,3813,4015,4019,-1,3813,3947,3949,-1,3813,3949,3951,-1,3813,3951,3953,-1,3813,3953,3954,-1,3813,3954,3957,-1,3813,3886,3893,-1,3813,3957,3958,-1,3813,3958,3961,-1,3813,3961,3963,-1,3813,3963,3965,-1,3813,3965,3966,-1,3813,3966,3968,-1,3813,3968,3971,-1,3813,3971,3972,-1,3813,3983,3986,-1,3981,3972,3974,-1,3981,3974,3976,-1,3981,3976,3979,-1,3986,3983,3985,-1,3886,3889,3891,-1,3886,3891,3893,-1,3993,3986,3988,-1,3993,3988,3990,-1,3997,3993,3994,-1,3879,3881,3883,-1,3879,3883,3884,-1,3999,3993,3997,-1,3875,3876,3879,-1,3872,3875,3879,-1,4005,4001,4003,-1,4007,4001,4005,-1,4009,4001,4007,-1,4011,3999,4001,-1,4011,4001,4009,-1,4015,4011,4012,-1,3859,3861,3863,-1,4019,4015,4017,-1,3854,3857,3859,-1,3854,3863,3865,-1,3854,3859,3863,-1,4027,4023,4025,-1,3781,4029,4031,-1,3786,3781,3783,-1,3786,3783,3785,-1,3786,4029,3781,-1,3835,3837,3839,-1,3793,3786,3789,-1,3793,3789,3790,-1,3793,4019,4021,-1,3793,4021,4023,-1,3793,4027,4029,-1,3793,4023,4027,-1,3793,4029,3786,-1,3831,3833,3835,-1,3831,3839,3840,-1,3831,3840,3843,-1,3831,3843,3845,-1,3831,3845,3847,-1,3831,3835,3839,-1,3797,3793,3795,-1,3827,3829,3831,-1,3821,3823,3825,-1,3821,3825,3827,-1,3805,3798,3801,-1,3805,3801,3802,-1,4032,4033,4034,-1,4032,4035,4033,-1,4036,4037,4035,-1,4036,4038,4037,-1,4036,4035,4032,-1,4039,4038,4036,-1,4040,4041,4038,-1,4040,4042,4041,-1,4040,4038,4039,-1,4043,4042,4040,-1,4044,4045,4042,-1,4044,4042,4043,-1,4046,4047,4045,-1,4046,4045,4044,-1,4048,4049,4047,-1,4048,4050,4049,-1,4048,4047,4046,-1,4051,4050,4048,-1,4052,4053,4050,-1,4052,4054,4053,-1,4052,4050,4051,-1,4055,4054,4052,-1,4056,4054,4055,-1,4056,4057,4054,-1,4058,4057,4056,-1,4058,4059,4057,-1,4060,4059,4058,-1,4060,4061,4059,-1,4062,4063,4061,-1,4062,4061,4060,-1,4064,4065,4063,-1,4064,4063,4062,-1,4066,4067,4065,-1,4066,4065,4064,-1,4068,4069,4067,-1,4068,4067,4066,-1,4070,4071,4069,-1,4070,4069,4068,-1,4072,4073,4071,-1,4072,4071,4070,-1,4074,4075,4073,-1,4074,4073,4072,-1,4076,4077,4075,-1,4076,4075,4074,-1,4078,4079,4077,-1,4078,4077,4076,-1,4080,4081,4079,-1,4080,4079,4078,-1,4082,4083,4081,-1,4082,4081,4080,-1,4084,4085,4083,-1,4084,4083,4082,-1,4086,4087,4085,-1,4086,4085,4084,-1,4088,4089,4087,-1,4088,4087,4086,-1,4090,4091,4089,-1,4090,4092,4091,-1,4090,4089,4088,-1,4093,4092,4090,-1,4094,4095,4092,-1,4094,4092,4093,-1,4096,4097,4095,-1,4096,4095,4094,-1,4098,4099,4097,-1,4098,4097,4096,-1,4100,4101,4099,-1,4100,4099,4098,-1,4102,4103,4101,-1,4102,4101,4100,-1,4104,4105,4103,-1,4104,4106,4105,-1,4104,4103,4102,-1,4107,4106,4104,-1,4108,4106,4107,-1,4108,4109,4106,-1,4110,4109,4108,-1,4110,4111,4109,-1,4112,4111,4110,-1,4112,4113,4111,-1,4114,4113,4112,-1,4114,4115,4113,-1,4116,4115,4114,-1,4116,4117,4115,-1,4116,4118,4117,-1,4119,4118,4116,-1,4120,4118,4119,-1,4120,4121,4118,-1,4122,4121,4120,-1,4122,4123,4121,-1,4122,4124,4123,-1,4125,4124,4122,-1,4126,4124,4125,-1,4126,4127,4124,-1,4126,4128,4127,-1,4129,4128,4126,-1,4130,4131,4128,-1,4130,4128,4129,-1,4132,4133,4131,-1,4132,4131,4130,-1,4134,4135,4133,-1,4134,4136,4135,-1,4134,4133,4132,-1,4137,4138,4136,-1,4137,4136,4134,-1,4139,4138,4137,-1,4140,4141,4138,-1,4140,4138,4139,-1,4142,4143,4141,-1,4142,4141,4140,-1,4144,4145,4143,-1,4144,4143,4142,-1,4146,4147,4145,-1,4146,4145,4144,-1,4148,4149,4147,-1,4148,4147,4146,-1,4150,4151,4149,-1,4150,4149,4148,-1,4152,4153,4151,-1,4152,4151,4150,-1,4154,4155,4153,-1,4154,4153,4152,-1,4156,4155,4154,-1,4156,4157,4155,-1,4158,4157,4156,-1,4158,4159,4157,-1,4160,4159,4158,-1,4160,4161,4159,-1,4162,4161,4160,-1,4162,4163,4161,-1,4162,4164,4163,-1,4165,4164,4162,-1,4166,4164,4165,-1,4166,4167,4164,-1,4168,4167,4166,-1,4168,4169,4167,-1,4170,4169,4168,-1,4170,4171,4169,-1,4172,4171,4170,-1,4172,4173,4171,-1,4174,4173,4172,-1,4174,4175,4173,-1,4176,4175,4174,-1,4176,4177,4175,-1,4176,4178,4177,-1,4179,4178,4176,-1,4180,4178,4179,-1,4180,4181,4178,-1,4182,4181,4180,-1,4182,4183,4181,-1,4184,4183,4182,-1,4184,4185,4183,-1,4186,4185,4184,-1,4186,4187,4185,-1,4188,4187,4186,-1,4188,4189,4187,-1,4190,4189,4188,-1,4190,4191,4189,-1,4190,4192,4191,-1,4193,4192,4190,-1,4194,4192,4193,-1,4194,4195,4192,-1,4196,4195,4194,-1,4196,4197,4195,-1,4198,4199,4197,-1,4198,4197,4196,-1,4200,4201,4199,-1,4200,4199,4198,-1,4202,4203,4201,-1,4202,4201,4200,-1,4204,4205,4203,-1,4204,4206,4205,-1,4204,4203,4202,-1,4207,4206,4204,-1,4208,4206,4207,-1,4208,4209,4206,-1,4208,4210,4209,-1,4211,4210,4208,-1,4212,4210,4211,-1,4212,4213,4210,-1,4214,4213,4212,-1,4214,4215,4213,-1,4216,4215,4214,-1,4216,4217,4215,-1,4216,4218,4217,-1,4219,4218,4216,-1,4219,4220,4218,-1,4221,4220,4219,-1,4222,4220,4221,-1,4222,4223,4220,-1,4222,4224,4223,-1,4225,4224,4222,-1,4225,4226,4224,-1,4227,4226,4225,-1,4227,4228,4226,-1,4229,4228,4227,-1,4230,4228,4229,-1,4230,4231,4228,-1,4232,4233,4231,-1,4232,4231,4230,-1,4234,4235,4233,-1,4234,4233,4232,-1,4236,4237,4235,-1,4236,4238,4237,-1,4236,4235,4234,-1,4239,4240,4238,-1,4239,4238,4236,-1,4241,4242,4240,-1,4241,4240,4239,-1,4243,4242,4241,-1,4244,4245,4242,-1,4244,4246,4245,-1,4244,4242,4243,-1,4247,4246,4244,-1,4248,4249,4246,-1,4248,4246,4247,-1,4250,4251,4249,-1,4250,4249,4248,-1,4252,4253,4251,-1,4252,4251,4250,-1,4254,4255,4253,-1,4254,4253,4252,-1,4256,4255,4254,-1,4256,4257,4255,-1,4258,4257,4256,-1,4258,4259,4257,-1,4260,4259,4258,-1,4260,4261,4259,-1,4262,4261,4260,-1,4262,4263,4261,-1,4262,4264,4263,-1,4265,4264,4262,-1,4266,4267,4264,-1,4266,4264,4265,-1,4268,4269,4267,-1,4268,4267,4266,-1,4270,4271,4269,-1,4270,4269,4268,-1,4272,4273,4271,-1,4272,4271,4270,-1,4274,4275,4273,-1,4274,4273,4272,-1,4276,4277,4275,-1,4276,4275,4274,-1,4278,4279,4277,-1,4278,4277,4276,-1,4280,4281,4279,-1,4280,4279,4278,-1,4282,4283,4281,-1,4282,4281,4280,-1,4034,4283,4282,-1,4034,4033,4283,-1,4060,4058,4056,-1,4060,4056,4051,-1,4066,4082,4078,-1,4066,4070,4068,-1,4066,4072,4070,-1,4066,4078,4072,-1,4062,4051,4048,-1,4062,4060,4051,-1,4064,4234,4232,-1,4064,4044,4270,-1,4064,4232,4225,-1,4064,4048,4044,-1,4064,4098,4082,-1,4064,4244,4239,-1,4064,4130,4125,-1,4064,4100,4098,-1,4064,4102,4100,-1,4064,4104,4102,-1,4064,4107,4104,-1,4064,4250,4244,-1,4064,4119,4116,-1,4064,4137,4130,-1,4064,4120,4119,-1,4064,4122,4120,-1,4064,4125,4122,-1,4064,4139,4137,-1,4064,4082,4066,-1,4064,4146,4144,-1,4064,4148,4146,-1,4064,4150,4148,-1,4064,4062,4048,-1,4064,4152,4150,-1,4064,4154,4152,-1,4064,4266,4262,-1,4064,4156,4154,-1,4064,4262,4250,-1,4064,4158,4156,-1,4064,4160,4158,-1,4064,4162,4160,-1,4064,4165,4162,-1,4064,4166,4165,-1,4064,4168,4166,-1,4064,4170,4168,-1,4064,4172,4170,-1,4064,4174,4172,-1,4064,4176,4174,-1,4064,4179,4176,-1,4064,4180,4179,-1,4064,4116,4107,-1,4064,4182,4180,-1,4064,4184,4182,-1,4064,4186,4184,-1,4064,4188,4186,-1,4064,4190,4188,-1,4064,4193,4190,-1,4064,4194,4193,-1,4064,4196,4194,-1,4064,4198,4196,-1,4064,4270,4266,-1,4064,4200,4198,-1,4064,4202,4200,-1,4064,4204,4202,-1,4064,4207,4204,-1,4064,4208,4207,-1,4064,4144,4139,-1,4064,4211,4208,-1,4064,4212,4211,-1,4064,4214,4212,-1,4064,4216,4214,-1,4064,4219,4216,-1,4064,4221,4219,-1,4064,4222,4221,-1,4064,4225,4222,-1,4064,4239,4234,-1,4232,4227,4225,-1,4232,4229,4227,-1,4232,4230,4229,-1,4239,4236,4234,-1,4139,4142,4140,-1,4139,4144,4142,-1,4244,4241,4239,-1,4244,4243,4241,-1,4248,4247,4244,-1,4130,4134,4132,-1,4130,4137,4134,-1,4250,4248,4244,-1,4126,4130,4129,-1,4125,4130,4126,-1,4256,4254,4252,-1,4258,4256,4252,-1,4260,4258,4252,-1,4262,4252,4250,-1,4262,4260,4252,-1,4266,4265,4262,-1,4110,4114,4112,-1,4270,4268,4266,-1,4107,4110,4108,-1,4107,4116,4114,-1,4107,4114,4110,-1,4278,4276,4274,-1,4034,4282,4280,-1,4039,4032,4034,-1,4039,4036,4032,-1,4039,4034,4280,-1,4086,4090,4088,-1,4044,4040,4039,-1,4044,4043,4040,-1,4044,4272,4270,-1,4044,4274,4272,-1,4044,4280,4278,-1,4044,4278,4274,-1,4044,4039,4280,-1,4082,4086,4084,-1,4082,4093,4090,-1,4082,4094,4093,-1,4082,4096,4094,-1,4082,4098,4096,-1,4082,4090,4086,-1,4048,4046,4044,-1,4078,4082,4080,-1,4072,4076,4074,-1,4072,4078,4076,-1,4056,4052,4051,-1,4056,4055,4052,-1,4061,4057,4059,-1,4061,4050,4057,-1,4067,4079,4083,-1,4067,4069,4071,-1,4067,4071,4073,-1,4067,4073,4079,-1,4063,4049,4050,-1,4063,4050,4061,-1,4065,4233,4235,-1,4065,4271,4045,-1,4065,4224,4233,-1,4065,4045,4049,-1,4065,4083,4099,-1,4065,4238,4245,-1,4065,4124,4131,-1,4065,4099,4101,-1,4065,4101,4103,-1,4065,4103,4105,-1,4065,4105,4106,-1,4065,4245,4251,-1,4065,4117,4118,-1,4065,4131,4136,-1,4065,4118,4121,-1,4065,4121,4123,-1,4065,4123,4124,-1,4065,4136,4138,-1,4065,4067,4083,-1,4065,4145,4147,-1,4065,4147,4149,-1,4065,4149,4151,-1,4065,4049,4063,-1,4065,4151,4153,-1,4065,4153,4155,-1,4065,4263,4267,-1,4065,4155,4157,-1,4065,4251,4263,-1,4065,4157,4159,-1,4065,4159,4161,-1,4065,4161,4163,-1,4065,4163,4164,-1,4065,4164,4167,-1,4065,4167,4169,-1,4065,4169,4171,-1,4065,4171,4173,-1,4065,4173,4175,-1,4065,4175,4177,-1,4065,4177,4178,-1,4065,4178,4181,-1,4065,4106,4117,-1,4065,4181,4183,-1,4065,4183,4185,-1,4065,4185,4187,-1,4065,4187,4189,-1,4065,4189,4191,-1,4065,4191,4192,-1,4065,4192,4195,-1,4065,4195,4197,-1,4065,4197,4199,-1,4065,4267,4271,-1,4065,4199,4201,-1,4065,4201,4203,-1,4065,4203,4205,-1,4065,4205,4206,-1,4065,4206,4209,-1,4065,4138,4145,-1,4065,4209,4210,-1,4065,4210,4213,-1,4065,4213,4215,-1,4065,4215,4217,-1,4065,4217,4218,-1,4065,4218,4220,-1,4065,4220,4223,-1,4065,4223,4224,-1,4065,4235,4238,-1,4233,4224,4226,-1,4233,4226,4228,-1,4233,4228,4231,-1,4238,4235,4237,-1,4138,4141,4143,-1,4138,4143,4145,-1,4245,4238,4240,-1,4245,4240,4242,-1,4249,4245,4246,-1,4131,4133,4135,-1,4131,4135,4136,-1,4251,4245,4249,-1,4127,4128,4131,-1,4124,4127,4131,-1,4257,4253,4255,-1,4259,4253,4257,-1,4261,4253,4259,-1,4263,4251,4253,-1,4263,4253,4261,-1,4267,4263,4264,-1,4111,4113,4115,-1,4271,4267,4269,-1,4106,4109,4111,-1,4106,4115,4117,-1,4106,4111,4115,-1,4279,4275,4277,-1,4033,4281,4283,-1,4038,4033,4035,-1,4038,4035,4037,-1,4038,4281,4033,-1,4087,4089,4091,-1,4045,4038,4041,-1,4045,4041,4042,-1,4045,4271,4273,-1,4045,4273,4275,-1,4045,4279,4281,-1,4045,4275,4279,-1,4045,4281,4038,-1,4083,4085,4087,-1,4083,4091,4092,-1,4083,4092,4095,-1,4083,4095,4097,-1,4083,4097,4099,-1,4083,4087,4091,-1,4049,4045,4047,-1,4079,4081,4083,-1,4073,4075,4077,-1,4073,4077,4079,-1,4057,4050,4053,-1,4057,4053,4054,-1,4284,4285,4286,-1,4284,4287,4285,-1,4288,4289,4287,-1,4288,4290,4289,-1,4288,4287,4284,-1,4291,4290,4288,-1,4292,4293,4290,-1,4292,4294,4293,-1,4292,4290,4291,-1,4295,4294,4292,-1,4296,4297,4294,-1,4296,4294,4295,-1,4298,4299,4297,-1,4298,4297,4296,-1,4300,4301,4299,-1,4300,4302,4301,-1,4300,4299,4298,-1,4303,4302,4300,-1,4304,4305,4302,-1,4304,4306,4305,-1,4304,4302,4303,-1,4307,4306,4304,-1,4308,4306,4307,-1,4308,4309,4306,-1,4310,4309,4308,-1,4310,4311,4309,-1,4312,4311,4310,-1,4312,4313,4311,-1,4314,4315,4313,-1,4314,4313,4312,-1,4316,4317,4315,-1,4316,4315,4314,-1,4318,4319,4317,-1,4318,4317,4316,-1,4320,4321,4319,-1,4320,4319,4318,-1,4322,4323,4321,-1,4322,4321,4320,-1,4324,4325,4323,-1,4324,4323,4322,-1,4326,4327,4325,-1,4326,4325,4324,-1,4328,4329,4327,-1,4328,4327,4326,-1,4330,4331,4329,-1,4330,4329,4328,-1,4332,4333,4331,-1,4332,4331,4330,-1,4334,4335,4333,-1,4334,4333,4332,-1,4336,4337,4335,-1,4336,4335,4334,-1,4338,4339,4337,-1,4338,4337,4336,-1,4340,4341,4339,-1,4340,4339,4338,-1,4342,4343,4341,-1,4342,4344,4343,-1,4342,4341,4340,-1,4345,4344,4342,-1,4346,4347,4344,-1,4346,4344,4345,-1,4348,4349,4347,-1,4348,4347,4346,-1,4350,4351,4349,-1,4350,4349,4348,-1,4352,4353,4351,-1,4352,4351,4350,-1,4354,4355,4353,-1,4354,4353,4352,-1,4356,4357,4355,-1,4356,4358,4357,-1,4356,4355,4354,-1,4359,4358,4356,-1,4360,4358,4359,-1,4360,4361,4358,-1,4362,4361,4360,-1,4362,4363,4361,-1,4364,4363,4362,-1,4364,4365,4363,-1,4366,4365,4364,-1,4366,4367,4365,-1,4368,4367,4366,-1,4368,4369,4367,-1,4368,4370,4369,-1,4371,4370,4368,-1,4372,4370,4371,-1,4372,4373,4370,-1,4374,4373,4372,-1,4374,4375,4373,-1,4374,4376,4375,-1,4377,4376,4374,-1,4378,4376,4377,-1,4378,4379,4376,-1,4378,4380,4379,-1,4381,4380,4378,-1,4382,4383,4380,-1,4382,4380,4381,-1,4384,4385,4383,-1,4384,4383,4382,-1,4386,4387,4385,-1,4386,4388,4387,-1,4386,4385,4384,-1,4389,4390,4388,-1,4389,4388,4386,-1,4391,4390,4389,-1,4392,4393,4390,-1,4392,4390,4391,-1,4394,4395,4393,-1,4394,4393,4392,-1,4396,4397,4395,-1,4396,4395,4394,-1,4398,4399,4397,-1,4398,4397,4396,-1,4400,4401,4399,-1,4400,4399,4398,-1,4402,4403,4401,-1,4402,4401,4400,-1,4404,4405,4403,-1,4404,4403,4402,-1,4406,4407,4405,-1,4406,4405,4404,-1,4408,4407,4406,-1,4408,4409,4407,-1,4410,4409,4408,-1,4410,4411,4409,-1,4412,4411,4410,-1,4412,4413,4411,-1,4414,4413,4412,-1,4414,4415,4413,-1,4414,4416,4415,-1,4417,4416,4414,-1,4418,4416,4417,-1,4418,4419,4416,-1,4420,4419,4418,-1,4420,4421,4419,-1,4422,4421,4420,-1,4422,4423,4421,-1,4424,4423,4422,-1,4424,4425,4423,-1,4426,4425,4424,-1,4426,4427,4425,-1,4428,4427,4426,-1,4428,4429,4427,-1,4428,4430,4429,-1,4431,4430,4428,-1,4432,4430,4431,-1,4432,4433,4430,-1,4434,4433,4432,-1,4434,4435,4433,-1,4436,4435,4434,-1,4436,4437,4435,-1,4438,4437,4436,-1,4438,4439,4437,-1,4440,4439,4438,-1,4440,4441,4439,-1,4442,4441,4440,-1,4442,4443,4441,-1,4442,4444,4443,-1,4445,4444,4442,-1,4446,4444,4445,-1,4446,4447,4444,-1,4448,4447,4446,-1,4448,4449,4447,-1,4450,4451,4449,-1,4450,4449,4448,-1,4452,4453,4451,-1,4452,4451,4450,-1,4454,4455,4453,-1,4454,4453,4452,-1,4456,4457,4455,-1,4456,4458,4457,-1,4456,4455,4454,-1,4459,4458,4456,-1,4460,4458,4459,-1,4460,4461,4458,-1,4460,4462,4461,-1,4463,4462,4460,-1,4464,4462,4463,-1,4464,4465,4462,-1,4466,4465,4464,-1,4466,4467,4465,-1,4468,4467,4466,-1,4468,4469,4467,-1,4468,4470,4469,-1,4471,4470,4468,-1,4471,4472,4470,-1,4473,4472,4471,-1,4474,4472,4473,-1,4474,4475,4472,-1,4474,4476,4475,-1,4477,4476,4474,-1,4477,4478,4476,-1,4479,4478,4477,-1,4479,4480,4478,-1,4481,4480,4479,-1,4482,4480,4481,-1,4482,4483,4480,-1,4484,4485,4483,-1,4484,4483,4482,-1,4486,4487,4485,-1,4486,4485,4484,-1,4488,4489,4487,-1,4488,4490,4489,-1,4488,4487,4486,-1,4491,4492,4490,-1,4491,4490,4488,-1,4493,4494,4492,-1,4493,4492,4491,-1,4495,4494,4493,-1,4496,4497,4494,-1,4496,4498,4497,-1,4496,4494,4495,-1,4499,4498,4496,-1,4500,4501,4498,-1,4500,4498,4499,-1,4502,4503,4501,-1,4502,4501,4500,-1,4504,4505,4503,-1,4504,4503,4502,-1,4506,4507,4505,-1,4506,4505,4504,-1,4508,4507,4506,-1,4508,4509,4507,-1,4510,4509,4508,-1,4510,4511,4509,-1,4512,4511,4510,-1,4512,4513,4511,-1,4514,4513,4512,-1,4514,4515,4513,-1,4514,4516,4515,-1,4517,4516,4514,-1,4518,4519,4516,-1,4518,4516,4517,-1,4520,4521,4519,-1,4520,4519,4518,-1,4522,4523,4521,-1,4522,4521,4520,-1,4524,4525,4523,-1,4524,4523,4522,-1,4526,4527,4525,-1,4526,4525,4524,-1,4528,4529,4527,-1,4528,4527,4526,-1,4530,4531,4529,-1,4530,4529,4528,-1,4532,4533,4531,-1,4532,4531,4530,-1,4534,4535,4533,-1,4534,4533,4532,-1,4286,4535,4534,-1,4286,4285,4535,-1,4312,4310,4308,-1,4312,4308,4303,-1,4318,4334,4330,-1,4318,4322,4320,-1,4318,4324,4322,-1,4318,4330,4324,-1,4314,4303,4300,-1,4314,4312,4303,-1,4316,4486,4484,-1,4316,4296,4522,-1,4316,4484,4477,-1,4316,4300,4296,-1,4316,4350,4334,-1,4316,4496,4491,-1,4316,4382,4377,-1,4316,4352,4350,-1,4316,4354,4352,-1,4316,4356,4354,-1,4316,4359,4356,-1,4316,4502,4496,-1,4316,4371,4368,-1,4316,4389,4382,-1,4316,4372,4371,-1,4316,4374,4372,-1,4316,4377,4374,-1,4316,4391,4389,-1,4316,4334,4318,-1,4316,4398,4396,-1,4316,4400,4398,-1,4316,4402,4400,-1,4316,4314,4300,-1,4316,4404,4402,-1,4316,4406,4404,-1,4316,4518,4514,-1,4316,4408,4406,-1,4316,4514,4502,-1,4316,4410,4408,-1,4316,4412,4410,-1,4316,4414,4412,-1,4316,4417,4414,-1,4316,4418,4417,-1,4316,4420,4418,-1,4316,4422,4420,-1,4316,4424,4422,-1,4316,4426,4424,-1,4316,4428,4426,-1,4316,4431,4428,-1,4316,4432,4431,-1,4316,4368,4359,-1,4316,4434,4432,-1,4316,4436,4434,-1,4316,4438,4436,-1,4316,4440,4438,-1,4316,4442,4440,-1,4316,4445,4442,-1,4316,4446,4445,-1,4316,4448,4446,-1,4316,4450,4448,-1,4316,4522,4518,-1,4316,4452,4450,-1,4316,4454,4452,-1,4316,4456,4454,-1,4316,4459,4456,-1,4316,4460,4459,-1,4316,4396,4391,-1,4316,4463,4460,-1,4316,4464,4463,-1,4316,4466,4464,-1,4316,4468,4466,-1,4316,4471,4468,-1,4316,4473,4471,-1,4316,4474,4473,-1,4316,4477,4474,-1,4316,4491,4486,-1,4484,4479,4477,-1,4484,4481,4479,-1,4484,4482,4481,-1,4491,4488,4486,-1,4391,4394,4392,-1,4391,4396,4394,-1,4496,4493,4491,-1,4496,4495,4493,-1,4500,4499,4496,-1,4382,4386,4384,-1,4382,4389,4386,-1,4502,4500,4496,-1,4378,4382,4381,-1,4377,4382,4378,-1,4508,4506,4504,-1,4510,4508,4504,-1,4512,4510,4504,-1,4514,4504,4502,-1,4514,4512,4504,-1,4518,4517,4514,-1,4362,4366,4364,-1,4522,4520,4518,-1,4359,4362,4360,-1,4359,4368,4366,-1,4359,4366,4362,-1,4530,4528,4526,-1,4286,4534,4532,-1,4291,4284,4286,-1,4291,4288,4284,-1,4291,4286,4532,-1,4338,4342,4340,-1,4296,4292,4291,-1,4296,4295,4292,-1,4296,4524,4522,-1,4296,4526,4524,-1,4296,4532,4530,-1,4296,4530,4526,-1,4296,4291,4532,-1,4334,4338,4336,-1,4334,4345,4342,-1,4334,4346,4345,-1,4334,4348,4346,-1,4334,4350,4348,-1,4334,4342,4338,-1,4300,4298,4296,-1,4330,4334,4332,-1,4324,4328,4326,-1,4324,4330,4328,-1,4308,4304,4303,-1,4308,4307,4304,-1,4313,4309,4311,-1,4313,4302,4309,-1,4319,4331,4335,-1,4319,4321,4323,-1,4319,4323,4325,-1,4319,4325,4331,-1,4315,4301,4302,-1,4315,4302,4313,-1,4317,4485,4487,-1,4317,4523,4297,-1,4317,4476,4485,-1,4317,4297,4301,-1,4317,4335,4351,-1,4317,4490,4497,-1,4317,4376,4383,-1,4317,4351,4353,-1,4317,4353,4355,-1,4317,4355,4357,-1,4317,4357,4358,-1,4317,4497,4503,-1,4317,4369,4370,-1,4317,4383,4388,-1,4317,4370,4373,-1,4317,4373,4375,-1,4317,4375,4376,-1,4317,4388,4390,-1,4317,4319,4335,-1,4317,4397,4399,-1,4317,4399,4401,-1,4317,4401,4403,-1,4317,4301,4315,-1,4317,4403,4405,-1,4317,4405,4407,-1,4317,4515,4519,-1,4317,4407,4409,-1,4317,4503,4515,-1,4317,4409,4411,-1,4317,4411,4413,-1,4317,4413,4415,-1,4317,4415,4416,-1,4317,4416,4419,-1,4317,4419,4421,-1,4317,4421,4423,-1,4317,4423,4425,-1,4317,4425,4427,-1,4317,4427,4429,-1,4317,4429,4430,-1,4317,4430,4433,-1,4317,4358,4369,-1,4317,4433,4435,-1,4317,4435,4437,-1,4317,4437,4439,-1,4317,4439,4441,-1,4317,4441,4443,-1,4317,4443,4444,-1,4317,4444,4447,-1,4317,4447,4449,-1,4317,4449,4451,-1,4317,4519,4523,-1,4317,4451,4453,-1,4317,4453,4455,-1,4317,4455,4457,-1,4317,4457,4458,-1,4317,4458,4461,-1,4317,4390,4397,-1,4317,4461,4462,-1,4317,4462,4465,-1,4317,4465,4467,-1,4317,4467,4469,-1,4317,4469,4470,-1,4317,4470,4472,-1,4317,4472,4475,-1,4317,4475,4476,-1,4317,4487,4490,-1,4485,4476,4478,-1,4485,4478,4480,-1,4485,4480,4483,-1,4490,4487,4489,-1,4390,4393,4395,-1,4390,4395,4397,-1,4497,4490,4492,-1,4497,4492,4494,-1,4501,4497,4498,-1,4383,4385,4387,-1,4383,4387,4388,-1,4503,4497,4501,-1,4379,4380,4383,-1,4376,4379,4383,-1,4509,4505,4507,-1,4511,4505,4509,-1,4513,4505,4511,-1,4515,4503,4505,-1,4515,4505,4513,-1,4519,4515,4516,-1,4363,4365,4367,-1,4523,4519,4521,-1,4358,4361,4363,-1,4358,4367,4369,-1,4358,4363,4367,-1,4531,4527,4529,-1,4285,4533,4535,-1,4290,4285,4287,-1,4290,4287,4289,-1,4290,4533,4285,-1,4339,4341,4343,-1,4297,4290,4293,-1,4297,4293,4294,-1,4297,4523,4525,-1,4297,4525,4527,-1,4297,4531,4533,-1,4297,4527,4531,-1,4297,4533,4290,-1,4335,4337,4339,-1,4335,4343,4344,-1,4335,4344,4347,-1,4335,4347,4349,-1,4335,4349,4351,-1,4335,4339,4343,-1,4301,4297,4299,-1,4331,4333,4335,-1,4325,4327,4329,-1,4325,4329,4331,-1,4309,4302,4305,-1,4309,4305,4306,-1,4536,4537,4538,-1,4536,4539,4537,-1,4540,4541,4539,-1,4540,4542,4541,-1,4540,4539,4536,-1,4543,4542,4540,-1,4544,4545,4542,-1,4544,4546,4545,-1,4544,4542,4543,-1,4547,4546,4544,-1,4548,4549,4546,-1,4548,4546,4547,-1,4550,4551,4549,-1,4550,4549,4548,-1,4552,4553,4551,-1,4552,4554,4553,-1,4552,4551,4550,-1,4555,4554,4552,-1,4556,4557,4554,-1,4556,4558,4557,-1,4556,4554,4555,-1,4559,4558,4556,-1,4560,4558,4559,-1,4560,4561,4558,-1,4562,4561,4560,-1,4562,4563,4561,-1,4564,4563,4562,-1,4564,4565,4563,-1,4566,4567,4565,-1,4566,4565,4564,-1,4568,4569,4567,-1,4568,4567,4566,-1,4570,4571,4569,-1,4570,4569,4568,-1,4572,4573,4571,-1,4572,4571,4570,-1,4574,4575,4573,-1,4574,4573,4572,-1,4576,4577,4575,-1,4576,4575,4574,-1,4578,4579,4577,-1,4578,4577,4576,-1,4580,4581,4579,-1,4580,4579,4578,-1,4582,4583,4581,-1,4582,4581,4580,-1,4584,4585,4583,-1,4584,4583,4582,-1,4586,4587,4585,-1,4586,4585,4584,-1,4588,4589,4587,-1,4588,4587,4586,-1,4590,4591,4589,-1,4590,4589,4588,-1,4592,4593,4591,-1,4592,4591,4590,-1,4594,4595,4593,-1,4594,4596,4595,-1,4594,4593,4592,-1,4597,4596,4594,-1,4598,4599,4596,-1,4598,4596,4597,-1,4600,4601,4599,-1,4600,4599,4598,-1,4602,4603,4601,-1,4602,4601,4600,-1,4604,4605,4603,-1,4604,4603,4602,-1,4606,4607,4605,-1,4606,4605,4604,-1,4608,4609,4607,-1,4608,4610,4609,-1,4608,4607,4606,-1,4611,4610,4608,-1,4612,4610,4611,-1,4612,4613,4610,-1,4614,4613,4612,-1,4614,4615,4613,-1,4616,4615,4614,-1,4616,4617,4615,-1,4618,4617,4616,-1,4618,4619,4617,-1,4620,4619,4618,-1,4620,4621,4619,-1,4620,4622,4621,-1,4623,4622,4620,-1,4624,4622,4623,-1,4624,4625,4622,-1,4626,4625,4624,-1,4626,4627,4625,-1,4626,4628,4627,-1,4629,4628,4626,-1,4630,4628,4629,-1,4630,4631,4628,-1,4630,4632,4631,-1,4633,4632,4630,-1,4634,4635,4632,-1,4634,4632,4633,-1,4636,4637,4635,-1,4636,4635,4634,-1,4638,4639,4637,-1,4638,4640,4639,-1,4638,4637,4636,-1,4641,4642,4640,-1,4641,4640,4638,-1,4643,4642,4641,-1,4644,4645,4642,-1,4644,4642,4643,-1,4646,4647,4645,-1,4646,4645,4644,-1,4648,4649,4647,-1,4648,4647,4646,-1,4650,4651,4649,-1,4650,4649,4648,-1,4652,4653,4651,-1,4652,4651,4650,-1,4654,4655,4653,-1,4654,4653,4652,-1,4656,4657,4655,-1,4656,4655,4654,-1,4658,4659,4657,-1,4658,4657,4656,-1,4660,4659,4658,-1,4660,4661,4659,-1,4662,4661,4660,-1,4662,4663,4661,-1,4664,4663,4662,-1,4664,4665,4663,-1,4666,4665,4664,-1,4666,4667,4665,-1,4666,4668,4667,-1,4669,4668,4666,-1,4670,4668,4669,-1,4670,4671,4668,-1,4672,4671,4670,-1,4672,4673,4671,-1,4674,4673,4672,-1,4674,4675,4673,-1,4676,4675,4674,-1,4676,4677,4675,-1,4678,4677,4676,-1,4678,4679,4677,-1,4680,4679,4678,-1,4680,4681,4679,-1,4680,4682,4681,-1,4683,4682,4680,-1,4684,4682,4683,-1,4684,4685,4682,-1,4686,4685,4684,-1,4686,4687,4685,-1,4688,4687,4686,-1,4688,4689,4687,-1,4690,4689,4688,-1,4690,4691,4689,-1,4692,4691,4690,-1,4692,4693,4691,-1,4694,4693,4692,-1,4694,4695,4693,-1,4694,4696,4695,-1,4697,4696,4694,-1,4698,4696,4697,-1,4698,4699,4696,-1,4700,4699,4698,-1,4700,4701,4699,-1,4702,4703,4701,-1,4702,4701,4700,-1,4704,4705,4703,-1,4704,4703,4702,-1,4706,4707,4705,-1,4706,4705,4704,-1,4708,4709,4707,-1,4708,4710,4709,-1,4708,4707,4706,-1,4711,4710,4708,-1,4712,4710,4711,-1,4712,4713,4710,-1,4712,4714,4713,-1,4715,4714,4712,-1,4716,4714,4715,-1,4716,4717,4714,-1,4718,4717,4716,-1,4718,4719,4717,-1,4720,4719,4718,-1,4720,4721,4719,-1,4720,4722,4721,-1,4723,4722,4720,-1,4723,4724,4722,-1,4725,4724,4723,-1,4726,4724,4725,-1,4726,4727,4724,-1,4726,4728,4727,-1,4729,4728,4726,-1,4729,4730,4728,-1,4731,4730,4729,-1,4731,4732,4730,-1,4733,4732,4731,-1,4734,4732,4733,-1,4734,4735,4732,-1,4736,4737,4735,-1,4736,4735,4734,-1,4738,4739,4737,-1,4738,4737,4736,-1,4740,4741,4739,-1,4740,4742,4741,-1,4740,4739,4738,-1,4743,4744,4742,-1,4743,4742,4740,-1,4745,4746,4744,-1,4745,4744,4743,-1,4747,4746,4745,-1,4748,4749,4746,-1,4748,4750,4749,-1,4748,4746,4747,-1,4751,4750,4748,-1,4752,4753,4750,-1,4752,4750,4751,-1,4754,4755,4753,-1,4754,4753,4752,-1,4756,4757,4755,-1,4756,4755,4754,-1,4758,4759,4757,-1,4758,4757,4756,-1,4760,4759,4758,-1,4760,4761,4759,-1,4762,4761,4760,-1,4762,4763,4761,-1,4764,4763,4762,-1,4764,4765,4763,-1,4766,4765,4764,-1,4766,4767,4765,-1,4766,4768,4767,-1,4769,4768,4766,-1,4770,4771,4768,-1,4770,4768,4769,-1,4772,4773,4771,-1,4772,4771,4770,-1,4774,4775,4773,-1,4774,4773,4772,-1,4776,4777,4775,-1,4776,4775,4774,-1,4778,4779,4777,-1,4778,4777,4776,-1,4780,4781,4779,-1,4780,4779,4778,-1,4782,4783,4781,-1,4782,4781,4780,-1,4784,4785,4783,-1,4784,4783,4782,-1,4786,4787,4785,-1,4786,4785,4784,-1,4538,4787,4786,-1,4538,4537,4787,-1,4564,4560,4559,-1,4564,4562,4560,-1,4570,4574,4572,-1,4570,4578,4574,-1,4712,4711,4708,-1,4568,4738,4736,-1,4568,4740,4738,-1,4568,4745,4740,-1,4568,4540,4784,-1,4568,4578,4570,-1,4568,4648,4644,-1,4568,4597,4592,-1,4568,4566,4564,-1,4568,4559,4548,-1,4568,4548,4540,-1,4568,4598,4597,-1,4568,4600,4598,-1,4568,4602,4600,-1,4568,4604,4602,-1,4568,4606,4604,-1,4568,4644,4638,-1,4568,4608,4606,-1,4568,4611,4608,-1,4568,4618,4616,-1,4568,4638,4624,-1,4568,4650,4648,-1,4568,4656,4654,-1,4568,4658,4656,-1,4568,4766,4745,-1,4568,4660,4658,-1,4568,4662,4660,-1,4568,4664,4662,-1,4568,4666,4664,-1,4568,4669,4666,-1,4568,4712,4708,-1,4568,4670,4669,-1,4568,4772,4766,-1,4568,4672,4670,-1,4568,4674,4672,-1,4568,4676,4674,-1,4568,4624,4618,-1,4568,4678,4676,-1,4568,4680,4678,-1,4568,4683,4680,-1,4568,4684,4683,-1,4568,4686,4684,-1,4568,4688,4686,-1,4568,4564,4559,-1,4568,4690,4688,-1,4568,4692,4690,-1,4568,4694,4692,-1,4568,4697,4694,-1,4568,4698,4697,-1,4568,4700,4698,-1,4568,4702,4700,-1,4568,4704,4702,-1,4568,4616,4611,-1,4568,4706,4704,-1,4568,4708,4706,-1,4568,4778,4772,-1,4568,4715,4712,-1,4568,4716,4715,-1,4568,4718,4716,-1,4568,4592,4578,-1,4568,4720,4718,-1,4568,4723,4720,-1,4568,4725,4723,-1,4568,4726,4725,-1,4568,4654,4650,-1,4568,4729,4726,-1,4568,4731,4729,-1,4568,4733,4731,-1,4568,4734,4733,-1,4568,4784,4778,-1,4568,4736,4734,-1,4650,4654,4652,-1,4644,4648,4646,-1,4745,4743,4740,-1,4638,4643,4641,-1,4638,4644,4643,-1,4752,4751,4748,-1,4756,4754,4752,-1,4756,4752,4748,-1,4630,4634,4633,-1,4758,4748,4747,-1,4758,4756,4748,-1,4629,4634,4630,-1,4762,4760,4758,-1,4624,4634,4629,-1,4624,4629,4626,-1,4624,4636,4634,-1,4624,4638,4636,-1,4764,4758,4747,-1,4764,4762,4758,-1,4766,4747,4745,-1,4766,4764,4747,-1,4620,4624,4623,-1,4618,4624,4620,-1,4770,4769,4766,-1,4772,4770,4766,-1,4776,4774,4772,-1,4611,4614,4612,-1,4611,4616,4614,-1,4778,4776,4772,-1,4782,4780,4778,-1,4784,4782,4778,-1,4538,4786,4784,-1,4540,4536,4538,-1,4540,4538,4784,-1,4592,4597,4594,-1,4547,4544,4543,-1,4548,4543,4540,-1,4548,4547,4543,-1,4582,4586,4584,-1,4582,4588,4586,-1,4582,4590,4588,-1,4555,4552,4550,-1,4556,4550,4548,-1,4556,4555,4550,-1,4578,4582,4580,-1,4578,4592,4590,-1,4578,4590,4582,-1,4559,4556,4548,-1,4574,4578,4576,-1,4565,4558,4561,-1,4565,4561,4563,-1,4571,4573,4575,-1,4571,4575,4579,-1,4713,4709,4710,-1,4569,4737,4739,-1,4569,4739,4741,-1,4569,4741,4744,-1,4569,4785,4541,-1,4569,4571,4579,-1,4569,4645,4649,-1,4569,4593,4596,-1,4569,4565,4567,-1,4569,4549,4558,-1,4569,4541,4549,-1,4569,4596,4599,-1,4569,4599,4601,-1,4569,4601,4603,-1,4569,4603,4605,-1,4569,4605,4607,-1,4569,4639,4645,-1,4569,4607,4609,-1,4569,4609,4610,-1,4569,4617,4619,-1,4569,4625,4639,-1,4569,4649,4651,-1,4569,4655,4657,-1,4569,4657,4659,-1,4569,4744,4767,-1,4569,4659,4661,-1,4569,4661,4663,-1,4569,4663,4665,-1,4569,4665,4667,-1,4569,4667,4668,-1,4569,4709,4713,-1,4569,4668,4671,-1,4569,4767,4773,-1,4569,4671,4673,-1,4569,4673,4675,-1,4569,4675,4677,-1,4569,4619,4625,-1,4569,4677,4679,-1,4569,4679,4681,-1,4569,4681,4682,-1,4569,4682,4685,-1,4569,4685,4687,-1,4569,4687,4689,-1,4569,4558,4565,-1,4569,4689,4691,-1,4569,4691,4693,-1,4569,4693,4695,-1,4569,4695,4696,-1,4569,4696,4699,-1,4569,4699,4701,-1,4569,4701,4703,-1,4569,4703,4705,-1,4569,4610,4617,-1,4569,4705,4707,-1,4569,4707,4709,-1,4569,4773,4779,-1,4569,4713,4714,-1,4569,4714,4717,-1,4569,4717,4719,-1,4569,4579,4593,-1,4569,4719,4721,-1,4569,4721,4722,-1,4569,4722,4724,-1,4569,4724,4727,-1,4569,4651,4655,-1,4569,4727,4728,-1,4569,4728,4730,-1,4569,4730,4732,-1,4569,4732,4735,-1,4569,4779,4785,-1,4569,4735,4737,-1,4651,4653,4655,-1,4645,4647,4649,-1,4744,4741,4742,-1,4639,4640,4642,-1,4639,4642,4645,-1,4753,4749,4750,-1,4757,4753,4755,-1,4757,4749,4753,-1,4631,4632,4635,-1,4759,4746,4749,-1,4759,4749,4757,-1,4628,4631,4635,-1,4763,4759,4761,-1,4625,4628,4635,-1,4625,4627,4628,-1,4625,4635,4637,-1,4625,4637,4639,-1,4765,4746,4759,-1,4765,4759,4763,-1,4767,4744,4746,-1,4767,4746,4765,-1,4621,4622,4625,-1,4619,4621,4625,-1,4771,4767,4768,-1,4773,4767,4771,-1,4777,4773,4775,-1,4610,4613,4615,-1,4610,4615,4617,-1,4779,4773,4777,-1,4783,4779,4781,-1,4785,4779,4783,-1,4537,4785,4787,-1,4541,4537,4539,-1,4541,4785,4537,-1,4593,4595,4596,-1,4546,4542,4545,-1,4549,4541,4542,-1,4549,4542,4546,-1,4583,4585,4587,-1,4583,4587,4589,-1,4583,4589,4591,-1,4554,4551,4553,-1,4557,4549,4551,-1,4557,4551,4554,-1,4579,4581,4583,-1,4579,4591,4593,-1,4579,4583,4591,-1,4558,4549,4557,-1,4575,4577,4579,-1,4788,4789,4790,-1,4788,4791,4789,-1,4792,4793,4791,-1,4792,4794,4793,-1,4792,4791,4788,-1,4795,4794,4792,-1,4796,4797,4794,-1,4796,4798,4797,-1,4796,4794,4795,-1,4799,4798,4796,-1,4800,4801,4798,-1,4800,4798,4799,-1,4802,4803,4801,-1,4802,4801,4800,-1,4804,4805,4803,-1,4804,4806,4805,-1,4804,4803,4802,-1,4807,4806,4804,-1,4808,4809,4806,-1,4808,4810,4809,-1,4808,4806,4807,-1,4811,4810,4808,-1,4812,4810,4811,-1,4812,4813,4810,-1,4814,4813,4812,-1,4814,4815,4813,-1,4816,4815,4814,-1,4816,4817,4815,-1,4818,4819,4817,-1,4818,4817,4816,-1,4820,4821,4819,-1,4820,4819,4818,-1,4822,4823,4821,-1,4822,4821,4820,-1,4824,4825,4823,-1,4824,4823,4822,-1,4826,4827,4825,-1,4826,4825,4824,-1,4828,4829,4827,-1,4828,4827,4826,-1,4830,4831,4829,-1,4830,4829,4828,-1,4832,4833,4831,-1,4832,4831,4830,-1,4834,4835,4833,-1,4834,4833,4832,-1,4836,4837,4835,-1,4836,4835,4834,-1,4838,4839,4837,-1,4838,4837,4836,-1,4840,4841,4839,-1,4840,4839,4838,-1,4842,4843,4841,-1,4842,4841,4840,-1,4844,4845,4843,-1,4844,4843,4842,-1,4846,4847,4845,-1,4846,4848,4847,-1,4846,4845,4844,-1,4849,4848,4846,-1,4850,4851,4848,-1,4850,4848,4849,-1,4852,4853,4851,-1,4852,4851,4850,-1,4854,4855,4853,-1,4854,4853,4852,-1,4856,4857,4855,-1,4856,4855,4854,-1,4858,4859,4857,-1,4858,4857,4856,-1,4860,4861,4859,-1,4860,4862,4861,-1,4860,4859,4858,-1,4863,4862,4860,-1,4864,4862,4863,-1,4864,4865,4862,-1,4866,4865,4864,-1,4866,4867,4865,-1,4868,4867,4866,-1,4868,4869,4867,-1,4870,4869,4868,-1,4870,4871,4869,-1,4872,4871,4870,-1,4872,4873,4871,-1,4872,4874,4873,-1,4875,4874,4872,-1,4876,4874,4875,-1,4876,4877,4874,-1,4878,4877,4876,-1,4878,4879,4877,-1,4878,4880,4879,-1,4881,4880,4878,-1,4882,4880,4881,-1,4882,4883,4880,-1,4882,4884,4883,-1,4885,4884,4882,-1,4886,4887,4884,-1,4886,4884,4885,-1,4888,4889,4887,-1,4888,4887,4886,-1,4890,4891,4889,-1,4890,4892,4891,-1,4890,4889,4888,-1,4893,4894,4892,-1,4893,4892,4890,-1,4895,4894,4893,-1,4896,4897,4894,-1,4896,4894,4895,-1,4898,4899,4897,-1,4898,4897,4896,-1,4900,4901,4899,-1,4900,4899,4898,-1,4902,4903,4901,-1,4902,4901,4900,-1,4904,4905,4903,-1,4904,4903,4902,-1,4906,4907,4905,-1,4906,4905,4904,-1,4908,4909,4907,-1,4908,4907,4906,-1,4910,4911,4909,-1,4910,4909,4908,-1,4912,4911,4910,-1,4912,4913,4911,-1,4914,4913,4912,-1,4914,4915,4913,-1,4916,4915,4914,-1,4916,4917,4915,-1,4918,4917,4916,-1,4918,4919,4917,-1,4918,4920,4919,-1,4921,4920,4918,-1,4922,4920,4921,-1,4922,4923,4920,-1,4924,4923,4922,-1,4924,4925,4923,-1,4926,4925,4924,-1,4926,4927,4925,-1,4928,4927,4926,-1,4928,4929,4927,-1,4930,4929,4928,-1,4930,4931,4929,-1,4932,4931,4930,-1,4932,4933,4931,-1,4932,4934,4933,-1,4935,4934,4932,-1,4936,4934,4935,-1,4936,4937,4934,-1,4938,4937,4936,-1,4938,4939,4937,-1,4940,4939,4938,-1,4940,4941,4939,-1,4942,4941,4940,-1,4942,4943,4941,-1,4944,4943,4942,-1,4944,4945,4943,-1,4946,4945,4944,-1,4946,4947,4945,-1,4946,4948,4947,-1,4949,4948,4946,-1,4950,4948,4949,-1,4950,4951,4948,-1,4952,4951,4950,-1,4952,4953,4951,-1,4954,4955,4953,-1,4954,4953,4952,-1,4956,4957,4955,-1,4956,4955,4954,-1,4958,4959,4957,-1,4958,4957,4956,-1,4960,4961,4959,-1,4960,4962,4961,-1,4960,4959,4958,-1,4963,4962,4960,-1,4964,4962,4963,-1,4964,4965,4962,-1,4964,4966,4965,-1,4967,4966,4964,-1,4968,4966,4967,-1,4968,4969,4966,-1,4970,4969,4968,-1,4970,4971,4969,-1,4972,4971,4970,-1,4972,4973,4971,-1,4972,4974,4973,-1,4975,4974,4972,-1,4975,4976,4974,-1,4977,4976,4975,-1,4978,4976,4977,-1,4978,4979,4976,-1,4978,4980,4979,-1,4981,4980,4978,-1,4981,4982,4980,-1,4983,4982,4981,-1,4983,4984,4982,-1,4985,4984,4983,-1,4986,4984,4985,-1,4986,4987,4984,-1,4988,4989,4987,-1,4988,4987,4986,-1,4990,4991,4989,-1,4990,4989,4988,-1,4992,4993,4991,-1,4992,4994,4993,-1,4992,4991,4990,-1,4995,4996,4994,-1,4995,4994,4992,-1,4997,4998,4996,-1,4997,4996,4995,-1,4999,4998,4997,-1,5000,5001,4998,-1,5000,5002,5001,-1,5000,4998,4999,-1,5003,5002,5000,-1,5004,5005,5002,-1,5004,5002,5003,-1,5006,5007,5005,-1,5006,5005,5004,-1,5008,5009,5007,-1,5008,5007,5006,-1,5010,5011,5009,-1,5010,5009,5008,-1,5012,5011,5010,-1,5012,5013,5011,-1,5014,5013,5012,-1,5014,5015,5013,-1,5016,5015,5014,-1,5016,5017,5015,-1,5018,5017,5016,-1,5018,5019,5017,-1,5018,5020,5019,-1,5021,5020,5018,-1,5022,5023,5020,-1,5022,5020,5021,-1,5024,5025,5023,-1,5024,5023,5022,-1,5026,5027,5025,-1,5026,5025,5024,-1,5028,5029,5027,-1,5028,5027,5026,-1,5030,5031,5029,-1,5030,5029,5028,-1,5032,5033,5031,-1,5032,5031,5030,-1,5034,5035,5033,-1,5034,5033,5032,-1,5036,5037,5035,-1,5036,5035,5034,-1,5038,5039,5037,-1,5038,5037,5036,-1,4790,5039,5038,-1,4790,4789,5039,-1,4816,4812,4811,-1,4816,4814,4812,-1,4822,4826,4824,-1,4822,4830,4826,-1,4964,4963,4960,-1,4820,4990,4988,-1,4820,4992,4990,-1,4820,4997,4992,-1,4820,4792,5036,-1,4820,4830,4822,-1,4820,4900,4896,-1,4820,4849,4844,-1,4820,4818,4816,-1,4820,4811,4800,-1,4820,4800,4792,-1,4820,4850,4849,-1,4820,4852,4850,-1,4820,4854,4852,-1,4820,4856,4854,-1,4820,4858,4856,-1,4820,4896,4890,-1,4820,4860,4858,-1,4820,4863,4860,-1,4820,4870,4868,-1,4820,4890,4876,-1,4820,4902,4900,-1,4820,4908,4906,-1,4820,4910,4908,-1,4820,5018,4997,-1,4820,4912,4910,-1,4820,4914,4912,-1,4820,4916,4914,-1,4820,4918,4916,-1,4820,4921,4918,-1,4820,4964,4960,-1,4820,4922,4921,-1,4820,5024,5018,-1,4820,4924,4922,-1,4820,4926,4924,-1,4820,4928,4926,-1,4820,4876,4870,-1,4820,4930,4928,-1,4820,4932,4930,-1,4820,4935,4932,-1,4820,4936,4935,-1,4820,4938,4936,-1,4820,4940,4938,-1,4820,4816,4811,-1,4820,4942,4940,-1,4820,4944,4942,-1,4820,4946,4944,-1,4820,4949,4946,-1,4820,4950,4949,-1,4820,4952,4950,-1,4820,4954,4952,-1,4820,4956,4954,-1,4820,4868,4863,-1,4820,4958,4956,-1,4820,4960,4958,-1,4820,5030,5024,-1,4820,4967,4964,-1,4820,4968,4967,-1,4820,4970,4968,-1,4820,4844,4830,-1,4820,4972,4970,-1,4820,4975,4972,-1,4820,4977,4975,-1,4820,4978,4977,-1,4820,4906,4902,-1,4820,4981,4978,-1,4820,4983,4981,-1,4820,4985,4983,-1,4820,4986,4985,-1,4820,5036,5030,-1,4820,4988,4986,-1,4902,4906,4904,-1,4896,4900,4898,-1,4997,4995,4992,-1,4890,4895,4893,-1,4890,4896,4895,-1,5004,5003,5000,-1,5008,5006,5004,-1,5008,5004,5000,-1,4882,4886,4885,-1,5010,5000,4999,-1,5010,5008,5000,-1,4881,4886,4882,-1,5014,5012,5010,-1,4876,4886,4881,-1,4876,4881,4878,-1,4876,4888,4886,-1,4876,4890,4888,-1,5016,5010,4999,-1,5016,5014,5010,-1,5018,4999,4997,-1,5018,5016,4999,-1,4872,4876,4875,-1,4870,4876,4872,-1,5022,5021,5018,-1,5024,5022,5018,-1,5028,5026,5024,-1,4863,4866,4864,-1,4863,4868,4866,-1,5030,5028,5024,-1,5034,5032,5030,-1,5036,5034,5030,-1,4790,5038,5036,-1,4792,4788,4790,-1,4792,4790,5036,-1,4844,4849,4846,-1,4799,4796,4795,-1,4800,4795,4792,-1,4800,4799,4795,-1,4834,4838,4836,-1,4834,4840,4838,-1,4834,4842,4840,-1,4807,4804,4802,-1,4808,4802,4800,-1,4808,4807,4802,-1,4830,4834,4832,-1,4830,4844,4842,-1,4830,4842,4834,-1,4811,4808,4800,-1,4826,4830,4828,-1,4817,4810,4813,-1,4817,4813,4815,-1,4823,4825,4827,-1,4823,4827,4831,-1,4965,4961,4962,-1,4821,4989,4991,-1,4821,4991,4993,-1,4821,4993,4996,-1,4821,5037,4793,-1,4821,4823,4831,-1,4821,4897,4901,-1,4821,4845,4848,-1,4821,4817,4819,-1,4821,4801,4810,-1,4821,4793,4801,-1,4821,4848,4851,-1,4821,4851,4853,-1,4821,4853,4855,-1,4821,4855,4857,-1,4821,4857,4859,-1,4821,4891,4897,-1,4821,4859,4861,-1,4821,4861,4862,-1,4821,4869,4871,-1,4821,4877,4891,-1,4821,4901,4903,-1,4821,4907,4909,-1,4821,4909,4911,-1,4821,4996,5019,-1,4821,4911,4913,-1,4821,4913,4915,-1,4821,4915,4917,-1,4821,4917,4919,-1,4821,4919,4920,-1,4821,4961,4965,-1,4821,4920,4923,-1,4821,5019,5025,-1,4821,4923,4925,-1,4821,4925,4927,-1,4821,4927,4929,-1,4821,4871,4877,-1,4821,4929,4931,-1,4821,4931,4933,-1,4821,4933,4934,-1,4821,4934,4937,-1,4821,4937,4939,-1,4821,4939,4941,-1,4821,4810,4817,-1,4821,4941,4943,-1,4821,4943,4945,-1,4821,4945,4947,-1,4821,4947,4948,-1,4821,4948,4951,-1,4821,4951,4953,-1,4821,4953,4955,-1,4821,4955,4957,-1,4821,4862,4869,-1,4821,4957,4959,-1,4821,4959,4961,-1,4821,5025,5031,-1,4821,4965,4966,-1,4821,4966,4969,-1,4821,4969,4971,-1,4821,4831,4845,-1,4821,4971,4973,-1,4821,4973,4974,-1,4821,4974,4976,-1,4821,4976,4979,-1,4821,4903,4907,-1,4821,4979,4980,-1,4821,4980,4982,-1,4821,4982,4984,-1,4821,4984,4987,-1,4821,5031,5037,-1,4821,4987,4989,-1,4903,4905,4907,-1,4897,4899,4901,-1,4996,4993,4994,-1,4891,4892,4894,-1,4891,4894,4897,-1,5005,5001,5002,-1,5009,5005,5007,-1,5009,5001,5005,-1,4883,4884,4887,-1,5011,4998,5001,-1,5011,5001,5009,-1,4880,4883,4887,-1,5015,5011,5013,-1,4877,4880,4887,-1,4877,4879,4880,-1,4877,4887,4889,-1,4877,4889,4891,-1,5017,4998,5011,-1,5017,5011,5015,-1,5019,4996,4998,-1,5019,4998,5017,-1,4873,4874,4877,-1,4871,4873,4877,-1,5023,5019,5020,-1,5025,5019,5023,-1,5029,5025,5027,-1,4862,4865,4867,-1,4862,4867,4869,-1,5031,5025,5029,-1,5035,5031,5033,-1,5037,5031,5035,-1,4789,5037,5039,-1,4793,4789,4791,-1,4793,5037,4789,-1,4845,4847,4848,-1,4798,4794,4797,-1,4801,4793,4794,-1,4801,4794,4798,-1,4835,4837,4839,-1,4835,4839,4841,-1,4835,4841,4843,-1,4806,4803,4805,-1,4809,4801,4803,-1,4809,4803,4806,-1,4831,4833,4835,-1,4831,4843,4845,-1,4831,4835,4843,-1,4810,4801,4809,-1,4827,4829,4831,-1,5040,5041,5042,-1,5040,5043,5041,-1,5044,5045,5043,-1,5044,5046,5045,-1,5044,5043,5040,-1,5047,5046,5044,-1,5048,5049,5046,-1,5048,5050,5049,-1,5048,5046,5047,-1,5051,5050,5048,-1,5052,5053,5050,-1,5052,5050,5051,-1,5054,5055,5053,-1,5054,5053,5052,-1,5056,5057,5055,-1,5056,5058,5057,-1,5056,5055,5054,-1,5059,5058,5056,-1,5060,5061,5058,-1,5060,5062,5061,-1,5060,5058,5059,-1,5063,5062,5060,-1,5064,5062,5063,-1,5064,5065,5062,-1,5066,5065,5064,-1,5066,5067,5065,-1,5068,5067,5066,-1,5068,5069,5067,-1,5070,5071,5069,-1,5070,5069,5068,-1,5072,5073,5071,-1,5072,5071,5070,-1,5074,5075,5073,-1,5074,5073,5072,-1,5076,5077,5075,-1,5076,5075,5074,-1,5078,5079,5077,-1,5078,5077,5076,-1,5080,5081,5079,-1,5080,5079,5078,-1,5082,5083,5081,-1,5082,5081,5080,-1,5084,5085,5083,-1,5084,5083,5082,-1,5086,5087,5085,-1,5086,5085,5084,-1,5088,5089,5087,-1,5088,5087,5086,-1,5090,5091,5089,-1,5090,5089,5088,-1,5092,5093,5091,-1,5092,5091,5090,-1,5094,5095,5093,-1,5094,5093,5092,-1,5096,5097,5095,-1,5096,5095,5094,-1,5098,5099,5097,-1,5098,5100,5099,-1,5098,5097,5096,-1,5101,5100,5098,-1,5102,5103,5100,-1,5102,5100,5101,-1,5104,5105,5103,-1,5104,5103,5102,-1,5106,5107,5105,-1,5106,5105,5104,-1,5108,5109,5107,-1,5108,5107,5106,-1,5110,5111,5109,-1,5110,5109,5108,-1,5112,5113,5111,-1,5112,5114,5113,-1,5112,5111,5110,-1,5115,5114,5112,-1,5116,5114,5115,-1,5116,5117,5114,-1,5118,5117,5116,-1,5118,5119,5117,-1,5120,5119,5118,-1,5120,5121,5119,-1,5122,5121,5120,-1,5122,5123,5121,-1,5124,5123,5122,-1,5124,5125,5123,-1,5124,5126,5125,-1,5127,5126,5124,-1,5128,5126,5127,-1,5128,5129,5126,-1,5130,5129,5128,-1,5130,5131,5129,-1,5130,5132,5131,-1,5133,5132,5130,-1,5134,5132,5133,-1,5134,5135,5132,-1,5134,5136,5135,-1,5137,5136,5134,-1,5138,5139,5136,-1,5138,5136,5137,-1,5140,5141,5139,-1,5140,5139,5138,-1,5142,5143,5141,-1,5142,5144,5143,-1,5142,5141,5140,-1,5145,5146,5144,-1,5145,5144,5142,-1,5147,5146,5145,-1,5148,5149,5146,-1,5148,5146,5147,-1,5150,5151,5149,-1,5150,5149,5148,-1,5152,5153,5151,-1,5152,5151,5150,-1,5154,5155,5153,-1,5154,5153,5152,-1,5156,5157,5155,-1,5156,5155,5154,-1,5158,5159,5157,-1,5158,5157,5156,-1,5160,5161,5159,-1,5160,5159,5158,-1,5162,5163,5161,-1,5162,5161,5160,-1,5164,5163,5162,-1,5164,5165,5163,-1,5166,5165,5164,-1,5166,5167,5165,-1,5168,5167,5166,-1,5168,5169,5167,-1,5170,5169,5168,-1,5170,5171,5169,-1,5170,5172,5171,-1,5173,5172,5170,-1,5174,5172,5173,-1,5174,5175,5172,-1,5176,5175,5174,-1,5176,5177,5175,-1,5178,5177,5176,-1,5178,5179,5177,-1,5180,5179,5178,-1,5180,5181,5179,-1,5182,5181,5180,-1,5182,5183,5181,-1,5184,5183,5182,-1,5184,5185,5183,-1,5184,5186,5185,-1,5187,5186,5184,-1,5188,5186,5187,-1,5188,5189,5186,-1,5190,5189,5188,-1,5190,5191,5189,-1,5192,5191,5190,-1,5192,5193,5191,-1,5194,5193,5192,-1,5194,5195,5193,-1,5196,5195,5194,-1,5196,5197,5195,-1,5198,5197,5196,-1,5198,5199,5197,-1,5198,5200,5199,-1,5201,5200,5198,-1,5202,5200,5201,-1,5202,5203,5200,-1,5204,5203,5202,-1,5204,5205,5203,-1,5206,5207,5205,-1,5206,5205,5204,-1,5208,5209,5207,-1,5208,5207,5206,-1,5210,5211,5209,-1,5210,5209,5208,-1,5212,5213,5211,-1,5212,5214,5213,-1,5212,5211,5210,-1,5215,5214,5212,-1,5216,5214,5215,-1,5216,5217,5214,-1,5216,5218,5217,-1,5219,5218,5216,-1,5220,5218,5219,-1,5220,5221,5218,-1,5222,5221,5220,-1,5222,5223,5221,-1,5224,5223,5222,-1,5224,5225,5223,-1,5224,5226,5225,-1,5227,5226,5224,-1,5227,5228,5226,-1,5229,5228,5227,-1,5230,5228,5229,-1,5230,5231,5228,-1,5230,5232,5231,-1,5233,5232,5230,-1,5233,5234,5232,-1,5235,5234,5233,-1,5235,5236,5234,-1,5237,5236,5235,-1,5238,5236,5237,-1,5238,5239,5236,-1,5240,5241,5239,-1,5240,5239,5238,-1,5242,5243,5241,-1,5242,5241,5240,-1,5244,5245,5243,-1,5244,5246,5245,-1,5244,5243,5242,-1,5247,5248,5246,-1,5247,5246,5244,-1,5249,5250,5248,-1,5249,5248,5247,-1,5251,5250,5249,-1,5252,5253,5250,-1,5252,5254,5253,-1,5252,5250,5251,-1,5255,5254,5252,-1,5256,5257,5254,-1,5256,5254,5255,-1,5258,5259,5257,-1,5258,5257,5256,-1,5260,5261,5259,-1,5260,5259,5258,-1,5262,5263,5261,-1,5262,5261,5260,-1,5264,5263,5262,-1,5264,5265,5263,-1,5266,5265,5264,-1,5266,5267,5265,-1,5268,5267,5266,-1,5268,5269,5267,-1,5270,5269,5268,-1,5270,5271,5269,-1,5270,5272,5271,-1,5273,5272,5270,-1,5274,5275,5272,-1,5274,5272,5273,-1,5276,5277,5275,-1,5276,5275,5274,-1,5278,5279,5277,-1,5278,5277,5276,-1,5280,5281,5279,-1,5280,5279,5278,-1,5282,5283,5281,-1,5282,5281,5280,-1,5284,5285,5283,-1,5284,5283,5282,-1,5286,5287,5285,-1,5286,5285,5284,-1,5288,5289,5287,-1,5288,5287,5286,-1,5290,5291,5289,-1,5290,5289,5288,-1,5042,5291,5290,-1,5042,5041,5291,-1,5068,5064,5063,-1,5068,5066,5064,-1,5074,5078,5076,-1,5074,5082,5078,-1,5216,5215,5212,-1,5072,5242,5240,-1,5072,5244,5242,-1,5072,5249,5244,-1,5072,5044,5288,-1,5072,5082,5074,-1,5072,5152,5148,-1,5072,5101,5096,-1,5072,5070,5068,-1,5072,5063,5052,-1,5072,5052,5044,-1,5072,5102,5101,-1,5072,5104,5102,-1,5072,5106,5104,-1,5072,5108,5106,-1,5072,5110,5108,-1,5072,5148,5142,-1,5072,5112,5110,-1,5072,5115,5112,-1,5072,5122,5120,-1,5072,5142,5128,-1,5072,5154,5152,-1,5072,5160,5158,-1,5072,5162,5160,-1,5072,5270,5249,-1,5072,5164,5162,-1,5072,5166,5164,-1,5072,5168,5166,-1,5072,5170,5168,-1,5072,5173,5170,-1,5072,5216,5212,-1,5072,5174,5173,-1,5072,5276,5270,-1,5072,5176,5174,-1,5072,5178,5176,-1,5072,5180,5178,-1,5072,5128,5122,-1,5072,5182,5180,-1,5072,5184,5182,-1,5072,5187,5184,-1,5072,5188,5187,-1,5072,5190,5188,-1,5072,5192,5190,-1,5072,5068,5063,-1,5072,5194,5192,-1,5072,5196,5194,-1,5072,5198,5196,-1,5072,5201,5198,-1,5072,5202,5201,-1,5072,5204,5202,-1,5072,5206,5204,-1,5072,5208,5206,-1,5072,5120,5115,-1,5072,5210,5208,-1,5072,5212,5210,-1,5072,5282,5276,-1,5072,5219,5216,-1,5072,5220,5219,-1,5072,5222,5220,-1,5072,5096,5082,-1,5072,5224,5222,-1,5072,5227,5224,-1,5072,5229,5227,-1,5072,5230,5229,-1,5072,5158,5154,-1,5072,5233,5230,-1,5072,5235,5233,-1,5072,5237,5235,-1,5072,5238,5237,-1,5072,5288,5282,-1,5072,5240,5238,-1,5154,5158,5156,-1,5148,5152,5150,-1,5249,5247,5244,-1,5142,5147,5145,-1,5142,5148,5147,-1,5256,5255,5252,-1,5260,5258,5256,-1,5260,5256,5252,-1,5134,5138,5137,-1,5262,5252,5251,-1,5262,5260,5252,-1,5133,5138,5134,-1,5266,5264,5262,-1,5128,5138,5133,-1,5128,5133,5130,-1,5128,5140,5138,-1,5128,5142,5140,-1,5268,5262,5251,-1,5268,5266,5262,-1,5270,5251,5249,-1,5270,5268,5251,-1,5124,5128,5127,-1,5122,5128,5124,-1,5274,5273,5270,-1,5276,5274,5270,-1,5280,5278,5276,-1,5115,5118,5116,-1,5115,5120,5118,-1,5282,5280,5276,-1,5286,5284,5282,-1,5288,5286,5282,-1,5042,5290,5288,-1,5044,5040,5042,-1,5044,5042,5288,-1,5096,5101,5098,-1,5051,5048,5047,-1,5052,5047,5044,-1,5052,5051,5047,-1,5086,5090,5088,-1,5086,5092,5090,-1,5086,5094,5092,-1,5059,5056,5054,-1,5060,5054,5052,-1,5060,5059,5054,-1,5082,5086,5084,-1,5082,5096,5094,-1,5082,5094,5086,-1,5063,5060,5052,-1,5078,5082,5080,-1,5069,5062,5065,-1,5069,5065,5067,-1,5075,5077,5079,-1,5075,5079,5083,-1,5217,5213,5214,-1,5073,5241,5243,-1,5073,5243,5245,-1,5073,5245,5248,-1,5073,5289,5045,-1,5073,5075,5083,-1,5073,5149,5153,-1,5073,5097,5100,-1,5073,5069,5071,-1,5073,5053,5062,-1,5073,5045,5053,-1,5073,5100,5103,-1,5073,5103,5105,-1,5073,5105,5107,-1,5073,5107,5109,-1,5073,5109,5111,-1,5073,5143,5149,-1,5073,5111,5113,-1,5073,5113,5114,-1,5073,5121,5123,-1,5073,5129,5143,-1,5073,5153,5155,-1,5073,5159,5161,-1,5073,5161,5163,-1,5073,5248,5271,-1,5073,5163,5165,-1,5073,5165,5167,-1,5073,5167,5169,-1,5073,5169,5171,-1,5073,5171,5172,-1,5073,5213,5217,-1,5073,5172,5175,-1,5073,5271,5277,-1,5073,5175,5177,-1,5073,5177,5179,-1,5073,5179,5181,-1,5073,5123,5129,-1,5073,5181,5183,-1,5073,5183,5185,-1,5073,5185,5186,-1,5073,5186,5189,-1,5073,5189,5191,-1,5073,5191,5193,-1,5073,5062,5069,-1,5073,5193,5195,-1,5073,5195,5197,-1,5073,5197,5199,-1,5073,5199,5200,-1,5073,5200,5203,-1,5073,5203,5205,-1,5073,5205,5207,-1,5073,5207,5209,-1,5073,5114,5121,-1,5073,5209,5211,-1,5073,5211,5213,-1,5073,5277,5283,-1,5073,5217,5218,-1,5073,5218,5221,-1,5073,5221,5223,-1,5073,5083,5097,-1,5073,5223,5225,-1,5073,5225,5226,-1,5073,5226,5228,-1,5073,5228,5231,-1,5073,5155,5159,-1,5073,5231,5232,-1,5073,5232,5234,-1,5073,5234,5236,-1,5073,5236,5239,-1,5073,5283,5289,-1,5073,5239,5241,-1,5155,5157,5159,-1,5149,5151,5153,-1,5248,5245,5246,-1,5143,5144,5146,-1,5143,5146,5149,-1,5257,5253,5254,-1,5261,5257,5259,-1,5261,5253,5257,-1,5135,5136,5139,-1,5263,5250,5253,-1,5263,5253,5261,-1,5132,5135,5139,-1,5267,5263,5265,-1,5129,5132,5139,-1,5129,5131,5132,-1,5129,5139,5141,-1,5129,5141,5143,-1,5269,5250,5263,-1,5269,5263,5267,-1,5271,5248,5250,-1,5271,5250,5269,-1,5125,5126,5129,-1,5123,5125,5129,-1,5275,5271,5272,-1,5277,5271,5275,-1,5281,5277,5279,-1,5114,5117,5119,-1,5114,5119,5121,-1,5283,5277,5281,-1,5287,5283,5285,-1,5289,5283,5287,-1,5041,5289,5291,-1,5045,5041,5043,-1,5045,5289,5041,-1,5097,5099,5100,-1,5050,5046,5049,-1,5053,5045,5046,-1,5053,5046,5050,-1,5087,5089,5091,-1,5087,5091,5093,-1,5087,5093,5095,-1,5058,5055,5057,-1,5061,5053,5055,-1,5061,5055,5058,-1,5083,5085,5087,-1,5083,5095,5097,-1,5083,5087,5095,-1,5062,5053,5061,-1,5079,5081,5083,-1,5292,5293,5294,-1,5292,5295,5293,-1,5296,5297,5295,-1,5296,5298,5297,-1,5296,5295,5292,-1,5299,5298,5296,-1,5300,5301,5298,-1,5300,5302,5301,-1,5300,5298,5299,-1,5303,5302,5300,-1,5304,5305,5302,-1,5304,5302,5303,-1,5306,5307,5305,-1,5306,5305,5304,-1,5308,5309,5307,-1,5308,5310,5309,-1,5308,5307,5306,-1,5311,5310,5308,-1,5312,5313,5310,-1,5312,5314,5313,-1,5312,5310,5311,-1,5315,5314,5312,-1,5316,5314,5315,-1,5316,5317,5314,-1,5318,5317,5316,-1,5318,5319,5317,-1,5320,5319,5318,-1,5320,5321,5319,-1,5322,5323,5321,-1,5322,5321,5320,-1,5324,5325,5323,-1,5324,5323,5322,-1,5326,5327,5325,-1,5326,5325,5324,-1,5328,5329,5327,-1,5328,5327,5326,-1,5330,5331,5329,-1,5330,5329,5328,-1,5332,5333,5331,-1,5332,5331,5330,-1,5334,5335,5333,-1,5334,5333,5332,-1,5336,5337,5335,-1,5336,5335,5334,-1,5338,5339,5337,-1,5338,5337,5336,-1,5340,5341,5339,-1,5340,5339,5338,-1,5342,5343,5341,-1,5342,5341,5340,-1,5344,5345,5343,-1,5344,5343,5342,-1,5346,5347,5345,-1,5346,5345,5344,-1,5348,5349,5347,-1,5348,5347,5346,-1,5350,5351,5349,-1,5350,5352,5351,-1,5350,5349,5348,-1,5353,5352,5350,-1,5354,5355,5352,-1,5354,5352,5353,-1,5356,5357,5355,-1,5356,5355,5354,-1,5358,5359,5357,-1,5358,5357,5356,-1,5360,5361,5359,-1,5360,5359,5358,-1,5362,5363,5361,-1,5362,5361,5360,-1,5364,5365,5363,-1,5364,5366,5365,-1,5364,5363,5362,-1,5367,5366,5364,-1,5368,5366,5367,-1,5368,5369,5366,-1,5370,5369,5368,-1,5370,5371,5369,-1,5372,5371,5370,-1,5372,5373,5371,-1,5374,5373,5372,-1,5374,5375,5373,-1,5376,5375,5374,-1,5376,5377,5375,-1,5376,5378,5377,-1,5379,5378,5376,-1,5380,5378,5379,-1,5380,5381,5378,-1,5382,5381,5380,-1,5382,5383,5381,-1,5382,5384,5383,-1,5385,5384,5382,-1,5386,5384,5385,-1,5386,5387,5384,-1,5386,5388,5387,-1,5389,5388,5386,-1,5390,5391,5388,-1,5390,5388,5389,-1,5392,5393,5391,-1,5392,5391,5390,-1,5394,5395,5393,-1,5394,5396,5395,-1,5394,5393,5392,-1,5397,5398,5396,-1,5397,5396,5394,-1,5399,5398,5397,-1,5400,5401,5398,-1,5400,5398,5399,-1,5402,5403,5401,-1,5402,5401,5400,-1,5404,5405,5403,-1,5404,5403,5402,-1,5406,5407,5405,-1,5406,5405,5404,-1,5408,5409,5407,-1,5408,5407,5406,-1,5410,5411,5409,-1,5410,5409,5408,-1,5412,5413,5411,-1,5412,5411,5410,-1,5414,5415,5413,-1,5414,5413,5412,-1,5416,5415,5414,-1,5416,5417,5415,-1,5418,5417,5416,-1,5418,5419,5417,-1,5420,5419,5418,-1,5420,5421,5419,-1,5422,5421,5420,-1,5422,5423,5421,-1,5422,5424,5423,-1,5425,5424,5422,-1,5426,5424,5425,-1,5426,5427,5424,-1,5428,5427,5426,-1,5428,5429,5427,-1,5430,5429,5428,-1,5430,5431,5429,-1,5432,5431,5430,-1,5432,5433,5431,-1,5434,5433,5432,-1,5434,5435,5433,-1,5436,5435,5434,-1,5436,5437,5435,-1,5436,5438,5437,-1,5439,5438,5436,-1,5440,5438,5439,-1,5440,5441,5438,-1,5442,5441,5440,-1,5442,5443,5441,-1,5444,5443,5442,-1,5444,5445,5443,-1,5446,5445,5444,-1,5446,5447,5445,-1,5448,5447,5446,-1,5448,5449,5447,-1,5450,5449,5448,-1,5450,5451,5449,-1,5450,5452,5451,-1,5453,5452,5450,-1,5454,5452,5453,-1,5454,5455,5452,-1,5456,5455,5454,-1,5456,5457,5455,-1,5458,5459,5457,-1,5458,5457,5456,-1,5460,5461,5459,-1,5460,5459,5458,-1,5462,5463,5461,-1,5462,5461,5460,-1,5464,5465,5463,-1,5464,5466,5465,-1,5464,5463,5462,-1,5467,5466,5464,-1,5468,5466,5467,-1,5468,5469,5466,-1,5468,5470,5469,-1,5471,5470,5468,-1,5472,5470,5471,-1,5472,5473,5470,-1,5474,5473,5472,-1,5474,5475,5473,-1,5476,5475,5474,-1,5476,5477,5475,-1,5476,5478,5477,-1,5479,5478,5476,-1,5479,5480,5478,-1,5481,5480,5479,-1,5482,5480,5481,-1,5482,5483,5480,-1,5482,5484,5483,-1,5485,5484,5482,-1,5485,5486,5484,-1,5487,5486,5485,-1,5487,5488,5486,-1,5489,5488,5487,-1,5490,5488,5489,-1,5490,5491,5488,-1,5492,5493,5491,-1,5492,5491,5490,-1,5494,5495,5493,-1,5494,5493,5492,-1,5496,5497,5495,-1,5496,5498,5497,-1,5496,5495,5494,-1,5499,5500,5498,-1,5499,5498,5496,-1,5501,5502,5500,-1,5501,5500,5499,-1,5503,5502,5501,-1,5504,5505,5502,-1,5504,5506,5505,-1,5504,5502,5503,-1,5507,5506,5504,-1,5508,5509,5506,-1,5508,5506,5507,-1,5510,5511,5509,-1,5510,5509,5508,-1,5512,5513,5511,-1,5512,5511,5510,-1,5514,5515,5513,-1,5514,5513,5512,-1,5516,5515,5514,-1,5516,5517,5515,-1,5518,5517,5516,-1,5518,5519,5517,-1,5520,5519,5518,-1,5520,5521,5519,-1,5522,5521,5520,-1,5522,5523,5521,-1,5522,5524,5523,-1,5525,5524,5522,-1,5526,5527,5524,-1,5526,5524,5525,-1,5528,5529,5527,-1,5528,5527,5526,-1,5530,5531,5529,-1,5530,5529,5528,-1,5532,5533,5531,-1,5532,5531,5530,-1,5534,5535,5533,-1,5534,5533,5532,-1,5536,5537,5535,-1,5536,5535,5534,-1,5538,5539,5537,-1,5538,5537,5536,-1,5540,5541,5539,-1,5540,5539,5538,-1,5542,5543,5541,-1,5542,5541,5540,-1,5294,5543,5542,-1,5294,5293,5543,-1,5320,5316,5315,-1,5320,5318,5316,-1,5326,5330,5328,-1,5326,5334,5330,-1,5468,5467,5464,-1,5324,5494,5492,-1,5324,5496,5494,-1,5324,5501,5496,-1,5324,5296,5540,-1,5324,5334,5326,-1,5324,5404,5400,-1,5324,5353,5348,-1,5324,5322,5320,-1,5324,5315,5304,-1,5324,5304,5296,-1,5324,5354,5353,-1,5324,5356,5354,-1,5324,5358,5356,-1,5324,5360,5358,-1,5324,5362,5360,-1,5324,5400,5394,-1,5324,5364,5362,-1,5324,5367,5364,-1,5324,5374,5372,-1,5324,5394,5380,-1,5324,5406,5404,-1,5324,5412,5410,-1,5324,5414,5412,-1,5324,5522,5501,-1,5324,5416,5414,-1,5324,5418,5416,-1,5324,5420,5418,-1,5324,5422,5420,-1,5324,5425,5422,-1,5324,5468,5464,-1,5324,5426,5425,-1,5324,5528,5522,-1,5324,5428,5426,-1,5324,5430,5428,-1,5324,5432,5430,-1,5324,5380,5374,-1,5324,5434,5432,-1,5324,5436,5434,-1,5324,5439,5436,-1,5324,5440,5439,-1,5324,5442,5440,-1,5324,5444,5442,-1,5324,5320,5315,-1,5324,5446,5444,-1,5324,5448,5446,-1,5324,5450,5448,-1,5324,5453,5450,-1,5324,5454,5453,-1,5324,5456,5454,-1,5324,5458,5456,-1,5324,5460,5458,-1,5324,5372,5367,-1,5324,5462,5460,-1,5324,5464,5462,-1,5324,5534,5528,-1,5324,5471,5468,-1,5324,5472,5471,-1,5324,5474,5472,-1,5324,5348,5334,-1,5324,5476,5474,-1,5324,5479,5476,-1,5324,5481,5479,-1,5324,5482,5481,-1,5324,5410,5406,-1,5324,5485,5482,-1,5324,5487,5485,-1,5324,5489,5487,-1,5324,5490,5489,-1,5324,5540,5534,-1,5324,5492,5490,-1,5406,5410,5408,-1,5400,5404,5402,-1,5501,5499,5496,-1,5394,5399,5397,-1,5394,5400,5399,-1,5508,5507,5504,-1,5512,5510,5508,-1,5512,5508,5504,-1,5386,5390,5389,-1,5514,5504,5503,-1,5514,5512,5504,-1,5385,5390,5386,-1,5518,5516,5514,-1,5380,5390,5385,-1,5380,5385,5382,-1,5380,5392,5390,-1,5380,5394,5392,-1,5520,5514,5503,-1,5520,5518,5514,-1,5522,5503,5501,-1,5522,5520,5503,-1,5376,5380,5379,-1,5374,5380,5376,-1,5526,5525,5522,-1,5528,5526,5522,-1,5532,5530,5528,-1,5367,5370,5368,-1,5367,5372,5370,-1,5534,5532,5528,-1,5538,5536,5534,-1,5540,5538,5534,-1,5294,5542,5540,-1,5296,5292,5294,-1,5296,5294,5540,-1,5348,5353,5350,-1,5303,5300,5299,-1,5304,5299,5296,-1,5304,5303,5299,-1,5338,5342,5340,-1,5338,5344,5342,-1,5338,5346,5344,-1,5311,5308,5306,-1,5312,5306,5304,-1,5312,5311,5306,-1,5334,5338,5336,-1,5334,5348,5346,-1,5334,5346,5338,-1,5315,5312,5304,-1,5330,5334,5332,-1,5321,5314,5317,-1,5321,5317,5319,-1,5327,5329,5331,-1,5327,5331,5335,-1,5469,5465,5466,-1,5325,5493,5495,-1,5325,5495,5497,-1,5325,5497,5500,-1,5325,5541,5297,-1,5325,5327,5335,-1,5325,5401,5405,-1,5325,5349,5352,-1,5325,5321,5323,-1,5325,5305,5314,-1,5325,5297,5305,-1,5325,5352,5355,-1,5325,5355,5357,-1,5325,5357,5359,-1,5325,5359,5361,-1,5325,5361,5363,-1,5325,5395,5401,-1,5325,5363,5365,-1,5325,5365,5366,-1,5325,5373,5375,-1,5325,5381,5395,-1,5325,5405,5407,-1,5325,5411,5413,-1,5325,5413,5415,-1,5325,5500,5523,-1,5325,5415,5417,-1,5325,5417,5419,-1,5325,5419,5421,-1,5325,5421,5423,-1,5325,5423,5424,-1,5325,5465,5469,-1,5325,5424,5427,-1,5325,5523,5529,-1,5325,5427,5429,-1,5325,5429,5431,-1,5325,5431,5433,-1,5325,5375,5381,-1,5325,5433,5435,-1,5325,5435,5437,-1,5325,5437,5438,-1,5325,5438,5441,-1,5325,5441,5443,-1,5325,5443,5445,-1,5325,5314,5321,-1,5325,5445,5447,-1,5325,5447,5449,-1,5325,5449,5451,-1,5325,5451,5452,-1,5325,5452,5455,-1,5325,5455,5457,-1,5325,5457,5459,-1,5325,5459,5461,-1,5325,5366,5373,-1,5325,5461,5463,-1,5325,5463,5465,-1,5325,5529,5535,-1,5325,5469,5470,-1,5325,5470,5473,-1,5325,5473,5475,-1,5325,5335,5349,-1,5325,5475,5477,-1,5325,5477,5478,-1,5325,5478,5480,-1,5325,5480,5483,-1,5325,5407,5411,-1,5325,5483,5484,-1,5325,5484,5486,-1,5325,5486,5488,-1,5325,5488,5491,-1,5325,5535,5541,-1,5325,5491,5493,-1,5407,5409,5411,-1,5401,5403,5405,-1,5500,5497,5498,-1,5395,5396,5398,-1,5395,5398,5401,-1,5509,5505,5506,-1,5513,5509,5511,-1,5513,5505,5509,-1,5387,5388,5391,-1,5515,5502,5505,-1,5515,5505,5513,-1,5384,5387,5391,-1,5519,5515,5517,-1,5381,5384,5391,-1,5381,5383,5384,-1,5381,5391,5393,-1,5381,5393,5395,-1,5521,5502,5515,-1,5521,5515,5519,-1,5523,5500,5502,-1,5523,5502,5521,-1,5377,5378,5381,-1,5375,5377,5381,-1,5527,5523,5524,-1,5529,5523,5527,-1,5533,5529,5531,-1,5366,5369,5371,-1,5366,5371,5373,-1,5535,5529,5533,-1,5539,5535,5537,-1,5541,5535,5539,-1,5293,5541,5543,-1,5297,5293,5295,-1,5297,5541,5293,-1,5349,5351,5352,-1,5302,5298,5301,-1,5305,5297,5298,-1,5305,5298,5302,-1,5339,5341,5343,-1,5339,5343,5345,-1,5339,5345,5347,-1,5310,5307,5309,-1,5313,5305,5307,-1,5313,5307,5310,-1,5335,5337,5339,-1,5335,5347,5349,-1,5335,5339,5347,-1,5314,5305,5313,-1,5331,5333,5335,-1,5544,5545,5546,-1,5544,5547,5545,-1,5548,5549,5547,-1,5548,5550,5549,-1,5548,5547,5544,-1,5551,5550,5548,-1,5552,5553,5550,-1,5552,5554,5553,-1,5552,5550,5551,-1,5555,5554,5552,-1,5556,5557,5554,-1,5556,5554,5555,-1,5558,5559,5557,-1,5558,5557,5556,-1,5560,5561,5559,-1,5560,5562,5561,-1,5560,5559,5558,-1,5563,5562,5560,-1,5564,5565,5562,-1,5564,5566,5565,-1,5564,5562,5563,-1,5567,5566,5564,-1,5568,5566,5567,-1,5568,5569,5566,-1,5570,5569,5568,-1,5570,5571,5569,-1,5572,5571,5570,-1,5572,5573,5571,-1,5574,5575,5573,-1,5574,5573,5572,-1,5576,5577,5575,-1,5576,5575,5574,-1,5578,5579,5577,-1,5578,5577,5576,-1,5580,5581,5579,-1,5580,5579,5578,-1,5582,5583,5581,-1,5582,5581,5580,-1,5584,5585,5583,-1,5584,5583,5582,-1,5586,5587,5585,-1,5586,5585,5584,-1,5588,5589,5587,-1,5588,5587,5586,-1,5590,5591,5589,-1,5590,5589,5588,-1,5592,5593,5591,-1,5592,5591,5590,-1,5594,5595,5593,-1,5594,5593,5592,-1,5596,5597,5595,-1,5596,5595,5594,-1,5598,5599,5597,-1,5598,5597,5596,-1,5600,5601,5599,-1,5600,5599,5598,-1,5602,5603,5601,-1,5602,5604,5603,-1,5602,5601,5600,-1,5605,5604,5602,-1,5606,5607,5604,-1,5606,5604,5605,-1,5608,5609,5607,-1,5608,5607,5606,-1,5610,5611,5609,-1,5610,5609,5608,-1,5612,5613,5611,-1,5612,5611,5610,-1,5614,5615,5613,-1,5614,5613,5612,-1,5616,5617,5615,-1,5616,5618,5617,-1,5616,5615,5614,-1,5619,5618,5616,-1,5620,5618,5619,-1,5620,5621,5618,-1,5622,5621,5620,-1,5622,5623,5621,-1,5624,5623,5622,-1,5624,5625,5623,-1,5626,5625,5624,-1,5626,5627,5625,-1,5628,5627,5626,-1,5628,5629,5627,-1,5628,5630,5629,-1,5631,5630,5628,-1,5632,5630,5631,-1,5632,5633,5630,-1,5634,5633,5632,-1,5634,5635,5633,-1,5634,5636,5635,-1,5637,5636,5634,-1,5638,5636,5637,-1,5638,5639,5636,-1,5638,5640,5639,-1,5641,5640,5638,-1,5642,5643,5640,-1,5642,5640,5641,-1,5644,5645,5643,-1,5644,5643,5642,-1,5646,5647,5645,-1,5646,5648,5647,-1,5646,5645,5644,-1,5649,5650,5648,-1,5649,5648,5646,-1,5651,5650,5649,-1,5652,5653,5650,-1,5652,5650,5651,-1,5654,5655,5653,-1,5654,5653,5652,-1,5656,5657,5655,-1,5656,5655,5654,-1,5658,5659,5657,-1,5658,5657,5656,-1,5660,5661,5659,-1,5660,5659,5658,-1,5662,5663,5661,-1,5662,5661,5660,-1,5664,5665,5663,-1,5664,5663,5662,-1,5666,5667,5665,-1,5666,5665,5664,-1,5668,5667,5666,-1,5668,5669,5667,-1,5670,5669,5668,-1,5670,5671,5669,-1,5672,5671,5670,-1,5672,5673,5671,-1,5674,5673,5672,-1,5674,5675,5673,-1,5674,5676,5675,-1,5677,5676,5674,-1,5678,5676,5677,-1,5678,5679,5676,-1,5680,5679,5678,-1,5680,5681,5679,-1,5682,5681,5680,-1,5682,5683,5681,-1,5684,5683,5682,-1,5684,5685,5683,-1,5686,5685,5684,-1,5686,5687,5685,-1,5688,5687,5686,-1,5688,5689,5687,-1,5688,5690,5689,-1,5691,5690,5688,-1,5692,5690,5691,-1,5692,5693,5690,-1,5694,5693,5692,-1,5694,5695,5693,-1,5696,5695,5694,-1,5696,5697,5695,-1,5698,5697,5696,-1,5698,5699,5697,-1,5700,5699,5698,-1,5700,5701,5699,-1,5702,5701,5700,-1,5702,5703,5701,-1,5702,5704,5703,-1,5705,5704,5702,-1,5706,5704,5705,-1,5706,5707,5704,-1,5708,5707,5706,-1,5708,5709,5707,-1,5710,5711,5709,-1,5710,5709,5708,-1,5712,5713,5711,-1,5712,5711,5710,-1,5714,5715,5713,-1,5714,5713,5712,-1,5716,5717,5715,-1,5716,5718,5717,-1,5716,5715,5714,-1,5719,5718,5716,-1,5720,5718,5719,-1,5720,5721,5718,-1,5720,5722,5721,-1,5723,5722,5720,-1,5724,5722,5723,-1,5724,5725,5722,-1,5726,5725,5724,-1,5726,5727,5725,-1,5728,5727,5726,-1,5728,5729,5727,-1,5728,5730,5729,-1,5731,5730,5728,-1,5731,5732,5730,-1,5733,5732,5731,-1,5734,5732,5733,-1,5734,5735,5732,-1,5734,5736,5735,-1,5737,5736,5734,-1,5737,5738,5736,-1,5739,5738,5737,-1,5739,5740,5738,-1,5741,5740,5739,-1,5742,5740,5741,-1,5742,5743,5740,-1,5744,5745,5743,-1,5744,5743,5742,-1,5746,5747,5745,-1,5746,5745,5744,-1,5748,5749,5747,-1,5748,5750,5749,-1,5748,5747,5746,-1,5751,5752,5750,-1,5751,5750,5748,-1,5753,5754,5752,-1,5753,5752,5751,-1,5755,5754,5753,-1,5756,5757,5754,-1,5756,5758,5757,-1,5756,5754,5755,-1,5759,5758,5756,-1,5760,5761,5758,-1,5760,5758,5759,-1,5762,5763,5761,-1,5762,5761,5760,-1,5764,5765,5763,-1,5764,5763,5762,-1,5766,5767,5765,-1,5766,5765,5764,-1,5768,5767,5766,-1,5768,5769,5767,-1,5770,5769,5768,-1,5770,5771,5769,-1,5772,5771,5770,-1,5772,5773,5771,-1,5774,5773,5772,-1,5774,5775,5773,-1,5774,5776,5775,-1,5777,5776,5774,-1,5778,5779,5776,-1,5778,5776,5777,-1,5780,5781,5779,-1,5780,5779,5778,-1,5782,5783,5781,-1,5782,5781,5780,-1,5784,5785,5783,-1,5784,5783,5782,-1,5786,5787,5785,-1,5786,5785,5784,-1,5788,5789,5787,-1,5788,5787,5786,-1,5790,5791,5789,-1,5790,5789,5788,-1,5792,5793,5791,-1,5792,5791,5790,-1,5794,5795,5793,-1,5794,5793,5792,-1,5546,5795,5794,-1,5546,5545,5795,-1,5572,5570,5568,-1,5572,5568,5563,-1,5578,5594,5590,-1,5578,5582,5580,-1,5578,5584,5582,-1,5578,5590,5584,-1,5574,5563,5560,-1,5574,5572,5563,-1,5576,5746,5744,-1,5576,5556,5782,-1,5576,5744,5737,-1,5576,5560,5556,-1,5576,5610,5594,-1,5576,5756,5751,-1,5576,5642,5637,-1,5576,5612,5610,-1,5576,5614,5612,-1,5576,5616,5614,-1,5576,5619,5616,-1,5576,5762,5756,-1,5576,5631,5628,-1,5576,5649,5642,-1,5576,5632,5631,-1,5576,5634,5632,-1,5576,5637,5634,-1,5576,5651,5649,-1,5576,5594,5578,-1,5576,5658,5656,-1,5576,5660,5658,-1,5576,5662,5660,-1,5576,5574,5560,-1,5576,5664,5662,-1,5576,5666,5664,-1,5576,5778,5774,-1,5576,5668,5666,-1,5576,5774,5762,-1,5576,5670,5668,-1,5576,5672,5670,-1,5576,5674,5672,-1,5576,5677,5674,-1,5576,5678,5677,-1,5576,5680,5678,-1,5576,5682,5680,-1,5576,5684,5682,-1,5576,5686,5684,-1,5576,5688,5686,-1,5576,5691,5688,-1,5576,5692,5691,-1,5576,5628,5619,-1,5576,5694,5692,-1,5576,5696,5694,-1,5576,5698,5696,-1,5576,5700,5698,-1,5576,5702,5700,-1,5576,5705,5702,-1,5576,5706,5705,-1,5576,5708,5706,-1,5576,5710,5708,-1,5576,5782,5778,-1,5576,5712,5710,-1,5576,5714,5712,-1,5576,5716,5714,-1,5576,5719,5716,-1,5576,5720,5719,-1,5576,5656,5651,-1,5576,5723,5720,-1,5576,5724,5723,-1,5576,5726,5724,-1,5576,5728,5726,-1,5576,5731,5728,-1,5576,5733,5731,-1,5576,5734,5733,-1,5576,5737,5734,-1,5576,5751,5746,-1,5744,5739,5737,-1,5744,5741,5739,-1,5744,5742,5741,-1,5751,5748,5746,-1,5651,5654,5652,-1,5651,5656,5654,-1,5756,5753,5751,-1,5756,5755,5753,-1,5760,5759,5756,-1,5642,5646,5644,-1,5642,5649,5646,-1,5762,5760,5756,-1,5638,5642,5641,-1,5637,5642,5638,-1,5768,5766,5764,-1,5770,5768,5764,-1,5772,5770,5764,-1,5774,5764,5762,-1,5774,5772,5764,-1,5778,5777,5774,-1,5622,5626,5624,-1,5782,5780,5778,-1,5619,5622,5620,-1,5619,5628,5626,-1,5619,5626,5622,-1,5790,5788,5786,-1,5546,5794,5792,-1,5551,5544,5546,-1,5551,5548,5544,-1,5551,5546,5792,-1,5598,5602,5600,-1,5556,5552,5551,-1,5556,5555,5552,-1,5556,5784,5782,-1,5556,5786,5784,-1,5556,5792,5790,-1,5556,5790,5786,-1,5556,5551,5792,-1,5594,5598,5596,-1,5594,5605,5602,-1,5594,5606,5605,-1,5594,5608,5606,-1,5594,5610,5608,-1,5594,5602,5598,-1,5560,5558,5556,-1,5590,5594,5592,-1,5584,5588,5586,-1,5584,5590,5588,-1,5568,5564,5563,-1,5568,5567,5564,-1,5573,5569,5571,-1,5573,5562,5569,-1,5579,5591,5595,-1,5579,5581,5583,-1,5579,5583,5585,-1,5579,5585,5591,-1,5575,5561,5562,-1,5575,5562,5573,-1,5577,5745,5747,-1,5577,5783,5557,-1,5577,5736,5745,-1,5577,5557,5561,-1,5577,5595,5611,-1,5577,5750,5757,-1,5577,5636,5643,-1,5577,5611,5613,-1,5577,5613,5615,-1,5577,5615,5617,-1,5577,5617,5618,-1,5577,5757,5763,-1,5577,5629,5630,-1,5577,5643,5648,-1,5577,5630,5633,-1,5577,5633,5635,-1,5577,5635,5636,-1,5577,5648,5650,-1,5577,5579,5595,-1,5577,5657,5659,-1,5577,5659,5661,-1,5577,5661,5663,-1,5577,5561,5575,-1,5577,5663,5665,-1,5577,5665,5667,-1,5577,5775,5779,-1,5577,5667,5669,-1,5577,5763,5775,-1,5577,5669,5671,-1,5577,5671,5673,-1,5577,5673,5675,-1,5577,5675,5676,-1,5577,5676,5679,-1,5577,5679,5681,-1,5577,5681,5683,-1,5577,5683,5685,-1,5577,5685,5687,-1,5577,5687,5689,-1,5577,5689,5690,-1,5577,5690,5693,-1,5577,5618,5629,-1,5577,5693,5695,-1,5577,5695,5697,-1,5577,5697,5699,-1,5577,5699,5701,-1,5577,5701,5703,-1,5577,5703,5704,-1,5577,5704,5707,-1,5577,5707,5709,-1,5577,5709,5711,-1,5577,5779,5783,-1,5577,5711,5713,-1,5577,5713,5715,-1,5577,5715,5717,-1,5577,5717,5718,-1,5577,5718,5721,-1,5577,5650,5657,-1,5577,5721,5722,-1,5577,5722,5725,-1,5577,5725,5727,-1,5577,5727,5729,-1,5577,5729,5730,-1,5577,5730,5732,-1,5577,5732,5735,-1,5577,5735,5736,-1,5577,5747,5750,-1,5745,5736,5738,-1,5745,5738,5740,-1,5745,5740,5743,-1,5750,5747,5749,-1,5650,5653,5655,-1,5650,5655,5657,-1,5757,5750,5752,-1,5757,5752,5754,-1,5761,5757,5758,-1,5643,5645,5647,-1,5643,5647,5648,-1,5763,5757,5761,-1,5639,5640,5643,-1,5636,5639,5643,-1,5769,5765,5767,-1,5771,5765,5769,-1,5773,5765,5771,-1,5775,5763,5765,-1,5775,5765,5773,-1,5779,5775,5776,-1,5623,5625,5627,-1,5783,5779,5781,-1,5618,5621,5623,-1,5618,5627,5629,-1,5618,5623,5627,-1,5791,5787,5789,-1,5545,5793,5795,-1,5550,5545,5547,-1,5550,5547,5549,-1,5550,5793,5545,-1,5599,5601,5603,-1,5557,5550,5553,-1,5557,5553,5554,-1,5557,5783,5785,-1,5557,5785,5787,-1,5557,5791,5793,-1,5557,5787,5791,-1,5557,5793,5550,-1,5595,5597,5599,-1,5595,5603,5604,-1,5595,5604,5607,-1,5595,5607,5609,-1,5595,5609,5611,-1,5595,5599,5603,-1,5561,5557,5559,-1,5591,5593,5595,-1,5585,5587,5589,-1,5585,5589,5591,-1,5569,5562,5565,-1,5569,5565,5566,-1,5796,5797,5798,-1,5796,5799,5797,-1,5800,5801,5799,-1,5800,5802,5801,-1,5800,5799,5796,-1,5803,5802,5800,-1,5804,5805,5802,-1,5804,5806,5805,-1,5804,5802,5803,-1,5807,5806,5804,-1,5808,5809,5806,-1,5808,5806,5807,-1,5810,5811,5809,-1,5810,5809,5808,-1,5812,5813,5811,-1,5812,5814,5813,-1,5812,5811,5810,-1,5815,5814,5812,-1,5816,5817,5814,-1,5816,5818,5817,-1,5816,5814,5815,-1,5819,5818,5816,-1,5820,5818,5819,-1,5820,5821,5818,-1,5822,5821,5820,-1,5822,5823,5821,-1,5824,5823,5822,-1,5824,5825,5823,-1,5826,5827,5825,-1,5826,5825,5824,-1,5828,5829,5827,-1,5828,5827,5826,-1,5830,5831,5829,-1,5830,5829,5828,-1,5832,5833,5831,-1,5832,5831,5830,-1,5834,5835,5833,-1,5834,5833,5832,-1,5836,5837,5835,-1,5836,5835,5834,-1,5838,5839,5837,-1,5838,5837,5836,-1,5840,5841,5839,-1,5840,5839,5838,-1,5842,5843,5841,-1,5842,5841,5840,-1,5844,5845,5843,-1,5844,5843,5842,-1,5846,5847,5845,-1,5846,5845,5844,-1,5848,5849,5847,-1,5848,5847,5846,-1,5850,5851,5849,-1,5850,5849,5848,-1,5852,5853,5851,-1,5852,5851,5850,-1,5854,5855,5853,-1,5854,5856,5855,-1,5854,5853,5852,-1,5857,5856,5854,-1,5858,5859,5856,-1,5858,5856,5857,-1,5860,5861,5859,-1,5860,5859,5858,-1,5862,5863,5861,-1,5862,5861,5860,-1,5864,5865,5863,-1,5864,5863,5862,-1,5866,5867,5865,-1,5866,5865,5864,-1,5868,5869,5867,-1,5868,5870,5869,-1,5868,5867,5866,-1,5871,5870,5868,-1,5872,5870,5871,-1,5872,5873,5870,-1,5874,5873,5872,-1,5874,5875,5873,-1,5876,5875,5874,-1,5876,5877,5875,-1,5878,5877,5876,-1,5878,5879,5877,-1,5880,5879,5878,-1,5880,5881,5879,-1,5880,5882,5881,-1,5883,5882,5880,-1,5884,5882,5883,-1,5884,5885,5882,-1,5886,5885,5884,-1,5886,5887,5885,-1,5886,5888,5887,-1,5889,5888,5886,-1,5890,5888,5889,-1,5890,5891,5888,-1,5890,5892,5891,-1,5893,5892,5890,-1,5894,5895,5892,-1,5894,5892,5893,-1,5896,5897,5895,-1,5896,5895,5894,-1,5898,5899,5897,-1,5898,5900,5899,-1,5898,5897,5896,-1,5901,5902,5900,-1,5901,5900,5898,-1,5903,5902,5901,-1,5904,5905,5902,-1,5904,5902,5903,-1,5906,5907,5905,-1,5906,5905,5904,-1,5908,5909,5907,-1,5908,5907,5906,-1,5910,5911,5909,-1,5910,5909,5908,-1,5912,5913,5911,-1,5912,5911,5910,-1,5914,5915,5913,-1,5914,5913,5912,-1,5916,5917,5915,-1,5916,5915,5914,-1,5918,5919,5917,-1,5918,5917,5916,-1,5920,5919,5918,-1,5920,5921,5919,-1,5922,5921,5920,-1,5922,5923,5921,-1,5924,5923,5922,-1,5924,5925,5923,-1,5926,5925,5924,-1,5926,5927,5925,-1,5926,5928,5927,-1,5929,5928,5926,-1,5930,5928,5929,-1,5930,5931,5928,-1,5932,5931,5930,-1,5932,5933,5931,-1,5934,5933,5932,-1,5934,5935,5933,-1,5936,5935,5934,-1,5936,5937,5935,-1,5938,5937,5936,-1,5938,5939,5937,-1,5940,5939,5938,-1,5940,5941,5939,-1,5940,5942,5941,-1,5943,5942,5940,-1,5944,5942,5943,-1,5944,5945,5942,-1,5946,5945,5944,-1,5946,5947,5945,-1,5948,5947,5946,-1,5948,5949,5947,-1,5950,5949,5948,-1,5950,5951,5949,-1,5952,5951,5950,-1,5952,5953,5951,-1,5954,5953,5952,-1,5954,5955,5953,-1,5954,5956,5955,-1,5957,5956,5954,-1,5958,5956,5957,-1,5958,5959,5956,-1,5960,5959,5958,-1,5960,5961,5959,-1,5962,5963,5961,-1,5962,5961,5960,-1,5964,5965,5963,-1,5964,5963,5962,-1,5966,5967,5965,-1,5966,5965,5964,-1,5968,5969,5967,-1,5968,5970,5969,-1,5968,5967,5966,-1,5971,5970,5968,-1,5972,5970,5971,-1,5972,5973,5970,-1,5972,5974,5973,-1,5975,5974,5972,-1,5976,5974,5975,-1,5976,5977,5974,-1,5978,5977,5976,-1,5978,5979,5977,-1,5980,5979,5978,-1,5980,5981,5979,-1,5980,5982,5981,-1,5983,5982,5980,-1,5983,5984,5982,-1,5985,5984,5983,-1,5986,5984,5985,-1,5986,5987,5984,-1,5986,5988,5987,-1,5989,5988,5986,-1,5989,5990,5988,-1,5991,5990,5989,-1,5991,5992,5990,-1,5993,5992,5991,-1,5994,5992,5993,-1,5994,5995,5992,-1,5996,5997,5995,-1,5996,5995,5994,-1,5998,5999,5997,-1,5998,5997,5996,-1,6000,6001,5999,-1,6000,6002,6001,-1,6000,5999,5998,-1,6003,6004,6002,-1,6003,6002,6000,-1,6005,6006,6004,-1,6005,6004,6003,-1,6007,6006,6005,-1,6008,6009,6006,-1,6008,6010,6009,-1,6008,6006,6007,-1,6011,6010,6008,-1,6012,6013,6010,-1,6012,6010,6011,-1,6014,6015,6013,-1,6014,6013,6012,-1,6016,6017,6015,-1,6016,6015,6014,-1,6018,6019,6017,-1,6018,6017,6016,-1,6020,6019,6018,-1,6020,6021,6019,-1,6022,6021,6020,-1,6022,6023,6021,-1,6024,6023,6022,-1,6024,6025,6023,-1,6026,6025,6024,-1,6026,6027,6025,-1,6026,6028,6027,-1,6029,6028,6026,-1,6030,6031,6028,-1,6030,6028,6029,-1,6032,6033,6031,-1,6032,6031,6030,-1,6034,6035,6033,-1,6034,6033,6032,-1,6036,6037,6035,-1,6036,6035,6034,-1,6038,6039,6037,-1,6038,6037,6036,-1,6040,6041,6039,-1,6040,6039,6038,-1,6042,6043,6041,-1,6042,6041,6040,-1,6044,6045,6043,-1,6044,6043,6042,-1,6046,6047,6045,-1,6046,6045,6044,-1,5798,6047,6046,-1,5798,5797,6047,-1,5824,5822,5820,-1,5824,5820,5815,-1,5830,5846,5842,-1,5830,5834,5832,-1,5830,5836,5834,-1,5830,5842,5836,-1,5826,5815,5812,-1,5826,5824,5815,-1,5828,5998,5996,-1,5828,5808,6034,-1,5828,5996,5989,-1,5828,5812,5808,-1,5828,5862,5846,-1,5828,6008,6003,-1,5828,5894,5889,-1,5828,5864,5862,-1,5828,5866,5864,-1,5828,5868,5866,-1,5828,5871,5868,-1,5828,6014,6008,-1,5828,5883,5880,-1,5828,5901,5894,-1,5828,5884,5883,-1,5828,5886,5884,-1,5828,5889,5886,-1,5828,5903,5901,-1,5828,5846,5830,-1,5828,5910,5908,-1,5828,5912,5910,-1,5828,5914,5912,-1,5828,5826,5812,-1,5828,5916,5914,-1,5828,5918,5916,-1,5828,6030,6026,-1,5828,5920,5918,-1,5828,6026,6014,-1,5828,5922,5920,-1,5828,5924,5922,-1,5828,5926,5924,-1,5828,5929,5926,-1,5828,5930,5929,-1,5828,5932,5930,-1,5828,5934,5932,-1,5828,5936,5934,-1,5828,5938,5936,-1,5828,5940,5938,-1,5828,5943,5940,-1,5828,5944,5943,-1,5828,5880,5871,-1,5828,5946,5944,-1,5828,5948,5946,-1,5828,5950,5948,-1,5828,5952,5950,-1,5828,5954,5952,-1,5828,5957,5954,-1,5828,5958,5957,-1,5828,5960,5958,-1,5828,5962,5960,-1,5828,6034,6030,-1,5828,5964,5962,-1,5828,5966,5964,-1,5828,5968,5966,-1,5828,5971,5968,-1,5828,5972,5971,-1,5828,5908,5903,-1,5828,5975,5972,-1,5828,5976,5975,-1,5828,5978,5976,-1,5828,5980,5978,-1,5828,5983,5980,-1,5828,5985,5983,-1,5828,5986,5985,-1,5828,5989,5986,-1,5828,6003,5998,-1,5996,5991,5989,-1,5996,5993,5991,-1,5996,5994,5993,-1,6003,6000,5998,-1,5903,5906,5904,-1,5903,5908,5906,-1,6008,6005,6003,-1,6008,6007,6005,-1,6012,6011,6008,-1,5894,5898,5896,-1,5894,5901,5898,-1,6014,6012,6008,-1,5890,5894,5893,-1,5889,5894,5890,-1,6020,6018,6016,-1,6022,6020,6016,-1,6024,6022,6016,-1,6026,6016,6014,-1,6026,6024,6016,-1,6030,6029,6026,-1,5874,5878,5876,-1,6034,6032,6030,-1,5871,5874,5872,-1,5871,5880,5878,-1,5871,5878,5874,-1,6042,6040,6038,-1,5798,6046,6044,-1,5803,5796,5798,-1,5803,5800,5796,-1,5803,5798,6044,-1,5850,5854,5852,-1,5808,5804,5803,-1,5808,5807,5804,-1,5808,6036,6034,-1,5808,6038,6036,-1,5808,6044,6042,-1,5808,6042,6038,-1,5808,5803,6044,-1,5846,5850,5848,-1,5846,5857,5854,-1,5846,5858,5857,-1,5846,5860,5858,-1,5846,5862,5860,-1,5846,5854,5850,-1,5812,5810,5808,-1,5842,5846,5844,-1,5836,5840,5838,-1,5836,5842,5840,-1,5820,5816,5815,-1,5820,5819,5816,-1,5825,5821,5823,-1,5825,5814,5821,-1,5831,5843,5847,-1,5831,5833,5835,-1,5831,5835,5837,-1,5831,5837,5843,-1,5827,5813,5814,-1,5827,5814,5825,-1,5829,5997,5999,-1,5829,6035,5809,-1,5829,5988,5997,-1,5829,5809,5813,-1,5829,5847,5863,-1,5829,6002,6009,-1,5829,5888,5895,-1,5829,5863,5865,-1,5829,5865,5867,-1,5829,5867,5869,-1,5829,5869,5870,-1,5829,6009,6015,-1,5829,5881,5882,-1,5829,5895,5900,-1,5829,5882,5885,-1,5829,5885,5887,-1,5829,5887,5888,-1,5829,5900,5902,-1,5829,5831,5847,-1,5829,5909,5911,-1,5829,5911,5913,-1,5829,5913,5915,-1,5829,5813,5827,-1,5829,5915,5917,-1,5829,5917,5919,-1,5829,6027,6031,-1,5829,5919,5921,-1,5829,6015,6027,-1,5829,5921,5923,-1,5829,5923,5925,-1,5829,5925,5927,-1,5829,5927,5928,-1,5829,5928,5931,-1,5829,5931,5933,-1,5829,5933,5935,-1,5829,5935,5937,-1,5829,5937,5939,-1,5829,5939,5941,-1,5829,5941,5942,-1,5829,5942,5945,-1,5829,5870,5881,-1,5829,5945,5947,-1,5829,5947,5949,-1,5829,5949,5951,-1,5829,5951,5953,-1,5829,5953,5955,-1,5829,5955,5956,-1,5829,5956,5959,-1,5829,5959,5961,-1,5829,5961,5963,-1,5829,6031,6035,-1,5829,5963,5965,-1,5829,5965,5967,-1,5829,5967,5969,-1,5829,5969,5970,-1,5829,5970,5973,-1,5829,5902,5909,-1,5829,5973,5974,-1,5829,5974,5977,-1,5829,5977,5979,-1,5829,5979,5981,-1,5829,5981,5982,-1,5829,5982,5984,-1,5829,5984,5987,-1,5829,5987,5988,-1,5829,5999,6002,-1,5997,5988,5990,-1,5997,5990,5992,-1,5997,5992,5995,-1,6002,5999,6001,-1,5902,5905,5907,-1,5902,5907,5909,-1,6009,6002,6004,-1,6009,6004,6006,-1,6013,6009,6010,-1,5895,5897,5899,-1,5895,5899,5900,-1,6015,6009,6013,-1,5891,5892,5895,-1,5888,5891,5895,-1,6021,6017,6019,-1,6023,6017,6021,-1,6025,6017,6023,-1,6027,6015,6017,-1,6027,6017,6025,-1,6031,6027,6028,-1,5875,5877,5879,-1,6035,6031,6033,-1,5870,5873,5875,-1,5870,5879,5881,-1,5870,5875,5879,-1,6043,6039,6041,-1,5797,6045,6047,-1,5802,5797,5799,-1,5802,5799,5801,-1,5802,6045,5797,-1,5851,5853,5855,-1,5809,5802,5805,-1,5809,5805,5806,-1,5809,6035,6037,-1,5809,6037,6039,-1,5809,6043,6045,-1,5809,6039,6043,-1,5809,6045,5802,-1,5847,5849,5851,-1,5847,5855,5856,-1,5847,5856,5859,-1,5847,5859,5861,-1,5847,5861,5863,-1,5847,5851,5855,-1,5813,5809,5811,-1,5843,5845,5847,-1,5837,5839,5841,-1,5837,5841,5843,-1,5821,5814,5817,-1,5821,5817,5818,-1,6048,6049,6050,-1,6048,6051,6049,-1,6052,6053,6051,-1,6052,6054,6053,-1,6052,6051,6048,-1,6055,6054,6052,-1,6056,6057,6054,-1,6056,6058,6057,-1,6056,6054,6055,-1,6059,6058,6056,-1,6060,6061,6058,-1,6060,6058,6059,-1,6062,6063,6061,-1,6062,6061,6060,-1,6064,6065,6063,-1,6064,6066,6065,-1,6064,6063,6062,-1,6067,6066,6064,-1,6068,6069,6066,-1,6068,6070,6069,-1,6068,6066,6067,-1,6071,6070,6068,-1,6072,6070,6071,-1,6072,6073,6070,-1,6074,6073,6072,-1,6074,6075,6073,-1,6076,6075,6074,-1,6076,6077,6075,-1,6078,6079,6077,-1,6078,6077,6076,-1,6080,6081,6079,-1,6080,6079,6078,-1,6082,6083,6081,-1,6082,6081,6080,-1,6084,6085,6083,-1,6084,6083,6082,-1,6086,6087,6085,-1,6086,6085,6084,-1,6088,6089,6087,-1,6088,6087,6086,-1,6090,6091,6089,-1,6090,6089,6088,-1,6092,6093,6091,-1,6092,6091,6090,-1,6094,6095,6093,-1,6094,6093,6092,-1,6096,6097,6095,-1,6096,6095,6094,-1,6098,6099,6097,-1,6098,6097,6096,-1,6100,6101,6099,-1,6100,6099,6098,-1,6102,6103,6101,-1,6102,6101,6100,-1,6104,6105,6103,-1,6104,6103,6102,-1,6106,6107,6105,-1,6106,6108,6107,-1,6106,6105,6104,-1,6109,6108,6106,-1,6110,6111,6108,-1,6110,6108,6109,-1,6112,6113,6111,-1,6112,6111,6110,-1,6114,6115,6113,-1,6114,6113,6112,-1,6116,6117,6115,-1,6116,6115,6114,-1,6118,6119,6117,-1,6118,6117,6116,-1,6120,6121,6119,-1,6120,6122,6121,-1,6120,6119,6118,-1,6123,6122,6120,-1,6124,6122,6123,-1,6124,6125,6122,-1,6126,6125,6124,-1,6126,6127,6125,-1,6128,6127,6126,-1,6128,6129,6127,-1,6130,6129,6128,-1,6130,6131,6129,-1,6132,6131,6130,-1,6132,6133,6131,-1,6132,6134,6133,-1,6135,6134,6132,-1,6136,6134,6135,-1,6136,6137,6134,-1,6138,6137,6136,-1,6138,6139,6137,-1,6138,6140,6139,-1,6141,6140,6138,-1,6142,6140,6141,-1,6142,6143,6140,-1,6142,6144,6143,-1,6145,6144,6142,-1,6146,6147,6144,-1,6146,6144,6145,-1,6148,6149,6147,-1,6148,6147,6146,-1,6150,6151,6149,-1,6150,6152,6151,-1,6150,6149,6148,-1,6153,6154,6152,-1,6153,6152,6150,-1,6155,6154,6153,-1,6156,6157,6154,-1,6156,6154,6155,-1,6158,6159,6157,-1,6158,6157,6156,-1,6160,6161,6159,-1,6160,6159,6158,-1,6162,6163,6161,-1,6162,6161,6160,-1,6164,6165,6163,-1,6164,6163,6162,-1,6166,6167,6165,-1,6166,6165,6164,-1,6168,6169,6167,-1,6168,6167,6166,-1,6170,6171,6169,-1,6170,6169,6168,-1,6172,6171,6170,-1,6172,6173,6171,-1,6174,6173,6172,-1,6174,6175,6173,-1,6176,6175,6174,-1,6176,6177,6175,-1,6178,6177,6176,-1,6178,6179,6177,-1,6178,6180,6179,-1,6181,6180,6178,-1,6182,6180,6181,-1,6182,6183,6180,-1,6184,6183,6182,-1,6184,6185,6183,-1,6186,6185,6184,-1,6186,6187,6185,-1,6188,6187,6186,-1,6188,6189,6187,-1,6190,6189,6188,-1,6190,6191,6189,-1,6192,6191,6190,-1,6192,6193,6191,-1,6192,6194,6193,-1,6195,6194,6192,-1,6196,6194,6195,-1,6196,6197,6194,-1,6198,6197,6196,-1,6198,6199,6197,-1,6200,6199,6198,-1,6200,6201,6199,-1,6202,6201,6200,-1,6202,6203,6201,-1,6204,6203,6202,-1,6204,6205,6203,-1,6206,6205,6204,-1,6206,6207,6205,-1,6206,6208,6207,-1,6209,6208,6206,-1,6210,6208,6209,-1,6210,6211,6208,-1,6212,6211,6210,-1,6212,6213,6211,-1,6214,6215,6213,-1,6214,6213,6212,-1,6216,6217,6215,-1,6216,6215,6214,-1,6218,6219,6217,-1,6218,6217,6216,-1,6220,6221,6219,-1,6220,6222,6221,-1,6220,6219,6218,-1,6223,6222,6220,-1,6224,6222,6223,-1,6224,6225,6222,-1,6224,6226,6225,-1,6227,6226,6224,-1,6228,6226,6227,-1,6228,6229,6226,-1,6230,6229,6228,-1,6230,6231,6229,-1,6232,6231,6230,-1,6232,6233,6231,-1,6232,6234,6233,-1,6235,6234,6232,-1,6235,6236,6234,-1,6237,6236,6235,-1,6238,6236,6237,-1,6238,6239,6236,-1,6238,6240,6239,-1,6241,6240,6238,-1,6241,6242,6240,-1,6243,6242,6241,-1,6243,6244,6242,-1,6245,6244,6243,-1,6246,6244,6245,-1,6246,6247,6244,-1,6248,6249,6247,-1,6248,6247,6246,-1,6250,6251,6249,-1,6250,6249,6248,-1,6252,6253,6251,-1,6252,6254,6253,-1,6252,6251,6250,-1,6255,6256,6254,-1,6255,6254,6252,-1,6257,6258,6256,-1,6257,6256,6255,-1,6259,6258,6257,-1,6260,6261,6258,-1,6260,6262,6261,-1,6260,6258,6259,-1,6263,6262,6260,-1,6264,6265,6262,-1,6264,6262,6263,-1,6266,6267,6265,-1,6266,6265,6264,-1,6268,6269,6267,-1,6268,6267,6266,-1,6270,6271,6269,-1,6270,6269,6268,-1,6272,6271,6270,-1,6272,6273,6271,-1,6274,6273,6272,-1,6274,6275,6273,-1,6276,6275,6274,-1,6276,6277,6275,-1,6278,6277,6276,-1,6278,6279,6277,-1,6278,6280,6279,-1,6281,6280,6278,-1,6282,6283,6280,-1,6282,6280,6281,-1,6284,6285,6283,-1,6284,6283,6282,-1,6286,6287,6285,-1,6286,6285,6284,-1,6288,6289,6287,-1,6288,6287,6286,-1,6290,6291,6289,-1,6290,6289,6288,-1,6292,6293,6291,-1,6292,6291,6290,-1,6294,6295,6293,-1,6294,6293,6292,-1,6296,6297,6295,-1,6296,6295,6294,-1,6298,6299,6297,-1,6298,6297,6296,-1,6050,6299,6298,-1,6050,6049,6299,-1,6076,6074,6072,-1,6076,6072,6067,-1,6082,6098,6094,-1,6082,6086,6084,-1,6082,6088,6086,-1,6082,6094,6088,-1,6078,6067,6064,-1,6078,6076,6067,-1,6080,6250,6248,-1,6080,6060,6286,-1,6080,6248,6241,-1,6080,6064,6060,-1,6080,6114,6098,-1,6080,6260,6255,-1,6080,6146,6141,-1,6080,6116,6114,-1,6080,6118,6116,-1,6080,6120,6118,-1,6080,6123,6120,-1,6080,6266,6260,-1,6080,6135,6132,-1,6080,6153,6146,-1,6080,6136,6135,-1,6080,6138,6136,-1,6080,6141,6138,-1,6080,6155,6153,-1,6080,6098,6082,-1,6080,6162,6160,-1,6080,6164,6162,-1,6080,6166,6164,-1,6080,6078,6064,-1,6080,6168,6166,-1,6080,6170,6168,-1,6080,6282,6278,-1,6080,6172,6170,-1,6080,6278,6266,-1,6080,6174,6172,-1,6080,6176,6174,-1,6080,6178,6176,-1,6080,6181,6178,-1,6080,6182,6181,-1,6080,6184,6182,-1,6080,6186,6184,-1,6080,6188,6186,-1,6080,6190,6188,-1,6080,6192,6190,-1,6080,6195,6192,-1,6080,6196,6195,-1,6080,6132,6123,-1,6080,6198,6196,-1,6080,6200,6198,-1,6080,6202,6200,-1,6080,6204,6202,-1,6080,6206,6204,-1,6080,6209,6206,-1,6080,6210,6209,-1,6080,6212,6210,-1,6080,6214,6212,-1,6080,6286,6282,-1,6080,6216,6214,-1,6080,6218,6216,-1,6080,6220,6218,-1,6080,6223,6220,-1,6080,6224,6223,-1,6080,6160,6155,-1,6080,6227,6224,-1,6080,6228,6227,-1,6080,6230,6228,-1,6080,6232,6230,-1,6080,6235,6232,-1,6080,6237,6235,-1,6080,6238,6237,-1,6080,6241,6238,-1,6080,6255,6250,-1,6248,6243,6241,-1,6248,6245,6243,-1,6248,6246,6245,-1,6255,6252,6250,-1,6155,6158,6156,-1,6155,6160,6158,-1,6260,6257,6255,-1,6260,6259,6257,-1,6264,6263,6260,-1,6146,6150,6148,-1,6146,6153,6150,-1,6266,6264,6260,-1,6142,6146,6145,-1,6141,6146,6142,-1,6272,6270,6268,-1,6274,6272,6268,-1,6276,6274,6268,-1,6278,6268,6266,-1,6278,6276,6268,-1,6282,6281,6278,-1,6126,6130,6128,-1,6286,6284,6282,-1,6123,6126,6124,-1,6123,6132,6130,-1,6123,6130,6126,-1,6294,6292,6290,-1,6050,6298,6296,-1,6055,6048,6050,-1,6055,6052,6048,-1,6055,6050,6296,-1,6102,6106,6104,-1,6060,6056,6055,-1,6060,6059,6056,-1,6060,6288,6286,-1,6060,6290,6288,-1,6060,6296,6294,-1,6060,6294,6290,-1,6060,6055,6296,-1,6098,6102,6100,-1,6098,6109,6106,-1,6098,6110,6109,-1,6098,6112,6110,-1,6098,6114,6112,-1,6098,6106,6102,-1,6064,6062,6060,-1,6094,6098,6096,-1,6088,6092,6090,-1,6088,6094,6092,-1,6072,6068,6067,-1,6072,6071,6068,-1,6077,6073,6075,-1,6077,6066,6073,-1,6083,6095,6099,-1,6083,6085,6087,-1,6083,6087,6089,-1,6083,6089,6095,-1,6079,6065,6066,-1,6079,6066,6077,-1,6081,6249,6251,-1,6081,6287,6061,-1,6081,6240,6249,-1,6081,6061,6065,-1,6081,6099,6115,-1,6081,6254,6261,-1,6081,6140,6147,-1,6081,6115,6117,-1,6081,6117,6119,-1,6081,6119,6121,-1,6081,6121,6122,-1,6081,6261,6267,-1,6081,6133,6134,-1,6081,6147,6152,-1,6081,6134,6137,-1,6081,6137,6139,-1,6081,6139,6140,-1,6081,6152,6154,-1,6081,6083,6099,-1,6081,6161,6163,-1,6081,6163,6165,-1,6081,6165,6167,-1,6081,6065,6079,-1,6081,6167,6169,-1,6081,6169,6171,-1,6081,6279,6283,-1,6081,6171,6173,-1,6081,6267,6279,-1,6081,6173,6175,-1,6081,6175,6177,-1,6081,6177,6179,-1,6081,6179,6180,-1,6081,6180,6183,-1,6081,6183,6185,-1,6081,6185,6187,-1,6081,6187,6189,-1,6081,6189,6191,-1,6081,6191,6193,-1,6081,6193,6194,-1,6081,6194,6197,-1,6081,6122,6133,-1,6081,6197,6199,-1,6081,6199,6201,-1,6081,6201,6203,-1,6081,6203,6205,-1,6081,6205,6207,-1,6081,6207,6208,-1,6081,6208,6211,-1,6081,6211,6213,-1,6081,6213,6215,-1,6081,6283,6287,-1,6081,6215,6217,-1,6081,6217,6219,-1,6081,6219,6221,-1,6081,6221,6222,-1,6081,6222,6225,-1,6081,6154,6161,-1,6081,6225,6226,-1,6081,6226,6229,-1,6081,6229,6231,-1,6081,6231,6233,-1,6081,6233,6234,-1,6081,6234,6236,-1,6081,6236,6239,-1,6081,6239,6240,-1,6081,6251,6254,-1,6249,6240,6242,-1,6249,6242,6244,-1,6249,6244,6247,-1,6254,6251,6253,-1,6154,6157,6159,-1,6154,6159,6161,-1,6261,6254,6256,-1,6261,6256,6258,-1,6265,6261,6262,-1,6147,6149,6151,-1,6147,6151,6152,-1,6267,6261,6265,-1,6143,6144,6147,-1,6140,6143,6147,-1,6273,6269,6271,-1,6275,6269,6273,-1,6277,6269,6275,-1,6279,6267,6269,-1,6279,6269,6277,-1,6283,6279,6280,-1,6127,6129,6131,-1,6287,6283,6285,-1,6122,6125,6127,-1,6122,6131,6133,-1,6122,6127,6131,-1,6295,6291,6293,-1,6049,6297,6299,-1,6054,6049,6051,-1,6054,6051,6053,-1,6054,6297,6049,-1,6103,6105,6107,-1,6061,6054,6057,-1,6061,6057,6058,-1,6061,6287,6289,-1,6061,6289,6291,-1,6061,6295,6297,-1,6061,6291,6295,-1,6061,6297,6054,-1,6099,6101,6103,-1,6099,6107,6108,-1,6099,6108,6111,-1,6099,6111,6113,-1,6099,6113,6115,-1,6099,6103,6107,-1,6065,6061,6063,-1,6095,6097,6099,-1,6089,6091,6093,-1,6089,6093,6095,-1,6073,6066,6069,-1,6073,6069,6070,-1,6300,6301,6302,-1,6300,6303,6301,-1,6304,6305,6303,-1,6304,6306,6305,-1,6304,6303,6300,-1,6307,6306,6304,-1,6308,6309,6306,-1,6308,6310,6309,-1,6308,6306,6307,-1,6311,6310,6308,-1,6312,6313,6310,-1,6312,6310,6311,-1,6314,6315,6313,-1,6314,6313,6312,-1,6316,6317,6315,-1,6316,6318,6317,-1,6316,6315,6314,-1,6319,6318,6316,-1,6320,6321,6318,-1,6320,6322,6321,-1,6320,6318,6319,-1,6323,6322,6320,-1,6324,6322,6323,-1,6324,6325,6322,-1,6326,6325,6324,-1,6326,6327,6325,-1,6328,6327,6326,-1,6328,6329,6327,-1,6330,6331,6329,-1,6330,6329,6328,-1,6332,6333,6331,-1,6332,6331,6330,-1,6334,6335,6333,-1,6334,6333,6332,-1,6336,6337,6335,-1,6336,6335,6334,-1,6338,6339,6337,-1,6338,6337,6336,-1,6340,6341,6339,-1,6340,6339,6338,-1,6342,6343,6341,-1,6342,6341,6340,-1,6344,6345,6343,-1,6344,6343,6342,-1,6346,6347,6345,-1,6346,6345,6344,-1,6348,6349,6347,-1,6348,6347,6346,-1,6350,6351,6349,-1,6350,6349,6348,-1,6352,6353,6351,-1,6352,6351,6350,-1,6354,6355,6353,-1,6354,6353,6352,-1,6356,6357,6355,-1,6356,6355,6354,-1,6358,6359,6357,-1,6358,6360,6359,-1,6358,6357,6356,-1,6361,6360,6358,-1,6362,6363,6360,-1,6362,6360,6361,-1,6364,6365,6363,-1,6364,6363,6362,-1,6366,6367,6365,-1,6366,6365,6364,-1,6368,6369,6367,-1,6368,6367,6366,-1,6370,6371,6369,-1,6370,6369,6368,-1,6372,6373,6371,-1,6372,6374,6373,-1,6372,6371,6370,-1,6375,6374,6372,-1,6376,6374,6375,-1,6376,6377,6374,-1,6378,6377,6376,-1,6378,6379,6377,-1,6380,6379,6378,-1,6380,6381,6379,-1,6382,6381,6380,-1,6382,6383,6381,-1,6384,6383,6382,-1,6384,6385,6383,-1,6384,6386,6385,-1,6387,6386,6384,-1,6388,6386,6387,-1,6388,6389,6386,-1,6390,6389,6388,-1,6390,6391,6389,-1,6390,6392,6391,-1,6393,6392,6390,-1,6394,6392,6393,-1,6394,6395,6392,-1,6394,6396,6395,-1,6397,6396,6394,-1,6398,6399,6396,-1,6398,6396,6397,-1,6400,6401,6399,-1,6400,6399,6398,-1,6402,6403,6401,-1,6402,6404,6403,-1,6402,6401,6400,-1,6405,6406,6404,-1,6405,6404,6402,-1,6407,6406,6405,-1,6408,6409,6406,-1,6408,6406,6407,-1,6410,6411,6409,-1,6410,6409,6408,-1,6412,6413,6411,-1,6412,6411,6410,-1,6414,6415,6413,-1,6414,6413,6412,-1,6416,6417,6415,-1,6416,6415,6414,-1,6418,6419,6417,-1,6418,6417,6416,-1,6420,6421,6419,-1,6420,6419,6418,-1,6422,6423,6421,-1,6422,6421,6420,-1,6424,6423,6422,-1,6424,6425,6423,-1,6426,6425,6424,-1,6426,6427,6425,-1,6428,6427,6426,-1,6428,6429,6427,-1,6430,6429,6428,-1,6430,6431,6429,-1,6430,6432,6431,-1,6433,6432,6430,-1,6434,6432,6433,-1,6434,6435,6432,-1,6436,6435,6434,-1,6436,6437,6435,-1,6438,6437,6436,-1,6438,6439,6437,-1,6440,6439,6438,-1,6440,6441,6439,-1,6442,6441,6440,-1,6442,6443,6441,-1,6444,6443,6442,-1,6444,6445,6443,-1,6444,6446,6445,-1,6447,6446,6444,-1,6448,6446,6447,-1,6448,6449,6446,-1,6450,6449,6448,-1,6450,6451,6449,-1,6452,6451,6450,-1,6452,6453,6451,-1,6454,6453,6452,-1,6454,6455,6453,-1,6456,6455,6454,-1,6456,6457,6455,-1,6458,6457,6456,-1,6458,6459,6457,-1,6458,6460,6459,-1,6461,6460,6458,-1,6462,6460,6461,-1,6462,6463,6460,-1,6464,6463,6462,-1,6464,6465,6463,-1,6466,6467,6465,-1,6466,6465,6464,-1,6468,6469,6467,-1,6468,6467,6466,-1,6470,6471,6469,-1,6470,6469,6468,-1,6472,6473,6471,-1,6472,6474,6473,-1,6472,6471,6470,-1,6475,6474,6472,-1,6476,6474,6475,-1,6476,6477,6474,-1,6476,6478,6477,-1,6479,6478,6476,-1,6480,6478,6479,-1,6480,6481,6478,-1,6482,6481,6480,-1,6482,6483,6481,-1,6484,6483,6482,-1,6484,6485,6483,-1,6484,6486,6485,-1,6487,6486,6484,-1,6487,6488,6486,-1,6489,6488,6487,-1,6490,6488,6489,-1,6490,6491,6488,-1,6490,6492,6491,-1,6493,6492,6490,-1,6493,6494,6492,-1,6495,6494,6493,-1,6495,6496,6494,-1,6497,6496,6495,-1,6498,6496,6497,-1,6498,6499,6496,-1,6500,6501,6499,-1,6500,6499,6498,-1,6502,6503,6501,-1,6502,6501,6500,-1,6504,6505,6503,-1,6504,6506,6505,-1,6504,6503,6502,-1,6507,6508,6506,-1,6507,6506,6504,-1,6509,6510,6508,-1,6509,6508,6507,-1,6511,6510,6509,-1,6512,6513,6510,-1,6512,6514,6513,-1,6512,6510,6511,-1,6515,6514,6512,-1,6516,6517,6514,-1,6516,6514,6515,-1,6518,6519,6517,-1,6518,6517,6516,-1,6520,6521,6519,-1,6520,6519,6518,-1,6522,6523,6521,-1,6522,6521,6520,-1,6524,6523,6522,-1,6524,6525,6523,-1,6526,6525,6524,-1,6526,6527,6525,-1,6528,6527,6526,-1,6528,6529,6527,-1,6530,6529,6528,-1,6530,6531,6529,-1,6530,6532,6531,-1,6533,6532,6530,-1,6534,6535,6532,-1,6534,6532,6533,-1,6536,6537,6535,-1,6536,6535,6534,-1,6538,6539,6537,-1,6538,6537,6536,-1,6540,6541,6539,-1,6540,6539,6538,-1,6542,6543,6541,-1,6542,6541,6540,-1,6544,6545,6543,-1,6544,6543,6542,-1,6546,6547,6545,-1,6546,6545,6544,-1,6548,6549,6547,-1,6548,6547,6546,-1,6550,6551,6549,-1,6550,6549,6548,-1,6302,6551,6550,-1,6302,6301,6551,-1,6328,6326,6324,-1,6328,6324,6319,-1,6334,6350,6346,-1,6334,6338,6336,-1,6334,6340,6338,-1,6334,6346,6340,-1,6330,6319,6316,-1,6330,6328,6319,-1,6332,6502,6500,-1,6332,6312,6538,-1,6332,6500,6493,-1,6332,6316,6312,-1,6332,6366,6350,-1,6332,6512,6507,-1,6332,6398,6393,-1,6332,6368,6366,-1,6332,6370,6368,-1,6332,6372,6370,-1,6332,6375,6372,-1,6332,6518,6512,-1,6332,6387,6384,-1,6332,6405,6398,-1,6332,6388,6387,-1,6332,6390,6388,-1,6332,6393,6390,-1,6332,6407,6405,-1,6332,6350,6334,-1,6332,6414,6412,-1,6332,6416,6414,-1,6332,6418,6416,-1,6332,6330,6316,-1,6332,6420,6418,-1,6332,6422,6420,-1,6332,6534,6530,-1,6332,6424,6422,-1,6332,6530,6518,-1,6332,6426,6424,-1,6332,6428,6426,-1,6332,6430,6428,-1,6332,6433,6430,-1,6332,6434,6433,-1,6332,6436,6434,-1,6332,6438,6436,-1,6332,6440,6438,-1,6332,6442,6440,-1,6332,6444,6442,-1,6332,6447,6444,-1,6332,6448,6447,-1,6332,6384,6375,-1,6332,6450,6448,-1,6332,6452,6450,-1,6332,6454,6452,-1,6332,6456,6454,-1,6332,6458,6456,-1,6332,6461,6458,-1,6332,6462,6461,-1,6332,6464,6462,-1,6332,6466,6464,-1,6332,6538,6534,-1,6332,6468,6466,-1,6332,6470,6468,-1,6332,6472,6470,-1,6332,6475,6472,-1,6332,6476,6475,-1,6332,6412,6407,-1,6332,6479,6476,-1,6332,6480,6479,-1,6332,6482,6480,-1,6332,6484,6482,-1,6332,6487,6484,-1,6332,6489,6487,-1,6332,6490,6489,-1,6332,6493,6490,-1,6332,6507,6502,-1,6500,6495,6493,-1,6500,6497,6495,-1,6500,6498,6497,-1,6507,6504,6502,-1,6407,6410,6408,-1,6407,6412,6410,-1,6512,6509,6507,-1,6512,6511,6509,-1,6516,6515,6512,-1,6398,6402,6400,-1,6398,6405,6402,-1,6518,6516,6512,-1,6394,6398,6397,-1,6393,6398,6394,-1,6524,6522,6520,-1,6526,6524,6520,-1,6528,6526,6520,-1,6530,6520,6518,-1,6530,6528,6520,-1,6534,6533,6530,-1,6378,6382,6380,-1,6538,6536,6534,-1,6375,6378,6376,-1,6375,6384,6382,-1,6375,6382,6378,-1,6546,6544,6542,-1,6302,6550,6548,-1,6307,6300,6302,-1,6307,6304,6300,-1,6307,6302,6548,-1,6354,6358,6356,-1,6312,6308,6307,-1,6312,6311,6308,-1,6312,6540,6538,-1,6312,6542,6540,-1,6312,6548,6546,-1,6312,6546,6542,-1,6312,6307,6548,-1,6350,6354,6352,-1,6350,6361,6358,-1,6350,6362,6361,-1,6350,6364,6362,-1,6350,6366,6364,-1,6350,6358,6354,-1,6316,6314,6312,-1,6346,6350,6348,-1,6340,6344,6342,-1,6340,6346,6344,-1,6324,6320,6319,-1,6324,6323,6320,-1,6329,6325,6327,-1,6329,6318,6325,-1,6335,6347,6351,-1,6335,6337,6339,-1,6335,6339,6341,-1,6335,6341,6347,-1,6331,6317,6318,-1,6331,6318,6329,-1,6333,6501,6503,-1,6333,6539,6313,-1,6333,6492,6501,-1,6333,6313,6317,-1,6333,6351,6367,-1,6333,6506,6513,-1,6333,6392,6399,-1,6333,6367,6369,-1,6333,6369,6371,-1,6333,6371,6373,-1,6333,6373,6374,-1,6333,6513,6519,-1,6333,6385,6386,-1,6333,6399,6404,-1,6333,6386,6389,-1,6333,6389,6391,-1,6333,6391,6392,-1,6333,6404,6406,-1,6333,6335,6351,-1,6333,6413,6415,-1,6333,6415,6417,-1,6333,6417,6419,-1,6333,6317,6331,-1,6333,6419,6421,-1,6333,6421,6423,-1,6333,6531,6535,-1,6333,6423,6425,-1,6333,6519,6531,-1,6333,6425,6427,-1,6333,6427,6429,-1,6333,6429,6431,-1,6333,6431,6432,-1,6333,6432,6435,-1,6333,6435,6437,-1,6333,6437,6439,-1,6333,6439,6441,-1,6333,6441,6443,-1,6333,6443,6445,-1,6333,6445,6446,-1,6333,6446,6449,-1,6333,6374,6385,-1,6333,6449,6451,-1,6333,6451,6453,-1,6333,6453,6455,-1,6333,6455,6457,-1,6333,6457,6459,-1,6333,6459,6460,-1,6333,6460,6463,-1,6333,6463,6465,-1,6333,6465,6467,-1,6333,6535,6539,-1,6333,6467,6469,-1,6333,6469,6471,-1,6333,6471,6473,-1,6333,6473,6474,-1,6333,6474,6477,-1,6333,6406,6413,-1,6333,6477,6478,-1,6333,6478,6481,-1,6333,6481,6483,-1,6333,6483,6485,-1,6333,6485,6486,-1,6333,6486,6488,-1,6333,6488,6491,-1,6333,6491,6492,-1,6333,6503,6506,-1,6501,6492,6494,-1,6501,6494,6496,-1,6501,6496,6499,-1,6506,6503,6505,-1,6406,6409,6411,-1,6406,6411,6413,-1,6513,6506,6508,-1,6513,6508,6510,-1,6517,6513,6514,-1,6399,6401,6403,-1,6399,6403,6404,-1,6519,6513,6517,-1,6395,6396,6399,-1,6392,6395,6399,-1,6525,6521,6523,-1,6527,6521,6525,-1,6529,6521,6527,-1,6531,6519,6521,-1,6531,6521,6529,-1,6535,6531,6532,-1,6379,6381,6383,-1,6539,6535,6537,-1,6374,6377,6379,-1,6374,6383,6385,-1,6374,6379,6383,-1,6547,6543,6545,-1,6301,6549,6551,-1,6306,6301,6303,-1,6306,6303,6305,-1,6306,6549,6301,-1,6355,6357,6359,-1,6313,6306,6309,-1,6313,6309,6310,-1,6313,6539,6541,-1,6313,6541,6543,-1,6313,6547,6549,-1,6313,6543,6547,-1,6313,6549,6306,-1,6351,6353,6355,-1,6351,6359,6360,-1,6351,6360,6363,-1,6351,6363,6365,-1,6351,6365,6367,-1,6351,6355,6359,-1,6317,6313,6315,-1,6347,6349,6351,-1,6341,6343,6345,-1,6341,6345,6347,-1,6325,6318,6321,-1,6325,6321,6322                        ]
                        ccw TRUE
                        colorPerVertex TRUE
                        color Color {
                          color [
0.8 0.8 0.8,0.91 0.855 0.486,                          ]
                        }
                        colorIndex [
1,1,1,-1,1,1,1,-1,1,1,1,-1,1,1,1,-1,1,1,1,-1,1,1,1,-1,1,1,1,-1,1,1,1,-1,1,1,1,-1,1,1,1,-1,1,1,1,-1,1,1,1,-1,1,1,1,-1,1,1,1,-1,1,1,1,-1,1,1,1,-1,1,1,1,-1,1,1,1,-1,1,1,1,-1,1,1,1,-1,1,1,1,-1,1,1,1,-1,1,1,1,-1,1,1,1,-1,1,1,1,-1,1,1,1,-1,1,1,1,-1,1,1,1,-1,1,1,1,-1,1,1,1,-1,1,1,1,-1,1,1,1,-1,1,1,1,-1,1,1,1,-1,1,1,1,-1,1,1,1,-1,1,1,1,-1,1,1,1,-1,1,1,1,-1,1,1,1,-1,1,1,1,-1,1,1,1,-1,1,1,1,-1,1,1,1,-1,1,1,1,-1,1,1,1,-1,1,1,1,-1,1,1,1,-1,1,1,1,-1,1,1,1,-1,1,1,1,-1,1,1,1,-1,1,1,1,-1,1,1,1,-1,1,1,1,-1,1,1,1,-1,1,1,1,-1,1,1,1,-1,1,1,1,-1,1,1,1,-1,1,1,1,-1,1,1,1,-1,1,1,1,-1,1,1,1,-1,1,1,1,-1,1,1,1,-1,1,1,1,-1,1,1,1,-1,1,1,1,-1,1,1,1,-1,1,1,1,-1,1,1,1,-1,1,1,1,-1,1,1,1,-1,1,1,1,-1,1,1,1,-1,1,1,1,-1,1,1,1,-1,1,1,1,-1,1,1,1,-1,1,1,1,-1,1,1,1,-1,1,1,1,-1,1,1,1,-1,1,1,1,-1,1,1,1,-1,1,1,1,-1,1,1,1,-1,1,1,1,-1,1,1,1,-1,1,1,1,-1,1,1,1,-1,1,1,1,-1,1,1,1,-1,1,1,1,-1,1,1,1,-1,1,1,1,-1,1,1,1,-1,1,1,1,-1,1,1,1,-1,1,1,1,-1,1,1,1,-1,1,1,1,-1,1,1,1,-1,1,1,1,-1,1,1,1,-1,1,1,1,-1,1,1,1,-1,1,1,1,-1,1,1,1,-1,1,1,1,-1,1,1,1,-1,1,1,1,-1,1,1,1,-1,1,1,1,-1,1,1,1,-1,1,1,1,-1,1,1,1,-1,1,1,1,-1,1,1,1,-1,1,1,1,-1,1,1,1,-1,1,1,1,-1,1,1,1,-1,1,1,1,-1,1,1,1,-1,1,1,1,-1,1,1,1,-1,1,1,1,-1,1,1,1,-1,1,1,1,-1,1,1,1,-1,1,1,1,-1,1,1,1,-1,1,1,1,-1,1,1,1,-1,1,1,1,-1,1,1,1,-1,1,1,1,-1,1,1,1,-1,1,1,1,-1,1,1,1,-1,1,1,1,-1,1,1,1,-1,1,1,1,-1,1,1,1,-1,1,1,1,-1,1,1,1,-1,1,1,1,-1,1,1,1,-1,1,1,1,-1,1,1,1,-1,1,1,1,-1,1,1,1,-1,1,1,1,-1,1,1,1,-1,1,1,1,-1,1,1,1,-1,1,1,1,-1,1,1,1,-1,1,1,1,-1,1,1,1,-1,1,1,1,-1,1,1,1,-1,1,1,1,-1,1,1,1,-1,1,1,1,-1,1,1,1,-1,1,1,1,-1,1,1,1,-1,1,1,1,-1,1,1,1,-1,1,1,1,-1,1,1,1,-1,1,1,1,-1,1,1,1,-1,1,1,1,-1,1,1,1,-1,1,1,1,-1,1,1,1,-1,1,1,1,-1,1,1,1,-1,1,1,1,-1,1,1,1,-1,1,1,1,-1,1,1,1,-1,1,1,1,-1,1,1,1,-1,1,1,1,-1,1,1,1,-1,1,1,1,-1,1,1,1,-1,1,1,1,-1,1,1,1,-1,1,1,1,-1,1,1,1,-1,1,1,1,-1,1,1,1,-1,1,1,1,-1,1,1,1,-1,1,1,1,-1,1,1,1,-1,1,1,1,-1,1,1,1,-1,1,1,1,-1,1,1,1,-1,1,1,1,-1,1,1,1,-1,1,1,1,-1,1,1,1,-1,1,1,1,-1,1,1,1,-1,1,1,1,-1,1,1,1,-1,1,1,1,-1,1,1,1,-1,1,1,1,-1,1,1,1,-1,1,1,1,-1,1,1,1,-1,1,1,1,-1,1,1,1,-1,1,1,1,-1,1,1,1,-1,1,1,1,-1,1,1,1,-1,1,1,1,-1,1,1,1,-1,1,1,1,-1,1,1,1,-1,1,1,1,-1,1,1,1,-1,1,1,1,-1,1,1,1,-1,1,1,1,-1,1,1,1,-1,1,1,1,-1,1,1,1,-1,1,1,1,-1,1,1,1,-1,1,1,1,-1,1,1,1,-1,1,1,1,-1,1,1,1,-1,1,1,1,-1,1,1,1,-1,1,1,1,-1,1,1,1,-1,1,1,1,-1,1,1,1,-1,1,1,1,-1,1,1,1,-1,1,1,1,-1,1,1,1,-1,1,1,1,-1,1,1,1,-1,1,1,1,-1,1,1,1,-1,1,1,1,-1,1,1,1,-1,1,1,1,-1,1,1,1,-1,1,1,1,-1,1,1,1,-1,1,1,1,-1,1,1,1,-1,1,1,1,-1,1,1,1,-1,1,1,1,-1,1,1,1,-1,1,1,1,-1,1,1,1,-1,1,1,1,-1,1,1,1,-1,1,1,1,-1,1,1,1,-1,1,1,1,-1,1,1,1,-1,1,1,1,-1,1,1,1,-1,1,1,1,-1,1,1,1,-1,1,1,1,-1,1,1,1,-1,1,1,1,-1,1,1,1,-1,1,1,1,-1,1,1,1,-1,1,1,1,-1,1,1,1,-1,1,1,1,-1,1,1,1,-1,1,1,1,-1,1,1,1,-1,1,1,1,-1,1,1,1,-1,1,1,1,-1,1,1,1,-1,1,1,1,-1,1,1,1,-1,1,1,1,-1,1,1,1,-1,1,1,1,-1,1,1,1,-1,1,1,1,-1,1,1,1,-1,1,1,1,-1,1,1,1,-1,1,1,1,-1,1,1,1,-1,1,1,1,-1,1,1,1,-1,1,1,1,-1,1,1,1,-1,1,1,1,-1,1,1,1,-1,1,1,1,-1,1,1,1,-1,1,1,1,-1,1,1,1,-1,1,1,1,-1,1,1,1,-1,1,1,1,-1,1,1,1,-1,1,1,1,-1,1,1,1,-1,1,1,1,-1,1,1,1,-1,1,1,1,-1,1,1,1,-1,1,1,1,-1,1,1,1,-1,1,1,1,-1,1,1,1,-1,1,1,1,-1,1,1,1,-1,1,1,1,-1,1,1,1,-1,1,1,1,-1,1,1,1,-1,1,1,1,-1,1,1,1,-1,1,1,1,-1,1,1,1,-1,1,1,1,-1,1,1,1,-1,1,1,1,-1,1,1,1,-1,1,1,1,-1,1,1,1,-1,1,1,1,-1,1,1,1,-1,1,1,1,-1,1,1,1,-1,1,1,1,-1,1,1,1,-1,1,1,1,-1,1,1,1,-1,1,1,1,-1,1,1,1,-1,1,1,1,-1,1,1,1,-1,1,1,1,-1,1,1,1,-1,1,1,1,-1,1,1,1,-1,1,1,1,-1,1,1,1,-1,1,1,1,-1,1,1,1,-1,1,1,1,-1,1,1,1,-1,1,1,1,-1,1,1,1,-1,1,1,1,-1,1,1,1,-1,1,1,1,-1,1,1,1,-1,1,1,1,-1,1,1,1,-1,1,1,1,-1,1,1,1,-1,1,1,1,-1,1,1,1,-1,1,1,1,-1,1,1,1,-1,1,1,1,-1,1,1,1,-1,1,1,1,-1,1,1,1,-1,1,1,1,-1,1,1,1,-1,1,1,1,-1,1,1,1,-1,1,1,1,-1,1,1,1,-1,1,1,1,-1,1,1,1,-1,1,1,1,-1,1,1,1,-1,1,1,1,-1,1,1,1,-1,1,1,1,-1,1,1,1,-1,1,1,1,-1,1,1,1,-1,1,1,1,-1,1,1,1,-1,1,1,1,-1,1,1,1,-1,1,1,1,-1,1,1,1,-1,1,1,1,-1,1,1,1,-1,1,1,1,-1,1,1,1,-1,1,1,1,-1,1,1,1,-1,1,1,1,-1,1,1,1,-1,1,1,1,-1,1,1,1,-1,1,1,1,-1,1,1,1,-1,1,1,1,-1,1,1,1,-1,1,1,1,-1,1,1,1,-1,1,1,1,-1,1,1,1,-1,1,1,1,-1,1,1,1,-1,1,1,1,-1,1,1,1,-1,1,1,1,-1,1,1,1,-1,1,1,1,-1,1,1,1,-1,1,1,1,-1,1,1,1,-1,1,1,1,-1,1,1,1,-1,1,1,1,-1,1,1,1,-1,1,1,1,-1,1,1,1,-1,1,1,1,-1,1,1,1,-1,1,1,1,-1,1,1,1,-1,1,1,1,-1,1,1,1,-1,1,1,1,-1,1,1,1,-1,1,1,1,-1,1,1,1,-1,1,1,1,-1,1,1,1,-1,1,1,1,-1,1,1,1,-1,1,1,1,-1,1,1,1,-1,1,1,1,-1,1,1,1,-1,1,1,1,-1,1,1,1,-1,1,1,1,-1,1,1,1,-1,1,1,1,-1,1,1,1,-1,1,1,1,-1,1,1,1,-1,1,1,1,-1,1,1,1,-1,1,1,1,-1,1,1,1,-1,1,1,1,-1,1,1,1,-1,1,1,1,-1,1,1,1,-1,1,1,1,-1,1,1,1,-1,1,1,1,-1,1,1,1,-1,1,1,1,-1,1,1,1,-1,1,1,1,-1,1,1,1,-1,1,1,1,-1,1,1,1,-1,1,1,1,-1,1,1,1,-1,1,1,1,-1,1,1,1,-1,1,1,1,-1,1,1,1,-1,1,1,1,-1,1,1,1,-1,1,1,1,-1,1,1,1,-1,1,1,1,-1,1,1,1,-1,1,1,1,-1,1,1,1,-1,1,1,1,-1,1,1,1,-1,1,1,1,-1,1,1,1,-1,1,1,1,-1,1,1,1,-1,1,1,1,-1,1,1,1,-1,1,1,1,-1,1,1,1,-1,1,1,1,-1,1,1,1,-1,1,1,1,-1,1,1,1,-1,1,1,1,-1,1,1,1,-1,1,1,1,-1,1,1,1,-1,1,1,1,-1,1,1,1,-1,1,1,1,-1,1,1,1,-1,1,1,1,-1,1,1,1,-1,1,1,1,-1,1,1,1,-1,1,1,1,-1,1,1,1,-1,1,1,1,-1,1,1,1,-1,1,1,1,-1,1,1,1,-1,1,1,1,-1,1,1,1,-1,1,1,1,-1,1,1,1,-1,1,1,1,-1,1,1,1,-1,1,1,1,-1,1,1,1,-1,1,1,1,-1,1,1,1,-1,1,1,1,-1,1,1,1,-1,1,1,1,-1,1,1,1,-1,1,1,1,-1,1,1,1,-1,1,1,1,-1,1,1,1,-1,1,1,1,-1,1,1,1,-1,1,1,1,-1,1,1,1,-1,1,1,1,-1,1,1,1,-1,1,1,1,-1,1,1,1,-1,1,1,1,-1,1,1,1,-1,1,1,1,-1,1,1,1,-1,1,1,1,-1,1,1,1,-1,1,1,1,-1,1,1,1,-1,1,1,1,-1,1,1,1,-1,1,1,1,-1,1,1,1,-1,1,1,1,-1,1,1,1,-1,1,1,1,-1,1,1,1,-1,1,1,1,-1,1,1,1,-1,1,1,1,-1,1,1,1,-1,1,1,1,-1,1,1,1,-1,1,1,1,-1,1,1,1,-1,1,1,1,-1,1,1,1,-1,1,1,1,-1,1,1,1,-1,1,1,1,-1,1,1,1,-1,1,1,1,-1,1,1,1,-1,1,1,1,-1,1,1,1,-1,1,1,1,-1,1,1,1,-1,1,1,1,-1,1,1,1,-1,1,1,1,-1,1,1,1,-1,1,1,1,-1,1,1,1,-1,1,1,1,-1,1,1,1,-1,1,1,1,-1,1,1,1,-1,1,1,1,-1,1,1,1,-1,1,1,1,-1,1,1,1,-1,1,1,1,-1,1,1,1,-1,1,1,1,-1,1,1,1,-1,1,1,1,-1,1,1,1,-1,1,1,1,-1,1,1,1,-1,1,1,1,-1,1,1,1,-1,1,1,1,-1,1,1,1,-1,1,1,1,-1,1,1,1,-1,1,1,1,-1,1,1,1,-1,1,1,1,-1,1,1,1,-1,1,1,1,-1,1,1,1,-1,1,1,1,-1,1,1,1,-1,1,1,1,-1,1,1,1,-1,1,1,1,-1,1,1,1,-1,1,1,1,-1,1,1,1,-1,1,1,1,-1,1,1,1,-1,1,1,1,-1,1,1,1,-1,1,1,1,-1,1,1,1,-1,1,1,1,-1,1,1,1,-1,1,1,1,-1,1,1,1,-1,1,1,1,-1,1,1,1,-1,1,1,1,-1,1,1,1,-1,1,1,1,-1,1,1,1,-1,1,1,1,-1,1,1,1,-1,1,1,1,-1,1,1,1,-1,1,1,1,-1,1,1,1,-1,1,1,1,-1,1,1,1,-1,1,1,1,-1,1,1,1,-1,1,1,1,-1,1,1,1,-1,1,1,1,-1,1,1,1,-1,1,1,1,-1,1,1,1,-1,1,1,1,-1,1,1,1,-1,1,1,1,-1,1,1,1,-1,1,1,1,-1,1,1,1,-1,1,1,1,-1,1,1,1,-1,1,1,1,-1,1,1,1,-1,1,1,1,-1,1,1,1,-1,1,1,1,-1,1,1,1,-1,1,1,1,-1,1,1,1,-1,1,1,1,-1,1,1,1,-1,1,1,1,-1,1,1,1,-1,1,1,1,-1,1,1,1,-1,1,1,1,-1,1,1,1,-1,1,1,1,-1,1,1,1,-1,1,1,1,-1,1,1,1,-1,1,1,1,-1,1,1,1,-1,1,1,1,-1,1,1,1,-1,1,1,1,-1,1,1,1,-1,1,1,1,-1,1,1,1,-1,1,1,1,-1,1,1,1,-1,1,1,1,-1,1,1,1,-1,1,1,1,-1,1,1,1,-1,1,1,1,-1,1,1,1,-1,1,1,1,-1,1,1,1,-1,1,1,1,-1,1,1,1,-1,1,1,1,-1,1,1,1,-1,1,1,1,-1,1,1,1,-1,1,1,1,-1,1,1,1,-1,1,1,1,-1,1,1,1,-1,1,1,1,-1,1,1,1,-1,1,1,1,-1,1,1,1,-1,1,1,1,-1,1,1,1,-1,1,1,1,-1,1,1,1,-1,1,1,1,-1,1,1,1,-1,1,1,1,-1,1,1,1,-1,1,1,1,-1,1,1,1,-1,1,1,1,-1,1,1,1,-1,1,1,1,-1,1,1,1,-1,1,1,1,-1,1,1,1,-1,1,1,1,-1,1,1,1,-1,1,1,1,-1,1,1,1,-1,1,1,1,-1,1,1,1,-1,1,1,1,-1,1,1,1,-1,1,1,1,-1,1,1,1,-1,1,1,1,-1,1,1,1,-1,1,1,1,-1,1,1,1,-1,1,1,1,-1,1,1,1,-1,1,1,1,-1,1,1,1,-1,1,1,1,-1,1,1,1,-1,1,1,1,-1,1,1,1,-1,1,1,1,-1,1,1,1,-1,1,1,1,-1,1,1,1,-1,1,1,1,-1,1,1,1,-1,1,1,1,-1,1,1,1,-1,1,1,1,-1,1,1,1,-1,1,1,1,-1,1,1,1,-1,1,1,1,-1,1,1,1,-1,1,1,1,-1,1,1,1,-1,1,1,1,-1,1,1,1,-1,1,1,1,-1,1,1,1,-1,1,1,1,-1,1,1,1,-1,1,1,1,-1,1,1,1,-1,1,1,1,-1,1,1,1,-1,1,1,1,-1,1,1,1,-1,1,1,1,-1,1,1,1,-1,1,1,1,-1,1,1,1,-1,1,1,1,-1,1,1,1,-1,1,1,1,-1,1,1,1,-1,1,1,1,-1,1,1,1,-1,1,1,1,-1,1,1,1,-1,1,1,1,-1,1,1,1,-1,1,1,1,-1,1,1,1,-1,1,1,1,-1,1,1,1,-1,1,1,1,-1,1,1,1,-1,1,1,1,-1,1,1,1,-1,1,1,1,-1,1,1,1,-1,1,1,1,-1,1,1,1,-1,1,1,1,-1,1,1,1,-1,1,1,1,-1,1,1,1,-1,1,1,1,-1,1,1,1,-1,1,1,1,-1,1,1,1,-1,1,1,1,-1,1,1,1,-1,1,1,1,-1,1,1,1,-1,1,1,1,-1,1,1,1,-1,1,1,1,-1,1,1,1,-1,1,1,1,-1,1,1,1,-1,1,1,1,-1,1,1,1,-1,1,1,1,-1,1,1,1,-1,1,1,1,-1,1,1,1,-1,1,1,1,-1,1,1,1,-1,1,1,1,-1,1,1,1,-1,1,1,1,-1,1,1,1,-1,1,1,1,-1,1,1,1,-1,1,1,1,-1,1,1,1,-1,1,1,1,-1,1,1,1,-1,1,1,1,-1,1,1,1,-1,1,1,1,-1,1,1,1,-1,1,1,1,-1,1,1,1,-1,1,1,1,-1,1,1,1,-1,1,1,1,-1,1,1,1,-1,1,1,1,-1,1,1,1,-1,1,1,1,-1,1,1,1,-1,1,1,1,-1,1,1,1,-1,1,1,1,-1,1,1,1,-1,1,1,1,-1,1,1,1,-1,1,1,1,-1,1,1,1,-1,1,1,1,-1,1,1,1,-1,1,1,1,-1,1,1,1,-1,1,1,1,-1,1,1,1,-1,1,1,1,-1,1,1,1,-1,1,1,1,-1,1,1,1,-1,1,1,1,-1,1,1,1,-1,1,1,1,-1,1,1,1,-1,1,1,1,-1,1,1,1,-1,1,1,1,-1,1,1,1,-1,1,1,1,-1,1,1,1,-1,1,1,1,-1,1,1,1,-1,1,1,1,-1,1,1,1,-1,1,1,1,-1,1,1,1,-1,1,1,1,-1,1,1,1,-1,1,1,1,-1,1,1,1,-1,1,1,1,-1,1,1,1,-1,1,1,1,-1,1,1,1,-1,1,1,1,-1,1,1,1,-1,1,1,1,-1,1,1,1,-1,1,1,1,-1,1,1,1,-1,1,1,1,-1,1,1,1,-1,1,1,1,-1,1,1,1,-1,1,1,1,-1,1,1,1,-1,1,1,1,-1,1,1,1,-1,1,1,1,-1,1,1,1,-1,1,1,1,-1,1,1,1,-1,1,1,1,-1,1,1,1,-1,1,1,1,-1,1,1,1,-1,1,1,1,-1,1,1,1,-1,1,1,1,-1,1,1,1,-1,1,1,1,-1,1,1,1,-1,1,1,1,-1,1,1,1,-1,1,1,1,-1,1,1,1,-1,1,1,1,-1,1,1,1,-1,1,1,1,-1,1,1,1,-1,1,1,1,-1,1,1,1,-1,1,1,1,-1,1,1,1,-1,1,1,1,-1,1,1,1,-1,1,1,1,-1,1,1,1,-1,1,1,1,-1,1,1,1,-1,1,1,1,-1,1,1,1,-1,1,1,1,-1,1,1,1,-1,1,1,1,-1,1,1,1,-1,1,1,1,-1,1,1,1,-1,1,1,1,-1,1,1,1,-1,1,1,1,-1,1,1,1,-1,1,1,1,-1,1,1,1,-1,1,1,1,-1,1,1,1,-1,1,1,1,-1,1,1,1,-1,1,1,1,-1,1,1,1,-1,1,1,1,-1,1,1,1,-1,1,1,1,-1,1,1,1,-1,1,1,1,-1,1,1,1,-1,1,1,1,-1,1,1,1,-1,1,1,1,-1,1,1,1,-1,1,1,1,-1,1,1,1,-1,1,1,1,-1,1,1,1,-1,1,1,1,-1,1,1,1,-1,1,1,1,-1,1,1,1,-1,1,1,1,-1,1,1,1,-1,1,1,1,-1,1,1,1,-1,1,1,1,-1,1,1,1,-1,1,1,1,-1,1,1,1,-1,1,1,1,-1,1,1,1,-1,1,1,1,-1,1,1,1,-1,1,1,1,-1,1,1,1,-1,1,1,1,-1,1,1,1,-1,1,1,1,-1,1,1,1,-1,1,1,1,-1,1,1,1,-1,1,1,1,-1,1,1,1,-1,1,1,1,-1,1,1,1,-1,1,1,1,-1,1,1,1,-1,1,1,1,-1,1,1,1,-1,1,1,1,-1,1,1,1,-1,1,1,1,-1,1,1,1,-1,1,1,1,-1,1,1,1,-1,1,1,1,-1,1,1,1,-1,1,1,1,-1,1,1,1,-1,1,1,1,-1,1,1,1,-1,1,1,1,-1,1,1,1,-1,1,1,1,-1,1,1,1,-1,1,1,1,-1,1,1,1,-1,1,1,1,-1,1,1,1,-1,1,1,1,-1,1,1,1,-1,1,1,1,-1,1,1,1,-1,1,1,1,-1,1,1,1,-1,1,1,1,-1,1,1,1,-1,1,1,1,-1,1,1,1,-1,1,1,1,-1,1,1,1,-1,1,1,1,-1,1,1,1,-1,1,1,1,-1,1,1,1,-1,1,1,1,-1,1,1,1,-1,1,1,1,-1,1,1,1,-1,1,1,1,-1,1,1,1,-1,1,1,1,-1,1,1,1,-1,1,1,1,-1,1,1,1,-1,1,1,1,-1,1,1,1,-1,1,1,1,-1,1,1,1,-1,1,1,1,-1,1,1,1,-1,1,1,1,-1,1,1,1,-1,1,1,1,-1,1,1,1,-1,1,1,1,-1,1,1,1,-1,1,1,1,-1,1,1,1,-1,1,1,1,-1,1,1,1,-1,1,1,1,-1,1,1,1,-1,1,1,1,-1,1,1,1,-1,1,1,1,-1,1,1,1,-1,1,1,1,-1,1,1,1,-1,1,1,1,-1,1,1,1,-1,1,1,1,-1,1,1,1,-1,1,1,1,-1,1,1,1,-1,1,1,1,-1,1,1,1,-1,1,1,1,-1,1,1,1,-1,1,1,1,-1,1,1,1,-1,1,1,1,-1,1,1,1,-1,1,1,1,-1,1,1,1,-1,1,1,1,-1,1,1,1,-1,1,1,1,-1,1,1,1,-1,1,1,1,-1,1,1,1,-1,1,1,1,-1,1,1,1,-1,1,1,1,-1,1,1,1,-1,1,1,1,-1,1,1,1,-1,1,1,1,-1,1,1,1,-1,1,1,1,-1,1,1,1,-1,1,1,1,-1,1,1,1,-1,1,1,1,-1,1,1,1,-1,1,1,1,-1,1,1,1,-1,1,1,1,-1,1,1,1,-1,1,1,1,-1,1,1,1,-1,1,1,1,-1,1,1,1,-1,1,1,1,-1,1,1,1,-1,1,1,1,-1,1,1,1,-1,1,1,1,-1,1,1,1,-1,1,1,1,-1,1,1,1,-1,1,1,1,-1,1,1,1,-1,1,1,1,-1,1,1,1,-1,1,1,1,-1,1,1,1,-1,1,1,1,-1,1,1,1,-1,1,1,1,-1,1,1,1,-1,1,1,1,-1,1,1,1,-1,1,1,1,-1,1,1,1,-1,1,1,1,-1,1,1,1,-1,1,1,1,-1,1,1,1,-1,1,1,1,-1,1,1,1,-1,1,1,1,-1,1,1,1,-1,1,1,1,-1,1,1,1,-1,1,1,1,-1,1,1,1,-1,1,1,1,-1,1,1,1,-1,1,1,1,-1,1,1,1,-1,1,1,1,-1,1,1,1,-1,1,1,1,-1,1,1,1,-1,1,1,1,-1,1,1,1,-1,1,1,1,-1,1,1,1,-1,1,1,1,-1,1,1,1,-1,1,1,1,-1,1,1,1,-1,1,1,1,-1,1,1,1,-1,1,1,1,-1,1,1,1,-1,1,1,1,-1,1,1,1,-1,1,1,1,-1,1,1,1,-1,1,1,1,-1,1,1,1,-1,1,1,1,-1,1,1,1,-1,1,1,1,-1,1,1,1,-1,1,1,1,-1,1,1,1,-1,1,1,1,-1,1,1,1,-1,1,1,1,-1,1,1,1,-1,1,1,1,-1,1,1,1,-1,1,1,1,-1,1,1,1,-1,1,1,1,-1,1,1,1,-1,1,1,1,-1,1,1,1,-1,1,1,1,-1,1,1,1,-1,1,1,1,-1,1,1,1,-1,1,1,1,-1,1,1,1,-1,1,1,1,-1,1,1,1,-1,1,1,1,-1,1,1,1,-1,1,1,1,-1,1,1,1,-1,1,1,1,-1,1,1,1,-1,1,1,1,-1,1,1,1,-1,1,1,1,-1,1,1,1,-1,1,1,1,-1,1,1,1,-1,1,1,1,-1,1,1,1,-1,1,1,1,-1,1,1,1,-1,1,1,1,-1,1,1,1,-1,1,1,1,-1,1,1,1,-1,1,1,1,-1,1,1,1,-1,1,1,1,-1,1,1,1,-1,1,1,1,-1,1,1,1,-1,1,1,1,-1,1,1,1,-1,1,1,1,-1,1,1,1,-1,1,1,1,-1,1,1,1,-1,1,1,1,-1,1,1,1,-1,1,1,1,-1,1,1,1,-1,1,1,1,-1,1,1,1,-1,1,1,1,-1,1,1,1,-1,1,1,1,-1,1,1,1,-1,1,1,1,-1,1,1,1,-1,1,1,1,-1,1,1,1,-1,1,1,1,-1,1,1,1,-1,1,1,1,-1,1,1,1,-1,1,1,1,-1,1,1,1,-1,1,1,1,-1,1,1,1,-1,1,1,1,-1,1,1,1,-1,1,1,1,-1,1,1,1,-1,1,1,1,-1,1,1,1,-1,1,1,1,-1,1,1,1,-1,1,1,1,-1,1,1,1,-1,1,1,1,-1,1,1,1,-1,1,1,1,-1,1,1,1,-1,1,1,1,-1,1,1,1,-1,1,1,1,-1,1,1,1,-1,1,1,1,-1,1,1,1,-1,1,1,1,-1,1,1,1,-1,1,1,1,-1,1,1,1,-1,1,1,1,-1,1,1,1,-1,1,1,1,-1,1,1,1,-1,1,1,1,-1,1,1,1,-1,1,1,1,-1,1,1,1,-1,1,1,1,-1,1,1,1,-1,1,1,1,-1,1,1,1,-1,1,1,1,-1,1,1,1,-1,1,1,1,-1,1,1,1,-1,1,1,1,-1,1,1,1,-1,1,1,1,-1,1,1,1,-1,1,1,1,-1,1,1,1,-1,1,1,1,-1,1,1,1,-1,1,1,1,-1,1,1,1,-1,1,1,1,-1,1,1,1,-1,1,1,1,-1,1,1,1,-1,1,1,1,-1,1,1,1,-1,1,1,1,-1,1,1,1,-1,1,1,1,-1,1,1,1,-1,1,1,1,-1,1,1,1,-1,1,1,1,-1,1,1,1,-1,1,1,1,-1,1,1,1,-1,1,1,1,-1,1,1,1,-1,1,1,1,-1,1,1,1,-1,1,1,1,-1,1,1,1,-1,1,1,1,-1,1,1,1,-1,1,1,1,-1,1,1,1,-1,1,1,1,-1,1,1,1,-1,1,1,1,-1,1,1,1,-1,1,1,1,-1,1,1,1,-1,1,1,1,-1,1,1,1,-1,1,1,1,-1,1,1,1,-1,1,1,1,-1,1,1,1,-1,1,1,1,-1,1,1,1,-1,1,1,1,-1,1,1,1,-1,1,1,1,-1,1,1,1,-1,1,1,1,-1,1,1,1,-1,1,1,1,-1,1,1,1,-1,1,1,1,-1,1,1,1,-1,1,1,1,-1,1,1,1,-1,1,1,1,-1,1,1,1,-1,1,1,1,-1,1,1,1,-1,1,1,1,-1,1,1,1,-1,1,1,1,-1,1,1,1,-1,1,1,1,-1,1,1,1,-1,1,1,1,-1,1,1,1,-1,1,1,1,-1,1,1,1,-1,1,1,1,-1,1,1,1,-1,1,1,1,-1,1,1,1,-1,1,1,1,-1,1,1,1,-1,1,1,1,-1,1,1,1,-1,1,1,1,-1,1,1,1,-1,1,1,1,-1,1,1,1,-1,1,1,1,-1,1,1,1,-1,1,1,1,-1,1,1,1,-1,1,1,1,-1,1,1,1,-1,1,1,1,-1,1,1,1,-1,1,1,1,-1,1,1,1,-1,1,1,1,-1,1,1,1,-1,1,1,1,-1,1,1,1,-1,1,1,1,-1,1,1,1,-1,1,1,1,-1,1,1,1,-1,1,1,1,-1,1,1,1,-1,1,1,1,-1,1,1,1,-1,1,1,1,-1,1,1,1,-1,1,1,1,-1,1,1,1,-1,1,1,1,-1,1,1,1,-1,1,1,1,-1,1,1,1,-1,1,1,1,-1,1,1,1,-1,1,1,1,-1,1,1,1,-1,1,1,1,-1,1,1,1,-1,1,1,1,-1,1,1,1,-1,1,1,1,-1,1,1,1,-1,1,1,1,-1,1,1,1,-1,1,1,1,-1,1,1,1,-1,1,1,1,-1,1,1,1,-1,1,1,1,-1,1,1,1,-1,1,1,1,-1,1,1,1,-1,1,1,1,-1,1,1,1,-1,1,1,1,-1,1,1,1,-1,1,1,1,-1,1,1,1,-1,1,1,1,-1,1,1,1,-1,1,1,1,-1,1,1,1,-1,1,1,1,-1,1,1,1,-1,1,1,1,-1,1,1,1,-1,1,1,1,-1,1,1,1,-1,1,1,1,-1,1,1,1,-1,1,1,1,-1,1,1,1,-1,1,1,1,-1,1,1,1,-1,1,1,1,-1,1,1,1,-1,1,1,1,-1,1,1,1,-1,1,1,1,-1,1,1,1,-1,1,1,1,-1,1,1,1,-1,1,1,1,-1,1,1,1,-1,1,1,1,-1,1,1,1,-1,1,1,1,-1,1,1,1,-1,1,1,1,-1,1,1,1,-1,1,1,1,-1,1,1,1,-1,1,1,1,-1,1,1,1,-1,1,1,1,-1,1,1,1,-1,1,1,1,-1,1,1,1,-1,1,1,1,-1,1,1,1,-1,1,1,1,-1,1,1,1,-1,1,1,1,-1,1,1,1,-1,1,1,1,-1,1,1,1,-1,1,1,1,-1,1,1,1,-1,1,1,1,-1,1,1,1,-1,1,1,1,-1,1,1,1,-1,1,1,1,-1,1,1,1,-1,1,1,1,-1,1,1,1,-1,1,1,1,-1,1,1,1,-1,1,1,1,-1,1,1,1,-1,1,1,1,-1,1,1,1,-1,1,1,1,-1,1,1,1,-1,1,1,1,-1,1,1,1,-1,1,1,1,-1,1,1,1,-1,1,1,1,-1,1,1,1,-1,1,1,1,-1,1,1,1,-1,1,1,1,-1,1,1,1,-1,1,1,1,-1,1,1,1,-1,1,1,1,-1,1,1,1,-1,1,1,1,-1,1,1,1,-1,1,1,1,-1,1,1,1,-1,1,1,1,-1,1,1,1,-1,1,1,1,-1,1,1,1,-1,1,1,1,-1,1,1,1,-1,1,1,1,-1,1,1,1,-1,1,1,1,-1,1,1,1,-1,1,1,1,-1,1,1,1,-1,1,1,1,-1,1,1,1,-1,1,1,1,-1,1,1,1,-1,1,1,1,-1,1,1,1,-1,1,1,1,-1,1,1,1,-1,1,1,1,-1,1,1,1,-1,1,1,1,-1,1,1,1,-1,1,1,1,-1,1,1,1,-1,1,1,1,-1,1,1,1,-1,1,1,1,-1,1,1,1,-1,1,1,1,-1,1,1,1,-1,1,1,1,-1,1,1,1,-1,1,1,1,-1,1,1,1,-1,1,1,1,-1,1,1,1,-1,1,1,1,-1,1,1,1,-1,1,1,1,-1,1,1,1,-1,1,1,1,-1,1,1,1,-1,1,1,1,-1,1,1,1,-1,1,1,1,-1,1,1,1,-1,1,1,1,-1,1,1,1,-1,1,1,1,-1,1,1,1,-1,1,1,1,-1,1,1,1,-1,1,1,1,-1,1,1,1,-1,1,1,1,-1,1,1,1,-1,1,1,1,-1,1,1,1,-1,1,1,1,-1,1,1,1,-1,1,1,1,-1,1,1,1,-1,1,1,1,-1,1,1,1,-1,1,1,1,-1,1,1,1,-1,1,1,1,-1,1,1,1,-1,1,1,1,-1,1,1,1,-1,1,1,1,-1,1,1,1,-1,1,1,1,-1,1,1,1,-1,1,1,1,-1,1,1,1,-1,1,1,1,-1,1,1,1,-1,1,1,1,-1,1,1,1,-1,1,1,1,-1,1,1,1,-1,1,1,1,-1,1,1,1,-1,1,1,1,-1,1,1,1,-1,1,1,1,-1,1,1,1,-1,1,1,1,-1,1,1,1,-1,1,1,1,-1,1,1,1,-1,1,1,1,-1,1,1,1,-1,1,1,1,-1,1,1,1,-1,1,1,1,-1,1,1,1,-1,1,1,1,-1,1,1,1,-1,1,1,1,-1,1,1,1,-1,1,1,1,-1,1,1,1,-1,1,1,1,-1,1,1,1,-1,1,1,1,-1,1,1,1,-1,1,1,1,-1,1,1,1,-1,1,1,1,-1,1,1,1,-1,1,1,1,-1,1,1,1,-1,1,1,1,-1,1,1,1,-1,1,1,1,-1,1,1,1,-1,1,1,1,-1,1,1,1,-1,1,1,1,-1,1,1,1,-1,1,1,1,-1,1,1,1,-1,1,1,1,-1,1,1,1,-1,1,1,1,-1,1,1,1,-1,1,1,1,-1,1,1,1,-1,1,1,1,-1,1,1,1,-1,1,1,1,-1,1,1,1,-1,1,1,1,-1,1,1,1,-1,1,1,1,-1,1,1,1,-1,1,1,1,-1,1,1,1,-1,1,1,1,-1,1,1,1,-1,1,1,1,-1,1,1,1,-1,1,1,1,-1,1,1,1,-1,1,1,1,-1,1,1,1,-1,1,1,1,-1,1,1,1,-1,1,1,1,-1,1,1,1,-1,1,1,1,-1,1,1,1,-1,1,1,1,-1,1,1,1,-1,1,1,1,-1,1,1,1,-1,1,1,1,-1,1,1,1,-1,1,1,1,-1,1,1,1,-1,1,1,1,-1,1,1,1,-1,1,1,1,-1,1,1,1,-1,1,1,1,-1,1,1,1,-1,1,1,1,-1,1,1,1,-1,1,1,1,-1,1,1,1,-1,1,1,1,-1,1,1,1,-1,1,1,1,-1,1,1,1,-1,1,1,1,-1,1,1,1,-1,1,1,1,-1,1,1,1,-1,1,1,1,-1,1,1,1,-1,1,1,1,-1,1,1,1,-1,1,1,1,-1,1,1,1,-1,1,1,1,-1,1,1,1,-1,1,1,1,-1,1,1,1,-1,1,1,1,-1,1,1,1,-1,1,1,1,-1,1,1,1,-1,1,1,1,-1,1,1,1,-1,1,1,1,-1,1,1,1,-1,1,1,1,-1,1,1,1,-1,1,1,1,-1,1,1,1,-1,1,1,1,-1,1,1,1,-1,1,1,1,-1,1,1,1,-1,1,1,1,-1,1,1,1,-1,1,1,1,-1,1,1,1,-1,1,1,1,-1,1,1,1,-1,1,1,1,-1,1,1,1,-1,1,1,1,-1,1,1,1,-1,1,1,1,-1,1,1,1,-1,1,1,1,-1,1,1,1,-1,1,1,1,-1,1,1,1,-1,1,1,1,-1,1,1,1,-1,1,1,1,-1,1,1,1,-1,1,1,1,-1,1,1,1,-1,1,1,1,-1,1,1,1,-1,1,1,1,-1,1,1,1,-1,1,1,1,-1,1,1,1,-1,1,1,1,-1,1,1,1,-1,1,1,1,-1,1,1,1,-1,1,1,1,-1,1,1,1,-1,1,1,1,-1,1,1,1,-1,1,1,1,-1,1,1,1,-1,1,1,1,-1,1,1,1,-1,1,1,1,-1,1,1,1,-1,1,1,1,-1,1,1,1,-1,1,1,1,-1,1,1,1,-1,1,1,1,-1,1,1,1,-1,1,1,1,-1,1,1,1,-1,1,1,1,-1,1,1,1,-1,1,1,1,-1,1,1,1,-1,1,1,1,-1,1,1,1,-1,1,1,1,-1,1,1,1,-1,1,1,1,-1,1,1,1,-1,1,1,1,-1,1,1,1,-1,1,1,1,-1,1,1,1,-1,1,1,1,-1,1,1,1,-1,1,1,1,-1,1,1,1,-1,1,1,1,-1,1,1,1,-1,1,1,1,-1,1,1,1,-1,1,1,1,-1,1,1,1,-1,1,1,1,-1,1,1,1,-1,1,1,1,-1,1,1,1,-1,1,1,1,-1,1,1,1,-1,1,1,1,-1,1,1,1,-1,1,1,1,-1,1,1,1,-1,1,1,1,-1,1,1,1,-1,1,1,1,-1,1,1,1,-1,1,1,1,-1,1,1,1,-1,1,1,1,-1,1,1,1,-1,1,1,1,-1,1,1,1,-1,1,1,1,-1,1,1,1,-1,1,1,1,-1,1,1,1,-1,1,1,1,-1,1,1,1,-1,1,1,1,-1,1,1,1,-1,1,1,1,-1,1,1,1,-1,1,1,1,-1,1,1,1,-1,1,1,1,-1,1,1,1,-1,1,1,1,-1,1,1,1,-1,1,1,1,-1,1,1,1,-1,1,1,1,-1,1,1,1,-1,1,1,1,-1,1,1,1,-1,1,1,1,-1,1,1,1,-1,1,1,1,-1,1,1,1,-1,1,1,1,-1,1,1,1,-1,1,1,1,-1,1,1,1,-1,1,1,1,-1,1,1,1,-1,1,1,1,-1,1,1,1,-1,1,1,1,-1,1,1,1,-1,1,1,1,-1,1,1,1,-1,1,1,1,-1,1,1,1,-1,1,1,1,-1,1,1,1,-1,1,1,1,-1,1,1,1,-1,1,1,1,-1,1,1,1,-1,1,1,1,-1,1,1,1,-1,1,1,1,-1,1,1,1,-1,1,1,1,-1,1,1,1,-1,1,1,1,-1,1,1,1,-1,1,1,1,-1,1,1,1,-1,1,1,1,-1,1,1,1,-1,1,1,1,-1,1,1,1,-1,1,1,1,-1,1,1,1,-1,1,1,1,-1,1,1,1,-1,1,1,1,-1,1,1,1,-1,1,1,1,-1,1,1,1,-1,1,1,1,-1,1,1,1,-1,1,1,1,-1,1,1,1,-1,1,1,1,-1,1,1,1,-1,1,1,1,-1,1,1,1,-1,1,1,1,-1,1,1,1,-1,1,1,1,-1,1,1,1,-1,1,1,1,-1,1,1,1,-1,1,1,1,-1,1,1,1,-1,1,1,1,-1,1,1,1,-1,1,1,1,-1,1,1,1,-1,1,1,1,-1,1,1,1,-1,1,1,1,-1,1,1,1,-1,1,1,1,-1,1,1,1,-1,1,1,1,-1,1,1,1,-1,1,1,1,-1,1,1,1,-1,1,1,1,-1,1,1,1,-1,1,1,1,-1,1,1,1,-1,1,1,1,-1,1,1,1,-1,1,1,1,-1,1,1,1,-1,1,1,1,-1,1,1,1,-1,1,1,1,-1,1,1,1,-1,1,1,1,-1,1,1,1,-1,1,1,1,-1,1,1,1,-1,1,1,1,-1,1,1,1,-1,1,1,1,-1,1,1,1,-1,1,1,1,-1,1,1,1,-1,1,1,1,-1,1,1,1,-1,1,1,1,-1,1,1,1,-1,1,1,1,-1,1,1,1,-1,1,1,1,-1,1,1,1,-1,1,1,1,-1,1,1,1,-1,1,1,1,-1,1,1,1,-1,1,1,1,-1,1,1,1,-1,1,1,1,-1,1,1,1,-1,1,1,1,-1,1,1,1,-1,1,1,1,-1,1,1,1,-1,1,1,1,-1,1,1,1,-1,1,1,1,-1,1,1,1,-1,1,1,1,-1,1,1,1,-1,1,1,1,-1,1,1,1,-1,1,1,1,-1,1,1,1,-1,1,1,1,-1,1,1,1,-1,1,1,1,-1,1,1,1,-1,1,1,1,-1,1,1,1,-1,1,1,1,-1,1,1,1,-1,1,1,1,-1,1,1,1,-1,1,1,1,-1,1,1,1,-1,1,1,1,-1,1,1,1,-1,1,1,1,-1,1,1,1,-1,1,1,1,-1,1,1,1,-1,1,1,1,-1,1,1,1,-1,1,1,1,-1,1,1,1,-1,1,1,1,-1,1,1,1,-1,1,1,1,-1,1,1,1,-1,1,1,1,-1,1,1,1,-1,1,1,1,-1,1,1,1,-1,1,1,1,-1,1,1,1,-1,1,1,1,-1,1,1,1,-1,1,1,1,-1,1,1,1,-1,1,1,1,-1,1,1,1,-1,1,1,1,-1,1,1,1,-1,1,1,1,-1,1,1,1,-1,1,1,1,-1,1,1,1,-1,1,1,1,-1,1,1,1,-1,1,1,1,-1,1,1,1,-1,1,1,1,-1,1,1,1,-1,1,1,1,-1,1,1,1,-1,1,1,1,-1,1,1,1,-1,1,1,1,-1,1,1,1,-1,1,1,1,-1,1,1,1,-1,1,1,1,-1,1,1,1,-1,1,1,1,-1,1,1,1,-1,1,1,1,-1,1,1,1,-1,1,1,1,-1,1,1,1,-1,1,1,1,-1,1,1,1,-1,1,1,1,-1,1,1,1,-1,1,1,1,-1,1,1,1,-1,1,1,1,-1,1,1,1,-1,1,1,1,-1,1,1,1,-1,1,1,1,-1,1,1,1,-1,1,1,1,-1,1,1,1,-1,1,1,1,-1,1,1,1,-1,1,1,1,-1,1,1,1,-1,1,1,1,-1,1,1,1,-1,1,1,1,-1,1,1,1,-1,1,1,1,-1,1,1,1,-1,1,1,1,-1,1,1,1,-1,1,1,1,-1,1,1,1,-1,1,1,1,-1,1,1,1,-1,1,1,1,-1,1,1,1,-1,1,1,1,-1,1,1,1,-1,1,1,1,-1,1,1,1,-1,1,1,1,-1,1,1,1,-1,1,1,1,-1,1,1,1,-1,1,1,1,-1,1,1,1,-1,1,1,1,-1,1,1,1,-1,1,1,1,-1,1,1,1,-1,1,1,1,-1,1,1,1,-1,1,1,1,-1,1,1,1,-1,1,1,1,-1,1,1,1,-1,1,1,1,-1,1,1,1,-1,1,1,1,-1,1,1,1,-1,1,1,1,-1,1,1,1,-1,1,1,1,-1,1,1,1,-1,1,1,1,-1,1,1,1,-1,1,1,1,-1,1,1,1,-1,1,1,1,-1,1,1,1,-1,1,1,1,-1,1,1,1,-1,1,1,1,-1,1,1,1,-1,1,1,1,-1,1,1,1,-1,1,1,1,-1,1,1,1,-1,1,1,1,-1,1,1,1,-1,1,1,1,-1,1,1,1,-1,1,1,1,-1,1,1,1,-1,1,1,1,-1,1,1,1,-1,1,1,1,-1,1,1,1,-1,1,1,1,-1,1,1,1,-1,1,1,1,-1,1,1,1,-1,1,1,1,-1,1,1,1,-1,1,1,1,-1,1,1,1,-1,1,1,1,-1,1,1,1,-1,1,1,1,-1,1,1,1,-1,1,1,1,-1,1,1,1,-1,1,1,1,-1,1,1,1,-1,1,1,1,-1,1,1,1,-1,1,1,1,-1,1,1,1,-1,1,1,1,-1,1,1,1,-1,1,1,1,-1,1,1,1,-1,1,1,1,-1,1,1,1,-1,1,1,1,-1,1,1,1,-1,1,1,1,-1,1,1,1,-1,1,1,1,-1,1,1,1,-1,1,1,1,-1,1,1,1,-1,1,1,1,-1,1,1,1,-1,1,1,1,-1,1,1,1,-1,1,1,1,-1,1,1,1,-1,1,1,1,-1,1,1,1,-1,1,1,1,-1,1,1,1,-1,1,1,1,-1,1,1,1,-1,1,1,1,-1,1,1,1,-1,1,1,1,-1,1,1,1,-1,1,1,1,-1,1,1,1,-1,1,1,1,-1,1,1,1,-1,1,1,1,-1,1,1,1,-1,1,1,1,-1,1,1,1,-1,1,1,1,-1,1,1,1,-1,1,1,1,-1,1,1,1,-1,1,1,1,-1,1,1,1,-1,1,1,1,-1,1,1,1,-1,1,1,1,-1,1,1,1,-1,1,1,1,-1,1,1,1,-1,1,1,1,-1,1,1,1,-1,1,1,1,-1,1,1,1,-1,1,1,1,-1,1,1,1,-1,1,1,1,-1,1,1,1,-1,1,1,1,-1,1,1,1,-1,1,1,1,-1,1,1,1,-1,1,1,1,-1,1,1,1,-1,1,1,1,-1,1,1,1,-1,1,1,1,-1,1,1,1,-1,1,1,1,-1,1,1,1,-1,1,1,1,-1,1,1,1,-1,1,1,1,-1,1,1,1,-1,1,1,1,-1,1,1,1,-1,1,1,1,-1,1,1,1,-1,1,1,1,-1,1,1,1,-1,1,1,1,-1,1,1,1,-1,1,1,1,-1,1,1,1,-1,1,1,1,-1,1,1,1,-1,1,1,1,-1,1,1,1,-1,1,1,1,-1,1,1,1,-1,1,1,1,-1,1,1,1,-1,1,1,1,-1,1,1,1,-1,1,1,1,-1,1,1,1,-1,1,1,1,-1,1,1,1,-1,1,1,1,-1,1,1,1,-1,1,1,1,-1,1,1,1,-1,1,1,1,-1,1,1,1,-1,1,1,1,-1,1,1,1,-1,1,1,1,-1,1,1,1,-1,1,1,1,-1,1,1,1,-1,1,1,1,-1,1,1,1,-1,1,1,1,-1,1,1,1,-1,1,1,1,-1,1,1,1,-1,1,1,1,-1,1,1,1,-1,1,1,1,-1,1,1,1,-1,1,1,1,-1,1,1,1,-1,1,1,1,-1,1,1,1,-1,1,1,1,-1,1,1,1,-1,1,1,1,-1,1,1,1,-1,1,1,1,-1,1,1,1,-1,1,1,1,-1,1,1,1,-1,1,1,1,-1,1,1,1,-1,1,1,1,-1,1,1,1,-1,1,1,1,-1,1,1,1,-1,1,1,1,-1,1,1,1,-1,1,1,1,-1,1,1,1,-1,1,1,1,-1,1,1,1,-1,1,1,1,-1,1,1,1,-1,1,1,1,-1,1,1,1,-1,1,1,1,-1,1,1,1,-1,1,1,1,-1,1,1,1,-1,1,1,1,-1,1,1,1,-1,1,1,1,-1,1,1,1,-1,1,1,1,-1,1,1,1,-1,1,1,1,-1,1,1,1,-1,1,1,1,-1,1,1,1,-1,1,1,1,-1,1,1,1,-1,1,1,1,-1,1,1,1,-1,1,1,1,-1,1,1,1,-1,1,1,1,-1,1,1,1,-1,1,1,1,-1,1,1,1,-1,1,1,1,-1,1,1,1,-1,1,1,1,-1,1,1,1,-1,1,1,1,-1,1,1,1,-1,1,1,1,-1,1,1,1,-1,1,1,1,-1,1,1,1,-1,1,1,1,-1,1,1,1,-1,1,1,1,-1,1,1,1,-1,1,1,1,-1,1,1,1,-1,1,1,1,-1,1,1,1,-1,1,1,1,-1,1,1,1,-1,1,1,1,-1,1,1,1,-1,1,1,1,-1,1,1,1,-1,1,1,1,-1,1,1,1,-1,1,1,1,-1,1,1,1,-1,1,1,1,-1,1,1,1,-1,1,1,1,-1,1,1,1,-1,1,1,1,-1,1,1,1,-1,1,1,1,-1,1,1,1,-1,1,1,1,-1,1,1,1,-1,1,1,1,-1,1,1,1,-1,1,1,1,-1,1,1,1,-1,1,1,1,-1,1,1,1,-1,1,1,1,-1,1,1,1,-1,1,1,1,-1,1,1,1,-1,1,1,1,-1,1,1,1,-1,1,1,1,-1,1,1,1,-1,1,1,1,-1,1,1,1,-1,1,1,1,-1,1,1,1,-1,1,1,1,-1,1,1,1,-1,1,1,1,-1,1,1,1,-1,1,1,1,-1,1,1,1,-1,1,1,1,-1,1,1,1,-1,1,1,1,-1,1,1,1,-1,1,1,1,-1,1,1,1,-1,1,1,1,-1,1,1,1,-1,1,1,1,-1,1,1,1,-1,1,1,1,-1,1,1,1,-1,1,1,1,-1,1,1,1,-1,1,1,1,-1,1,1,1,-1,1,1,1,-1,1,1,1,-1,1,1,1,-1,1,1,1,-1,1,1,1,-1,1,1,1,-1,1,1,1,-1,1,1,1,-1,1,1,1,-1,1,1,1,-1,1,1,1,-1,1,1,1,-1,1,1,1,-1,1,1,1,-1,1,1,1,-1,1,1,1,-1,1,1,1,-1,1,1,1,-1,1,1,1,-1,1,1,1,-1,1,1,1,-1,1,1,1,-1,1,1,1,-1,1,1,1,-1,1,1,1,-1,1,1,1,-1,1,1,1,-1,1,1,1,-1,1,1,1,-1,1,1,1,-1,1,1,1,-1,1,1,1,-1,1,1,1,-1,1,1,1,-1,1,1,1,-1,1,1,1,-1,1,1,1,-1,1,1,1,-1,1,1,1,-1,1,1,1,-1,1,1,1,-1,1,1,1,-1,1,1,1,-1,1,1,1,-1,1,1,1,-1,1,1,1,-1,1,1,1,-1,1,1,1,-1,1,1,1,-1,1,1,1,-1,1,1,1,-1,1,1,1,-1,1,1,1,-1,1,1,1,-1,1,1,1,-1,1,1,1,-1,1,1,1,-1,1,1,1,-1,1,1,1,-1,1,1,1,-1,1,1,1,-1,1,1,1,-1,1,1,1,-1,1,1,1,-1,1,1,1,-1,1,1,1,-1,1,1,1,-1,1,1,1,-1,1,1,1,-1,1,1,1,-1,1,1,1,-1,1,1,1,-1,1,1,1,-1,1,1,1,-1,1,1,1,-1,1,1,1,-1,1,1,1,-1,1,1,1,-1,1,1,1,-1,1,1,1,-1,1,1,1,-1,1,1,1,-1,1,1,1,-1,1,1,1,-1,1,1,1,-1,1,1,1,-1,1,1,1,-1,1,1,1,-1,1,1,1,-1,1,1,1,-1,1,1,1,-1,1,1,1,-1,1,1,1,-1,1,1,1,-1,1,1,1,-1,1,1,1,-1,1,1,1,-1,1,1,1,-1,1,1,1,-1,1,1,1,-1,1,1,1,-1,1,1,1,-1,1,1,1,-1,1,1,1,-1,1,1,1,-1,1,1,1,-1,1,1,1,-1,1,1,1,-1,1,1,1,-1,1,1,1,-1,1,1,1,-1,1,1,1,-1,1,1,1,-1,1,1,1,-1,1,1,1,-1,1,1,1,-1,1,1,1,-1,1,1,1,-1,1,1,1,-1,1,1,1,-1,1,1,1,-1,1,1,1,-1,1,1,1,-1,1,1,1,-1,1,1,1,-1,1,1,1,-1,1,1,1,-1,1,1,1,-1,1,1,1,-1,1,1,1,-1,1,1,1,-1,1,1,1,-1,1,1,1,-1,1,1,1,-1,1,1,1,-1,1,1,1,-1,1,1,1,-1,1,1,1,-1,1,1,1,-1,1,1,1,-1,1,1,1,-1,1,1,1,-1,1,1,1,-1,1,1,1,-1,1,1,1,-1,1,1,1,-1,1,1,1,-1,1,1,1,-1,1,1,1,-1,1,1,1,-1,1,1,1,-1,1,1,1,-1,1,1,1,-1,1,1,1,-1,1,1,1,-1,1,1,1,-1,1,1,1,-1,1,1,1,-1,1,1,1,-1,1,1,1,-1,1,1,1,-1,1,1,1,-1,1,1,1,-1,1,1,1,-1,1,1,1,-1,1,1,1,-1,1,1,1,-1,1,1,1,-1,1,1,1,-1,1,1,1,-1,1,1,1,-1,1,1,1,-1,1,1,1,-1,1,1,1,-1,1,1,1,-1,1,1,1,-1,1,1,1,-1,1,1,1,-1,1,1,1,-1,1,1,1,-1,1,1,1,-1,1,1,1,-1,1,1,1,-1,1,1,1,-1,1,1,1,-1,1,1,1,-1,1,1,1,-1,1,1,1,-1,1,1,1,-1,1,1,1,-1,1,1,1,-1,1,1,1,-1,1,1,1,-1,1,1,1,-1,1,1,1,-1,1,1,1,-1,1,1,1,-1,1,1,1,-1,1,1,1,-1,1,1,1,-1,1,1,1,-1,1,1,1,-1,1,1,1,-1,1,1,1,-1,1,1,1,-1,1,1,1,-1,1,1,1,-1,1,1,1,-1,1,1,1,-1,1,1,1,-1,1,1,1,-1,1,1,1,-1,1,1,1,-1,1,1,1,-1,1,1,1,-1,1,1,1,-1,1,1,1,-1,1,1,1,-1,1,1,1,-1,1,1,1,-1,1,1,1,-1,1,1,1,-1,1,1,1,-1,1,1,1,-1,1,1,1,-1,1,1,1,-1,1,1,1,-1,1,1,1,-1,1,1,1,-1,1,1,1,-1,1,1,1,-1,1,1,1,-1,1,1,1,-1,1,1,1,-1,1,1,1,-1,1,1,1,-1,1,1,1,-1,1,1,1,-1,1,1,1,-1,1,1,1,-1,1,1,1,-1,1,1,1,-1,1,1,1,-1,1,1,1,-1,1,1,1,-1,1,1,1,-1,1,1,1,-1,1,1,1,-1,1,1,1,-1,1,1,1,-1,1,1,1,-1,1,1,1,-1,1,1,1,-1,1,1,1,-1,1,1,1,-1,1,1,1,-1,1,1,1,-1,1,1,1,-1,1,1,1,-1,1,1,1,-1,1,1,1,-1,1,1,1,-1,1,1,1,-1,1,1,1,-1,1,1,1,-1,1,1,1,-1,1,1,1,-1,1,1,1,-1,1,1,1,-1,1,1,1,-1,1,1,1,-1,1,1,1,-1,1,1,1,-1,1,1,1,-1,1,1,1,-1,1,1,1,-1,1,1,1,-1,1,1,1,-1,1,1,1,-1,1,1,1,-1,1,1,1,-1,1,1,1,-1,1,1,1,-1,1,1,1,-1,1,1,1,-1,1,1,1,-1,1,1,1,-1,1,1,1,-1,1,1,1,-1,1,1,1,-1,1,1,1,-1,1,1,1,-1,1,1,1,-1,1,1,1,-1,1,1,1,-1,1,1,1,-1,1,1,1,-1,1,1,1,-1,1,1,1,-1,1,1,1,-1,1,1,1,-1,1,1,1,-1,1,1,1,-1,1,1,1,-1,1,1,1,-1,1,1,1,-1,1,1,1,-1,1,1,1,-1,1,1,1,-1,1,1,1,-1,1,1,1,-1,1,1,1,-1,1,1,1,-1,1,1,1,-1,1,1,1,-1,1,1,1,-1,1,1,1,-1,1,1,1,-1,1,1,1,-1,1,1,1,-1,1,1,1,-1,1,1,1,-1,1,1,1,-1,1,1,1,-1,1,1,1,-1,1,1,1,-1,1,1,1,-1,1,1,1,-1,1,1,1,-1,1,1,1,-1,1,1,1,-1,1,1,1,-1,1,1,1,-1,1,1,1,-1,1,1,1,-1,1,1,1,-1,1,1,1,-1,1,1,1,-1,1,1,1,-1,1,1,1,-1,1,1,1,-1,1,1,1,-1,1,1,1,-1,1,1,1,-1,1,1,1,-1,1,1,1,-1,1,1,1,-1,1,1,1,-1,1,1,1,-1,1,1,1,-1,1,1,1,-1,1,1,1,-1,1,1,1,-1,1,1,1,-1,1,1,1,-1,1,1,1,-1,1,1,1,-1,1,1,1,-1,1,1,1,-1,1,1,1,-1,1,1,1,-1,1,1,1,-1,1,1,1,-1,1,1,1,-1,1,1,1,-1,1,1,1,-1,1,1,1,-1,1,1,1,-1,1,1,1,-1,1,1,1,-1,1,1,1,-1,1,1,1,-1,1,1,1,-1,1,1,1,-1,1,1,1,-1,1,1,1,-1,1,1,1,-1,1,1,1,-1,1,1,1,-1,1,1,1,-1,1,1,1,-1,1,1,1,-1,1,1,1,-1,1,1,1,-1,1,1,1,-1,1,1,1,-1,1,1,1,-1,1,1,1,-1,1,1,1,-1,1,1,1,-1,1,1,1,-1,1,1,1,-1,1,1,1,-1,1,1,1,-1,1,1,1,-1,1,1,1,-1,1,1,1,-1,1,1,1,-1,1,1,1,-1,1,1,1,-1,1,1,1,-1,1,1,1,-1,1,1,1,-1,1,1,1,-1,1,1,1,-1,1,1,1,-1,1,1,1,-1,1,1,1,-1,1,1,1,-1,1,1,1,-1,1,1,1,-1,1,1,1,-1,1,1,1,-1,1,1,1,-1,1,1,1,-1,1,1,1,-1,1,1,1,-1,1,1,1,-1,1,1,1,-1,1,1,1,-1,1,1,1,-1,1,1,1,-1,1,1,1,-1,1,1,1,-1,1,1,1,-1,1,1,1,-1,1,1,1,-1,1,1,1,-1,1,1,1,-1,1,1,1,-1,1,1,1,-1,1,1,1,-1,1,1,1,-1,1,1,1,-1,1,1,1,-1,1,1,1,-1,1,1,1,-1,1,1,1,-1,1,1,1,-1,1,1,1,-1,1,1,1,-1,1,1,1,-1,1,1,1,-1,1,1,1,-1,1,1,1,-1,1,1,1,-1,1,1,1,-1,1,1,1,-1,1,1,1,-1,1,1,1,-1,1,1,1,-1,1,1,1,-1,1,1,1,-1,1,1,1,-1,1,1,1,-1,1,1,1,-1,1,1,1,-1,1,1,1,-1,1,1,1,-1,1,1,1,-1,1,1,1,-1,1,1,1,-1,1,1,1,-1,1,1,1,-1,1,1,1,-1,1,1,1,-1,1,1,1,-1,1,1,1,-1,1,1,1,-1,1,1,1,-1,1,1,1,-1,1,1,1,-1,1,1,1,-1,1,1,1,-1,1,1,1,-1,1,1,1,-1,1,1,1,-1,1,1,1,-1,1,1,1,-1,1,1,1,-1,1,1,1,-1,1,1,1,-1,1,1,1,-1,1,1,1,-1,1,1,1,-1,1,1,1,-1,1,1,1,-1,1,1,1,-1,1,1,1,-1,1,1,1,-1,1,1,1,-1,1,1,1,-1,1,1,1,-1,1,1,1,-1,1,1,1,-1,1,1,1,-1,1,1,1,-1,1,1,1,-1,1,1,1,-1,1,1,1,-1,1,1,1,-1,1,1,1,-1,1,1,1,-1,1,1,1,-1,1,1,1,-1,1,1,1,-1,1,1,1,-1,1,1,1,-1,1,1,1,-1,1,1,1,-1,1,1,1,-1,1,1,1,-1,1,1,1,-1,1,1,1,-1,1,1,1,-1,1,1,1,-1,1,1,1,-1,1,1,1,-1,1,1,1,-1,1,1,1,-1,1,1,1,-1,1,1,1,-1,1,1,1,-1,1,1,1,-1,1,1,1,-1,1,1,1,-1,1,1,1,-1,1,1,1,-1,1,1,1,-1,1,1,1,-1,1,1,1,-1,1,1,1,-1,1,1,1,-1,1,1,1,-1,1,1,1,-1,1,1,1,-1,1,1,1,-1,1,1,1,-1,1,1,1,-1,1,1,1,-1,1,1,1,-1,1,1,1,-1,1,1,1,-1,1,1,1,-1,1,1,1,-1,1,1,1,-1,1,1,1,-1,1,1,1,-1,1,1,1,-1,1,1,1,-1,1,1,1,-1,1,1,1,-1,1,1,1,-1,1,1,1,-1,1,1,1,-1,1,1,1,-1,1,1,1,-1,1,1,1,-1,1,1,1,-1,1,1,1,-1,1,1,1,-1,1,1,1,-1,1,1,1,-1,1,1,1,-1,1,1,1,-1,1,1,1,-1,1,1,1,-1,1,1,1,-1,1,1,1,-1,1,1,1,-1,1,1,1,-1,1,1,1,-1,1,1,1,-1,1,1,1,-1,1,1,1,-1,1,1,1,-1,1,1,1,-1,1,1,1,-1,1,1,1,-1,1,1,1,-1,1,1,1,-1,1,1,1,-1,1,1,1,-1,1,1,1,-1,1,1,1,-1,1,1,1,-1,1,1,1,-1,1,1,1,-1,1,1,1,-1,1,1,1,-1,1,1,1,-1,1,1,1,-1,1,1,1,-1,1,1,1,-1,1,1,1,-1,1,1,1,-1,1,1,1,-1,1,1,1,-1,1,1,1,-1,1,1,1,-1,1,1,1,-1,1,1,1,-1,1,1,1,-1,1,1,1,-1,1,1,1,-1,1,1,1,-1,1,1,1,-1,1,1,1,-1,1,1,1,-1,1,1,1,-1,1,1,1,-1,1,1,1,-1,1,1,1,-1,1,1,1,-1,1,1,1,-1,1,1,1,-1,1,1,1,-1,1,1,1,-1,1,1,1,-1,1,1,1,-1,1,1,1,-1,1,1,1,-1,1,1,1,-1,1,1,1,-1,1,1,1,-1,1,1,1,-1,1,1,1,-1,1,1,1,-1,1,1,1,-1,1,1,1,-1,1,1,1,-1,1,1,1,-1,1,1,1,-1,1,1,1,-1,1,1,1,-1,1,1,1,-1,1,1,1,-1,1,1,1,-1,1,1,1,-1,1,1,1,-1,1,1,1,-1,1,1,1,-1,1,1,1,-1,1,1,1,-1,1,1,1,-1,1,1,1,-1,1,1,1,-1,1,1,1,-1,1,1,1,-1,1,1,1,-1,1,1,1,-1,1,1,1,-1,1,1,1,-1,1,1,1,-1,1,1,1,-1,1,1,1,-1,1,1,1,-1,1,1,1,-1,1,1,1,-1,1,1,1,-1,1,1,1,-1,1,1,1,-1,1,1,1,-1,1,1,1,-1,1,1,1,-1,1,1,1,-1,1,1,1,-1,1,1,1,-1,1,1,1,-1,1,1,1,-1,1,1,1,-1,1,1,1,-1,1,1,1,-1,1,1,1,-1,1,1,1,-1,1,1,1,-1,1,1,1,-1,1,1,1,-1,1,1,1,-1,1,1,1,-1,1,1,1,-1,1,1,1,-1,1,1,1,-1,1,1,1,-1,1,1,1,-1,1,1,1,-1,1,1,1,-1,1,1,1,-1,1,1,1,-1,1,1,1,-1,1,1,1,-1,1,1,1,-1,1,1,1,-1,1,1,1,-1,1,1,1,-1,1,1,1,-1,1,1,1,-1,1,1,1,-1,1,1,1,-1,1,1,1,-1,1,1,1,-1,1,1,1,-1,1,1,1,-1,1,1,1,-1,1,1,1,-1,1,1,1,-1,1,1,1,-1,1,1,1,-1,1,1,1,-1,1,1,1,-1,1,1,1,-1,1,1,1,-1,1,1,1,-1,1,1,1,-1,1,1,1,-1,1,1,1,-1,1,1,1,-1,1,1,1,-1,1,1,1,-1,1,1,1,-1,1,1,1,-1,1,1,1,-1,1,1,1,-1,1,1,1,-1,1,1,1,-1,1,1,1,-1,1,1,1,-1,1,1,1,-1,1,1,1,-1,1,1,1,-1,1,1,1,-1,1,1,1,-1,1,1,1,-1,1,1,1,-1,1,1,1,-1,1,1,1,-1,1,1,1,-1,1,1,1,-1,1,1,1,-1,1,1,1,-1,1,1,1,-1,1,1,1,-1,1,1,1,-1,1,1,1,-1,1,1,1,-1,1,1,1,-1,1,1,1,-1,1,1,1,-1,1,1,1,-1,1,1,1,-1,1,1,1,-1,1,1,1,-1,1,1,1,-1,1,1,1,-1,1,1,1,-1,1,1,1,-1,1,1,1,-1,1,1,1,-1,1,1,1,-1,1,1,1,-1,1,1,1,-1,1,1,1,-1,1,1,1,-1,1,1,1,-1,1,1,1,-1,1,1,1,-1,1,1,1,-1,1,1,1,-1,1,1,1,-1,1,1,1,-1,1,1,1,-1,1,1,1,-1,1,1,1,-1,1,1,1,-1,1,1,1,-1,1,1,1,-1,1,1,1,-1,1,1,1,-1,1,1,1,-1,1,1,1,-1,1,1,1,-1,1,1,1,-1,1,1,1,-1,1,1,1,-1,1,1,1,-1,1,1,1,-1,1,1,1,-1,1,1,1,-1,1,1,1,-1,1,1,1,-1,1,1,1,-1,1,1,1,-1,1,1,1,-1,1,1,1,-1,1,1,1,-1,1,1,1,-1,1,1,1,-1,1,1,1,-1,1,1,1,-1,1,1,1,-1,1,1,1,-1,1,1,1,-1,1,1,1,-1,1,1,1,-1,1,1,1,-1,1,1,1,-1,1,1,1,-1,1,1,1,-1,1,1,1,-1,1,1,1,-1,1,1,1,-1,1,1,1,-1,1,1,1,-1,1,1,1,-1,1,1,1,-1,1,1,1,-1,1,1,1,-1,1,1,1,-1,1,1,1,-1,1,1,1,-1,1,1,1,-1,1,1,1,-1,1,1,1,-1,1,1,1,-1,1,1,1,-1,1,1,1,-1,1,1,1,-1,1,1,1,-1,1,1,1,-1,1,1,1,-1,1,1,1,-1,1,1,1,-1,1,1,1,-1,1,1,1,-1,1,1,1,-1,1,1,1,-1,1,1,1,-1,1,1,1,-1,1,1,1,-1,1,1,1,-1,1,1,1,-1,1,1,1,-1,1,1,1,-1,1,1,1,-1,1,1,1,-1,1,1,1,-1,1,1,1,-1,1,1,1,-1,1,1,1,-1,1,1,1,-1,1,1,1,-1,1,1,1,-1,1,1,1,-1,1,1,1,-1,1,1,1,-1,1,1,1,-1,1,1,1,-1,1,1,1,-1,1,1,1,-1,1,1,1,-1,1,1,1,-1,1,1,1,-1,1,1,1,-1,1,1,1,-1,1,1,1,-1,1,1,1,-1,1,1,1,-1,1,1,1,-1,1,1,1,-1,1,1,1,-1,1,1,1,-1,1,1,1,-1,1,1,1,-1,1,1,1,-1,1,1,1,-1,1,1,1,-1,1,1,1,-1,1,1,1,-1,1,1,1,-1,1,1,1,-1,1,1,1,-1,1,1,1,-1,1,1,1,-1,1,1,1,-1,1,1,1,-1,1,1,1,-1,1,1,1,-1,1,1,1,-1,1,1,1,-1,1,1,1,-1,1,1,1,-1,1,1,1,-1,1,1,1,-1,1,1,1,-1,1,1,1,-1,1,1,1,-1,1,1,1,-1,1,1,1,-1,1,1,1,-1,1,1,1,-1,1,1,1,-1,1,1,1,-1,1,1,1,-1,1,1,1,-1,1,1,1,-1,1,1,1,-1,1,1,1,-1,1,1,1,-1,1,1,1,-1,1,1,1,-1,1,1,1,-1,1,1,1,-1,1,1,1,-1,1,1,1,-1,1,1,1,-1,1,1,1,-1,1,1,1,-1,1,1,1,-1,1,1,1,-1,1,1,1,-1,1,1,1,-1,1,1,1,-1,1,1,1,-1,1,1,1,-1,1,1,1,-1,1,1,1,-1,1,1,1,-1,1,1,1,-1,1,1,1,-1,1,1,1,-1,1,1,1,-1,1,1,1,-1,1,1,1,-1,1,1,1,-1,1,1,1,-1,1,1,1,-1,1,1,1,-1,1,1,1,-1,1,1,1,-1,1,1,1,-1,1,1,1,-1,1,1,1,-1,1,1,1,-1,1,1,1,-1,1,1,1,-1,1,1,1,-1,1,1,1,-1,1,1,1,-1,1,1,1,-1,1,1,1,-1,1,1,1,-1,1,1,1,-1,1,1,1,-1,1,1,1,-1,1,1,1,-1,1,1,1,-1,1,1,1,-1,1,1,1,-1,1,1,1,-1,1,1,1,-1,1,1,1,-1,1,1,1,-1,1,1,1,-1,1,1,1,-1,1,1,1,-1,1,1,1,-1,1,1,1,-1,1,1,1,-1,1,1,1,-1,1,1,1,-1,1,1,1,-1,1,1,1,-1,1,1,1,-1,1,1,1,-1,1,1,1,-1,1,1,1,-1,1,1,1,-1,1,1,1,-1,1,1,1,-1,1,1,1,-1,1,1,1,-1,1,1,1,-1,1,1,1,-1,1,1,1,-1,1,1,1,-1,1,1,1,-1,1,1,1,-1,1,1,1,-1,1,1,1,-1,1,1,1,-1,1,1,1,-1,1,1,1,-1,1,1,1,-1,1,1,1,-1,1,1,1,-1,1,1,1,-1,1,1,1,-1,1,1,1,-1,1,1,1,-1,1,1,1,-1,1,1,1,-1,1,1,1,-1,1,1,1,-1,1,1,1,-1,1,1,1,-1,1,1,1,-1,1,1,1,-1,1,1,1,-1,1,1,1,-1,1,1,1,-1,1,1,1,-1,1,1,1,-1,1,1,1,-1,1,1,1,-1,1,1,1,-1,1,1,1,-1,1,1,1,-1,1,1,1,-1,1,1,1,-1,1,1,1,-1,1,1,1,-1,1,1,1,-1,1,1,1,-1,1,1,1,-1,1,1,1,-1,1,1,1,-1,1,1,1,-1,1,1,1,-1,1,1,1,-1,1,1,1,-1,1,1,1,-1,1,1,1,-1,1,1,1,-1,1,1,1,-1,1,1,1,-1,1,1,1,-1,1,1,1,-1,1,1,1,-1,1,1,1,-1,1,1,1,-1,1,1,1,-1,1,1,1,-1,1,1,1,-1,1,1,1,-1,1,1,1,-1,1,1,1,-1,1,1,1,-1,1,1,1,-1,1,1,1,-1,1,1,1,-1,1,1,1,-1,1,1,1,-1,1,1,1,-1,1,1,1,-1,1,1,1,-1,1,1,1,-1,1,1,1,-1,1,1,1,-1,1,1,1,-1,1,1,1,-1,1,1,1,-1,1,1,1,-1,1,1,1,-1,1,1,1,-1,1,1,1,-1,1,1,1,-1,1,1,1,-1,1,1,1,-1,1,1,1,-1,1,1,1,-1,1,1,1,-1,1,1,1,-1,1,1,1,-1,1,1,1,-1,1,1,1,-1,1,1,1,-1,1,1,1,-1,1,1,1,-1,1,1,1,-1,1,1,1,-1,1,1,1,-1,1,1,1,-1,1,1,1,-1,1,1,1,-1,1,1,1,-1,1,1,1,-1,1,1,1,-1,1,1,1,-1,1,1,1,-1,1,1,1,-1,1,1,1,-1,1,1,1,-1,1,1,1,-1,1,1,1,-1,1,1,1,-1,1,1,1,-1,1,1,1,-1,1,1,1,-1,1,1,1,-1,1,1,1,-1,1,1,1,-1,1,1,1,-1,1,1,1,-1,1,1,1,-1,1,1,1,-1,1,1,1,-1,1,1,1,-1,1,1,1,-1,1,1,1,-1,1,1,1,-1,1,1,1,-1,1,1,1,-1,1,1,1,-1,1,1,1,-1,1,1,1,-1,1,1,1,-1,1,1,1,-1,1,1,1,-1,1,1,1,-1,1,1,1,-1,1,1,1,-1,1,1,1,-1,1,1,1,-1,1,1,1,-1,1,1,1,-1,1,1,1,-1,1,1,1,-1,1,1,1,-1,1,1,1,-1,1,1,1,-1,1,1,1,-1,1,1,1,-1,1,1,1,-1,1,1,1,-1,1,1,1,-1,1,1,1,-1,1,1,1,-1,1,1,1,-1,1,1,1,-1,1,1,1,-1,1,1,1,-1,1,1,1,-1,1,1,1,-1,1,1,1,-1,1,1,1,-1,1,1,1,-1,1,1,1,-1,1,1,1,-1,1,1,1,-1,1,1,1,-1,1,1,1,-1,1,1,1,-1,1,1,1,-1,1,1,1,-1,1,1,1,-1,1,1,1,-1,1,1,1,-1,1,1,1,-1,1,1,1,-1,1,1,1,-1,1,1,1,-1,1,1,1,-1,1,1,1,-1,1,1,1,-1,1,1,1,-1,1,1,1,-1,1,1,1,-1,1,1,1,-1,1,1,1,-1,1,1,1,-1,1,1,1,-1,1,1,1,-1,1,1,1,-1,1,1,1,-1,1,1,1,-1,1,1,1,-1,1,1,1,-1,1,1,1,-1,1,1,1,-1,1,1,1,-1,1,1,1,-1,1,1,1,-1,1,1,1,-1,1,1,1,-1,1,1,1,-1,1,1,1,-1,1,1,1,-1,1,1,1,-1,1,1,1,-1,1,1,1,-1,1,1,1,-1,1,1,1,-1,1,1,1,-1,1,1,1,-1,1,1,1,-1,1,1,1,-1,1,1,1,-1,1,1,1,-1,1,1,1,-1,1,1,1,-1,1,1,1,-1,1,1,1,-1,1,1,1,-1,1,1,1,-1,1,1,1,-1,1,1,1,-1,1,1,1,-1,1,1,1,-1,1,1,1,-1,1,1,1,-1,1,1,1,-1,1,1,1,-1,1,1,1,-1,1,1,1,-1,1,1,1,-1,1,1,1,-1,1,1,1,-1,1,1,1,-1,1,1,1,-1,1,1,1,-1,1,1,1,-1,1,1,1,-1,1,1,1,-1,1,1,1,-1,1,1,1,-1,1,1,1,-1,1,1,1,-1,1,1,1,-1,1,1,1,-1,1,1,1,-1,1,1,1,-1,1,1,1,-1,1,1,1,-1,1,1,1,-1,1,1,1,-1,1,1,1,-1,1,1,1,-1,1,1,1,-1,1,1,1,-1,1,1,1,-1,1,1,1,-1,1,1,1,-1,1,1,1,-1,1,1,1,-1,1,1,1,-1,1,1,1,-1,1,1,1,-1,1,1,1,-1,1,1,1,-1,1,1,1,-1,1,1,1,-1,1,1,1,-1,1,1,1,-1,1,1,1,-1,1,1,1,-1,1,1,1,-1,1,1,1,-1,1,1,1,-1,1,1,1,-1,1,1,1,-1,1,1,1,-1,1,1,1,-1,1,1,1,-1,1,1,1,-1,1,1,1,-1,1,1,1,-1,1,1,1,-1,1,1,1,-1,1,1,1,-1,1,1,1,-1,1,1,1,-1,1,1,1,-1,1,1,1,-1,1,1,1,-1,1,1,1,-1,1,1,1,-1,1,1,1,-1,1,1,1,-1,1,1,1,-1,1,1,1,-1,1,1,1,-1,1,1,1,-1,1,1,1,-1,1,1,1,-1,1,1,1,-1,1,1,1,-1,1,1,1,-1,1,1,1,-1,1,1,1,-1,1,1,1,-1,1,1,1,-1,1,1,1,-1,1,1,1,-1,1,1,1,-1,1,1,1,-1,1,1,1,-1,1,1,1,-1,1,1,1,-1,1,1,1,-1,1,1,1,-1,1,1,1,-1,1,1,1,-1,1,1,1,-1,1,1,1,-1,1,1,1,-1,1,1,1,-1,1,1,1,-1,1,1,1,-1,1,1,1,-1,1,1,1,-1,1,1,1,-1,1,1,1,-1,1,1,1,-1,1,1,1,-1,1,1,1,-1,1,1,1,-1,1,1,1,-1,1,1,1,-1,1,1,1,-1,1,1,1,-1,1,1,1,-1,1,1,1,-1,1,1,1,-1,1,1,1,-1,1,1,1,-1,1,1,1,-1,1,1,1,-1,1,1,1,-1,1,1,1,-1,1,1,1,-1,1,1,1,-1,1,1,1,-1,1,1,1,-1,1,1,1,-1,1,1,1,-1,1,1,1,-1,1,1,1,-1,1,1,1,-1,1,1,1,-1,1,1,1,-1,1,1,1,-1,1,1,1,-1,1,1,1,-1,1,1,1,-1,1,1,1,-1,1,1,1,-1,1,1,1,-1,1,1,1,-1,1,1,1,-1,1,1,1,-1,1,1,1,-1,1,1,1,-1,1,1,1,-1,1,1,1,-1,1,1,1,-1,1,1,1,-1,1,1,1,-1,1,1,1,-1,1,1,1,-1,1,1,1,-1,1,1,1,-1,1,1,1,-1,1,1,1,-1,1,1,1,-1,1,1,1,-1,1,1,1,-1,1,1,1,-1,1,1,1,-1,1,1,1,-1,1,1,1,-1,1,1,1,-1,1,1,1,-1,1,1,1,-1,1,1,1,-1,1,1,1,-1,1,1,1,-1,1,1,1,-1,1,1,1,-1,1,1,1,-1,1,1,1,-1,1,1,1,-1,1,1,1,-1,1,1,1,-1,1,1,1,-1,1,1,1,-1,1,1,1,-1,1,1,1,-1,1,1,1,-1,1,1,1,-1,1,1,1,-1,1,1,1,-1,1,1,1,-1,1,1,1,-1,1,1,1,-1,1,1,1,-1,1,1,1,-1,1,1,1,-1,1,1,1,-1,1,1,1,-1,1,1,1,-1,1,1,1,-1,1,1,1,-1,1,1,1,-1,1,1,1,-1,1,1,1,-1,1,1,1,-1,1,1,1,-1,1,1,1,-1,1,1,1,-1,1,1,1,-1,1,1,1,-1,1,1,1,-1,1,1,1,-1,1,1,1,-1,1,1,1,-1,1,1,1,-1,1,1,1,-1,1,1,1,-1,1,1,1,-1,1,1,1,-1,1,1,1,-1,1,1,1,-1,1,1,1,-1,1,1,1,-1,1,1,1,-1,1,1,1,-1,1,1,1,-1,1,1,1,-1,1,1,1,-1,1,1,1,-1,1,1,1,-1,1,1,1,-1,1,1,1,-1,1,1,1,-1,1,1,1,-1,1,1,1,-1,1,1,1,-1,1,1,1,-1,1,1,1,-1,1,1,1,-1,1,1,1,-1,1,1,1,-1,1,1,1,-1,1,1,1,-1,1,1,1,-1,1,1,1,-1,1,1,1,-1,1,1,1,-1,1,1,1,-1,1,1,1,-1,1,1,1,-1,1,1,1,-1,1,1,1,-1,1,1,1,-1,1,1,1,-1,1,1,1,-1,1,1,1,-1,1,1,1,-1,1,1,1,-1,1,1,1,-1,1,1,1,-1,1,1,1,-1,1,1,1,-1,1,1,1,-1,1,1,1,-1,1,1,1,-1,1,1,1,-1,1,1,1,-1,1,1,1,-1,1,1,1,-1,1,1,1,-1,1,1,1,-1,1,1,1,-1,1,1,1,-1,1,1,1,-1,1,1,1,-1,1,1,1,-1,1,1,1,-1,1,1,1,-1,1,1,1,-1,1,1,1,-1,1,1,1,-1,1,1,1,-1,1,1,1,-1,1,1,1,-1,1,1,1,-1,1,1,1,-1,1,1,1,-1,1,1,1,-1,1,1,1,-1,1,1,1,-1,1,1,1,-1,1,1,1,-1,1,1,1,-1,1,1,1,-1,1,1,1,-1,1,1,1,-1,1,1,1,-1,1,1,1,-1,1,1,1,-1,1,1,1,-1,1,1,1,-1,1,1,1,-1,1,1,1,-1,1,1,1,-1,1,1,1,-1,1,1,1,-1,1,1,1,-1,1,1,1,-1,1,1,1,-1,1,1,1,-1,1,1,1,-1,1,1,1,-1,1,1,1,-1,1,1,1,-1,1,1,1,-1,1,1,1,-1,1,1,1,-1,1,1,1,-1,1,1,1,-1,1,1,1,-1,1,1,1,-1,1,1,1,-1,1,1,1,-1,1,1,1,-1,1,1,1,-1,1,1,1,-1,1,1,1,-1,1,1,1,-1,1,1,1,-1,1,1,1,-1,1,1,1,-1,1,1,1,-1,1,1,1,-1,1,1,1,-1,1,1,1,-1,1,1,1,-1,1,1,1,-1,1,1,1,-1,1,1,1,-1,1,1,1,-1,1,1,1,-1,1,1,1,-1,1,1,1,-1,1,1,1,-1,1,1,1,-1,1,1,1,-1,1,1,1,-1,1,1,1,-1,1,1,1,-1,1,1,1,-1,1,1,1,-1,1,1,1,-1,1,1,1,-1,1,1,1,-1,1,1,1,-1,1,1,1,-1,1,1,1,-1,1,1,1,-1,1,1,1,-1,1,1,1,-1,1,1,1,-1,1,1,1,-1,1,1,1,-1,1,1,1,-1,1,1,1,-1,1,1,1,-1,1,1,1,-1,1,1,1,-1,1,1,1,-1,1,1,1,-1,1,1,1,-1,1,1,1,-1,1,1,1,-1,1,1,1,-1,1,1,1,-1,1,1,1,-1,1,1,1,-1,1,1,1,-1,1,1,1,-1,1,1,1,-1,1,1,1,-1,1,1,1,-1,1,1,1,-1,1,1,1,-1,1,1,1,-1,1,1,1,-1,1,1,1,-1,1,1,1,-1,1,1,1,-1,1,1,1,-1,1,1,1,-1,1,1,1,-1,1,1,1,-1,1,1,1,-1,1,1,1,-1,1,1,1,-1,1,1,1,-1,1,1,1,-1,1,1,1,-1,1,1,1,-1,1,1,1,-1,1,1,1,-1,1,1,1,-1,1,1,1,-1,1,1,1,-1,1,1,1,-1,1,1,1,-1,1,1,1,-1,1,1,1,-1,1,1,1,-1,1,1,1,-1,1,1,1,-1,1,1,1,-1,1,1,1,-1,1,1,1,-1,1,1,1,-1,1,1,1,-1,1,1,1,-1,1,1,1,-1,1,1,1,-1,1,1,1,-1,1,1,1,-1,1,1,1,-1,1,1,1,-1,1,1,1,-1,1,1,1,-1,1,1,1,-1,1,1,1,-1,1,1,1,-1,1,1,1,-1,1,1,1,-1,1,1,1,-1,1,1,1,-1,1,1,1,-1,1,1,1,-1,1,1,1,-1,1,1,1,-1,1,1,1,-1,1,1,1,-1,1,1,1,-1,1,1,1,-1,1,1,1,-1,1,1,1,-1,1,1,1,-1,1,1,1,-1,1,1,1,-1,1,1,1,-1,1,1,1,-1,1,1,1,-1,1,1,1,-1,1,1,1,-1,1,1,1,-1,1,1,1,-1,1,1,1,-1,1,1,1,-1,1,1,1,-1,1,1,1,-1,1,1,1,-1,1,1,1,-1,1,1,1,-1,1,1,1,-1,1,1,1,-1,1,1,1,-1,1,1,1,-1,1,1,1,-1,1,1,1,-1,1,1,1,-1,1,1,1,-1,1,1,1,-1,1,1,1,-1,1,1,1,-1,1,1,1,-1,1,1,1,-1,1,1,1,-1,1,1,1,-1,1,1,1,-1,1,1,1,-1,1,1,1,-1,1,1,1,-1,1,1,1,-1,1,1,1,-1,1,1,1,-1,1,1,1,-1,1,1,1,-1,1,1,1,-1,1,1,1,-1,1,1,1,-1,1,1,1,-1,1,1,1,-1,1,1,1,-1,1,1,1,-1,1,1,1,-1,1,1,1,-1,1,1,1,-1,1,1,1,-1,1,1,1,-1,1,1,1,-1,1,1,1,-1,1,1,1,-1,1,1,1,-1,1,1,1,-1,1,1,1,-1,1,1,1,-1,1,1,1,-1,1,1,1,-1,1,1,1,-1,1,1,1,-1,1,1,1,-1,1,1,1,-1,1,1,1,-1,1,1,1,-1,1,1,1,-1,1,1,1,-1,1,1,1,-1,1,1,1,-1,1,1,1,-1,1,1,1,-1,1,1,1,-1,1,1,1,-1,1,1,1,-1,1,1,1,-1,1,1,1,-1,1,1,1,-1,1,1,1,-1,1,1,1,-1,1,1,1,-1,1,1,1,-1,1,1,1,-1,1,1,1,-1,1,1,1,-1,1,1,1,-1,1,1,1,-1,1,1,1,-1,1,1,1,-1,1,1,1,-1,1,1,1,-1,1,1,1,-1,1,1,1,-1,1,1,1,-1,1,1,1,-1,1,1,1,-1,1,1,1,-1,1,1,1,-1,1,1,1,-1,1,1,1,-1,1,1,1,-1,1,1,1,-1,1,1,1,-1,1,1,1,-1,1,1,1,-1,1,1,1,-1,1,1,1,-1,1,1,1,-1,1,1,1,-1,1,1,1,-1,1,1,1,-1,1,1,1,-1,1,1,1,-1,1,1,1,-1,1,1,1,-1,1,1,1,-1,1,1,1,-1,1,1,1,-1,1,1,1,-1,1,1,1,-1,1,1,1,-1,1,1,1,-1,1,1,1,-1,1,1,1,-1,1,1,1,-1,1,1,1,-1,1,1,1,-1,1,1,1,-1,1,1,1,-1,1,1,1,-1,1,1,1,-1,1,1,1,-1,1,1,1,-1,1,1,1,-1,1,1,1,-1,1,1,1,-1,1,1,1,-1,1,1,1,-1,1,1,1,-1,1,1,1,-1,1,1,1,-1,1,1,1,-1,1,1,1,-1,1,1,1,-1,1,1,1,-1,1,1,1,-1,1,1,1,-1,1,1,1,-1,1,1,1,-1,1,1,1,-1,1,1,1,-1,1,1,1,-1,1,1,1,-1,1,1,1,-1,1,1,1,-1,1,1,1,-1,1,1,1,-1,1,1,1,-1,1,1,1,-1,1,1,1,-1,1,1,1,-1,1,1,1,-1,1,1,1,-1,1,1,1,-1,1,1,1,-1,1,1,1,-1,1,1,1,-1,1,1,1,-1,1,1,1,-1,1,1,1,-1,1,1,1,-1,1,1,1,-1,1,1,1,-1,1,1,1,-1,1,1,1,-1,1,1,1,-1,1,1,1,-1,1,1,1,-1,1,1,1,-1,1,1,1,-1,1,1,1,-1,1,1,1,-1,1,1,1,-1,1,1,1,-1,1,1,1,-1,1,1,1,-1,1,1,1,-1,1,1,1,-1,1,1,1,-1,1,1,1,-1,1,1,1,-1,1,1,1,-1,1,1,1,-1,1,1,1,-1,1,1,1,-1,1,1,1,-1,1,1,1,-1,1,1,1,-1,1,1,1,-1,1,1,1,-1,1,1,1,-1,1,1,1,-1,1,1,1,-1,1,1,1,-1,1,1,1,-1,1,1,1,-1,1,1,1,-1,1,1,1,-1,1,1,1,-1,1,1,1,-1,1,1,1,-1,1,1,1,-1,1,1,1,-1,1,1,1,-1,1,1,1,-1,1,1,1,-1,1,1,1,-1,1,1,1,-1,1,1,1,-1,1,1,1,-1,1,1,1,-1,1,1,1,-1,1,1,1,-1,1,1,1,-1,1,1,1,-1,1,1,1,-1,1,1,1,-1,1,1,1,-1,1,1,1,-1,1,1,1,-1,1,1,1,-1,1,1,1,-1,1,1,1,-1,1,1,1,-1,1,1,1,-1,1,1,1,-1,1,1,1,-1,1,1,1,-1,1,1,1,-1,1,1,1,-1,1,1,1,-1,1,1,1,-1,1,1,1,-1,1,1,1,-1,1,1,1,-1,1,1,1,-1,1,1,1,-1,1,1,1,-1,1,1,1,-1,1,1,1,-1,1,1,1,-1,1,1,1,-1,1,1,1,-1,1,1,1,-1,1,1,1,-1,1,1,1,-1,1,1,1,-1,1,1,1,-1,1,1,1,-1,1,1,1,-1,1,1,1,-1,1,1,1,-1,1,1,1,-1,1,1,1,-1,1,1,1,-1,1,1,1,-1,1,1,1,-1,1,1,1,-1,1,1,1,-1,1,1,1,-1,1,1,1,-1,1,1,1,-1,1,1,1,-1,1,1,1,-1,1,1,1,-1,1,1,1,-1,1,1,1,-1,1,1,1,-1,1,1,1,-1,1,1,1,-1,1,1,1,-1,1,1,1,-1,1,1,1,-1,1,1,1,-1,1,1,1,-1,1,1,1,-1,1,1,1,-1,1,1,1,-1,1,1,1,-1,1,1,1,-1,1,1,1,-1,1,1,1,-1,1,1,1,-1,1,1,1,-1,1,1,1,-1,1,1,1,-1,1,1,1,-1,1,1,1,-1,1,1,1,-1,1,1,1,-1,1,1,1,-1,1,1,1,-1,1,1,1,-1,1,1,1,-1,1,1,1,-1,1,1,1,-1,1,1,1,-1,1,1,1,-1,1,1,1,-1,1,1,1,-1,1,1,1,-1,1,1,1,-1,1,1,1,-1,1,1,1,-1,1,1,1,-1,1,1,1,-1,1,1,1,-1,1,1,1,-1,1,1,1,-1,1,1,1,-1,1,1,1,-1,1,1,1,-1,1,1,1,-1,1,1,1,-1,1,1,1,-1,1,1,1,-1,1,1,1,-1,1,1,1,-1,1,1,1,-1,1,1,1,-1,1,1,1,-1,1,1,1,-1,1,1,1,-1,1,1,1,-1,1,1,1,-1,1,1,1,-1,1,1,1,-1,1,1,1,-1,1,1,1,-1,1,1,1,-1,1,1,1,-1,1,1,1,-1,1,1,1,-1,1,1,1,-1,1,1,1,-1,1,1,1,-1,1,1,1,-1,1,1,1,-1,1,1,1,-1,1,1,1,-1,1,1,1,-1,1,1,1,-1,1,1,1,-1,1,1,1,-1,1,1,1,-1,1,1,1,-1,1,1,1,-1,1,1,1,-1,1,1,1,-1,1,1,1,-1,1,1,1,-1,1,1,1,-1,1,1,1,-1,1,1,1,-1,1,1,1,-1,1,1,1,-1,1,1,1,-1,1,1,1,-1,1,1,1,-1,1,1,1,-1,1,1,1,-1,1,1,1,-1,1,1,1,-1,1,1,1,-1,1,1,1,-1,1,1,1,-1,1,1,1,-1,1,1,1,-1,1,1,1,-1,1,1,1,-1,1,1,1,-1,1,1,1,-1,1,1,1,-1,1,1,1,-1,1,1,1,-1,1,1,1,-1,1,1,1,-1,1,1,1,-1,1,1,1,-1,1,1,1,-1,1,1,1,-1,1,1,1,-1,1,1,1,-1,1,1,1,-1,1,1,1,-1,1,1,1,-1,1,1,1,-1,1,1,1,-1,1,1,1,-1,1,1,1,-1,1,1,1,-1,1,1,1,-1,1,1,1,-1,1,1,1,-1,1,1,1,-1,1,1,1,-1,1,1,1,-1,1,1,1,-1,1,1,1,-1,1,1,1,-1,1,1,1,-1,1,1,1,-1,1,1,1,-1,1,1,1,-1,1,1,1,-1,1,1,1,-1,1,1,1,-1,1,1,1,-1,1,1,1,-1,1,1,1,-1,1,1,1,-1,1,1,1,-1,1,1,1,-1,1,1,1,-1,1,1,1,-1,1,1,1,-1,1,1,1,-1,1,1,1,-1,1,1,1,-1,1,1,1,-1,1,1,1,-1,1,1,1,-1,1,1,1,-1,1,1,1,-1,1,1,1,-1,1,1,1,-1,1,1,1,-1,1,1,1,-1,1,1,1,-1,1,1,1,-1,1,1,1,-1,1,1,1,-1,1,1,1,-1,1,1,1,-1,1,1,1,-1,1,1,1,-1,1,1,1,-1,1,1,1,-1,1,1,1,-1,1,1,1,-1,1,1,1,-1,1,1,1,-1,1,1,1,-1,1,1,1,-1,1,1,1,-1,1,1,1,-1,1,1,1,-1,1,1,1,-1,1,1,1,-1,1,1,1,-1,1,1,1,-1,1,1,1,-1,1,1,1,-1,1,1,1,-1,1,1,1,-1,1,1,1,-1,1,1,1,-1,1,1,1,-1,1,1,1,-1,1,1,1,-1,1,1,1,-1,1,1,1,-1,1,1,1,-1,1,1,1,-1,1,1,1,-1,1,1,1,-1,1,1,1,-1,1,1,1,-1,1,1,1,-1,1,1,1,-1,1,1,1,-1,1,1,1,-1,1,1,1,-1,1,1,1,-1,1,1,1,-1,1,1,1,-1,1,1,1,-1,1,1,1,-1,1,1,1,-1,1,1,1,-1,1,1,1,-1,1,1,1,-1,1,1,1,-1,1,1,1,-1,1,1,1,-1,1,1,1,-1,1,1,1,-1,1,1,1,-1,1,1,1,-1,1,1,1,-1,1,1,1,-1,1,1,1,-1,1,1,1,-1,1,1,1,-1,1,1,1,-1,1,1,1,-1,1,1,1,-1,1,1,1,-1,1,1,1,-1,1,1,1,-1,1,1,1,-1,1,1,1,-1,1,1,1,-1,1,1,1,-1,1,1,1,-1,1,1,1,-1,1,1,1,-1,1,1,1,-1,1,1,1,-1,1,1,1,-1,1,1,1,-1,1,1,1,-1,1,1,1,-1,1,1,1,-1,1,1,1,-1,1,1,1,-1,1,1,1,-1,1,1,1,-1,1,1,1,-1,1,1,1,-1,1,1,1,-1,1,1,1,-1,1,1,1,-1,1,1,1,-1,1,1,1,-1,1,1,1,-1,1,1,1,-1,1,1,1,-1,1,1,1,-1,1,1,1,-1,1,1,1,-1,1,1,1,-1,1,1,1,-1,1,1,1,-1,1,1,1,-1,1,1,1,-1,1,1,1,-1,1,1,1,-1,1,1,1,-1,1,1,1,-1,1,1,1,-1,1,1,1,-1,1,1,1,-1,1,1,1,-1,1,1,1,-1,1,1,1,-1,1,1,1,-1,1,1,1,-1,1,1,1,-1,1,1,1,-1,1,1,1,-1,1,1,1,-1,1,1,1,-1,1,1,1,-1,1,1,1,-1,1,1,1,-1,1,1,1,-1,1,1,1,-1,1,1,1,-1,1,1,1,-1,1,1,1,-1,1,1,1,-1,1,1,1,-1,1,1,1,-1,1,1,1,-1,1,1,1,-1,1,1,1,-1,1,1,1,-1,1,1,1,-1,1,1,1,-1,1,1,1,-1,1,1,1,-1,1,1,1,-1,1,1,1,-1,1,1,1,-1,1,1,1,-1,1,1,1,-1,1,1,1,-1,1,1,1,-1,1,1,1,-1,1,1,1,-1,1,1,1,-1,1,1,1,-1,1,1,1,-1,1,1,1,-1,1,1,1,-1,1,1,1,-1,1,1,1,-1,1,1,1,-1,1,1,1,-1,1,1,1,-1,1,1,1,-1,1,1,1,-1,1,1,1,-1,1,1,1,-1,1,1,1,-1,1,1,1,-1,1,1,1,-1,1,1,1,-1,1,1,1,-1,1,1,1,-1,1,1,1,-1,1,1,1,-1,1,1,1,-1,1,1,1,-1,1,1,1,-1,1,1,1,-1,1,1,1,-1,1,1,1,-1,1,1,1,-1,1,1,1,-1,1,1,1,-1,1,1,1,-1,1,1,1,-1,1,1,1,-1,1,1,1,-1,1,1,1,-1,1,1,1,-1,1,1,1,-1,1,1,1,-1,1,1,1,-1,1,1,1,-1,1,1,1,-1,1,1,1,-1,1,1,1,-1,1,1,1,-1,1,1,1,-1,1,1,1,-1,1,1,1,-1,1,1,1,-1,1,1,1,-1,1,1,1,-1,1,1,1,-1,1,1,1,-1,1,1,1,-1,1,1,1,-1,1,1,1,-1,1,1,1,-1,1,1,1,-1,1,1,1,-1,1,1,1,-1,1,1,1,-1,1,1,1,-1,1,1,1,-1,1,1,1,-1,1,1,1,-1,1,1,1,-1,1,1,1,-1,1,1,1,-1,1,1,1,-1,1,1,1,-1,1,1,1,-1,1,1,1,-1,1,1,1,-1,1,1,1,-1,1,1,1,-1,1,1,1,-1,1,1,1,-1,1,1,1,-1,1,1,1,-1,1,1,1,-1,1,1,1,-1,1,1,1,-1,1,1,1,-1,1,1,1,-1,1,1,1,-1,1,1,1,-1,1,1,1,-1,1,1,1,-1,1,1,1,-1,1,1,1,-1,1,1,1,-1,1,1,1,-1,1,1,1,-1,1,1,1,-1,1,1,1,-1,1,1,1,-1,1,1,1,-1,1,1,1,-1,1,1,1,-1,1,1,1,-1,1,1,1,-1,1,1,1,-1,1,1,1,-1,1,1,1,-1,1,1,1,-1,1,1,1,-1,1,1,1,-1,1,1,1,-1,1,1,1,-1,1,1,1,-1,1,1,1,-1,1,1,1,-1,1,1,1,-1,1,1,1,-1,1,1,1,-1,1,1,1,-1,1,1,1,-1,1,1,1,-1,1,1,1,-1,1,1,1,-1,1,1,1,-1,1,1,1,-1,1,1,1,-1,1,1,1,-1,1,1,1,-1,1,1,1,-1,1,1,1,-1,1,1,1,-1,1,1,1,-1,1,1,1,-1,1,1,1,-1,1,1,1,-1,1,1,1,-1,1,1,1,-1,1,1,1,-1,1,1,1,-1,1,1,1,-1,1,1,1,-1,1,1,1,-1,1,1,1,-1,1,1,1,-1,1,1,1,-1,1,1,1,-1,1,1,1,-1,1,1,1,-1,1,1,1,-1,1,1,1,-1,1,1,1,-1,1,1,1,-1,1,1,1,-1,1,1,1,-1,1,1,1,-1,1,1,1,-1,1,1,1,-1,1,1,1,-1,1,1,1,-1,1,1,1,-1,1,1,1,-1,1,1,1,-1,1,1,1,-1,1,1,1,-1,1,1,1,-1,1,1,1,-1,1,1,1,-1,1,1,1,-1,1,1,1,-1,1,1,1,-1,1,1,1,-1,1,1,1,-1,1,1,1,-1,1,1,1,-1,1,1,1,-1,1,1,1,-1,1,1,1,-1,1,1,1,-1,1,1,1,-1,1,1,1,-1,1,1,1,-1,1,1,1,-1,1,1,1,-1,1,1,1,-1,1,1,1,-1,1,1,1,-1,1,1,1,-1,1,1,1,-1,1,1,1,-1,1,1,1,-1,1,1,1,-1,1,1,1,-1,1,1,1,-1,1,1,1,-1,1,1,1,-1,1,1,1,-1,1,1,1,-1,1,1,1,-1,1,1,1,-1,1,1,1,-1,1,1,1,-1,1,1,1,-1,1,1,1,-1,1,1,1,-1,1,1,1,-1,1,1,1,-1,1,1,1,-1,1,1,1,-1,1,1,1,-1,1,1,1,-1,1,1,1,-1,1,1,1,-1,1,1,1,-1,1,1,1,-1,1,1,1,-1,1,1,1,-1,1,1,1,-1,1,1,1,-1,1,1,1,-1,1,1,1,-1,1,1,1,-1,1,1,1,-1,1,1,1,-1,1,1,1,-1,1,1,1,-1,1,1,1,-1,1,1,1,-1,1,1,1,-1,1,1,1,-1,1,1,1,-1,1,1,1,-1,1,1,1,-1,1,1,1,-1,1,1,1,-1,1,1,1,-1,1,1,1,-1,1,1,1,-1,1,1,1,-1,1,1,1,-1,1,1,1,-1,1,1,1,-1,1,1,1,-1,1,1,1,-1,1,1,1,-1,1,1,1,-1,1,1,1,-1,1,1,1,-1,1,1,1,-1,1,1,1,-1,1,1,1,-1,1,1,1,-1,1,1,1,-1,1,1,1,-1,1,1,1,-1,1,1,1,-1,1,1,1,-1,1,1,1,-1,1,1,1,-1,1,1,1,-1,1,1,1,-1,1,1,1,-1,1,1,1,-1,1,1,1,-1,1,1,1,-1,1,1,1,-1,1,1,1,-1,1,1,1,-1,1,1,1,-1,1,1,1,-1,1,1,1,-1,1,1,1,-1,1,1,1,-1,1,1,1,-1,1,1,1,-1,1,1,1,-1,1,1,1,-1,1,1,1,-1,1,1,1,-1,1,1,1,-1,1,1,1,-1,1,1,1,-1,1,1,1,-1,1,1,1,-1,1,1,1,-1,1,1,1,-1,1,1,1,-1,1,1,1,-1,1,1,1,-1,1,1,1,-1,1,1,1,-1,1,1,1,-1,1,1,1,-1,1,1,1,-1,1,1,1,-1,1,1,1,-1,1,1,1,-1,1,1,1,-1,1,1,1,-1,1,1,1,-1,1,1,1,-1,1,1,1,-1,1,1,1,-1,1,1,1,-1,1,1,1,-1,1,1,1,-1,1,1,1,-1,1,1,1,-1,1,1,1,-1,1,1,1,-1,1,1,1,-1,1,1,1,-1,1,1,1,-1,1,1,1,-1,1,1,1,-1,1,1,1,-1,1,1,1,-1,1,1,1,-1,1,1,1,-1,1,1,1,-1,1,1,1,-1,1,1,1,-1,1,1,1,-1,1,1,1,-1,1,1,1,-1,1,1,1,-1,1,1,1,-1,1,1,1,-1,1,1,1,-1,1,1,1,-1,1,1,1,-1,1,1,1,-1,1,1,1,-1,1,1,1,-1,1,1,1,-1,1,1,1,-1,1,1,1,-1,1,1,1,-1,1,1,1,-1,1,1,1,-1,1,1,1,-1,1,1,1,-1,1,1,1,-1,1,1,1,-1,1,1,1,-1,1,1,1,-1,1,1,1,-1,1,1,1,-1,1,1,1,-1,1,1,1,-1,1,1,1,-1,1,1,1,-1,1,1,1,-1,1,1,1,-1,1,1,1,-1,1,1,1,-1,1,1,1,-1,1,1,1,-1,1,1,1,-1,1,1,1,-1,1,1,1,-1,1,1,1,-1,1,1,1,-1,1,1,1,-1,1,1,1,-1,1,1,1,-1,1,1,1,-1,1,1,1,-1,1,1,1,-1,1,1,1,-1,1,1,1,-1,1,1,1,-1,1,1,1,-1,1,1,1,-1,1,1,1,-1,1,1,1,-1,1,1,1,-1,1,1,1,-1,1,1,1,-1,1,1,1,-1,1,1,1,-1,1,1,1,-1,1,1,1,-1,1,1,1,-1,1,1,1,-1,1,1,1,-1,1,1,1,-1,1,1,1,-1,1,1,1,-1,1,1,1,-1,1,1,1,-1,1,1,1,-1,1,1,1,-1,1,1,1,-1,1,1,1,-1,1,1,1,-1,1,1,1,-1,1,1,1,-1,1,1,1,-1,1,1,1,-1,1,1,1,-1,1,1,1,-1,1,1,1,-1,1,1,1,-1,1,1,1,-1,1,1,1,-1,1,1,1,-1,1,1,1,-1,1,1,1,-1,1,1,1,-1,1,1,1,-1,1,1,1,-1,1,1,1,-1,1,1,1,-1,1,1,1,-1,1,1,1,-1,1,1,1,-1,1,1,1,-1,1,1,1,-1,1,1,1,-1,1,1,1,-1,1,1,1,-1,1,1,1,-1,1,1,1,-1,1,1,1,-1,1,1,1,-1,1,1,1,-1,1,1,1,-1,1,1,1,-1,1,1,1,-1,1,1,1,-1,1,1,1,-1,1,1,1,-1,1,1,1,-1,1,1,1,-1,1,1,1,-1,1,1,1,-1,1,1,1,-1,1,1,1,-1,1,1,1,-1,1,1,1,-1,1,1,1,-1,1,1,1,-1,1,1,1,-1,1,1,1,-1,1,1,1,-1,1,1,1,-1,1,1,1,-1,1,1,1,-1,1,1,1,-1,1,1,1,-1,1,1,1,-1,1,1,1,-1,1,1,1,-1,1,1,1,-1,1,1,1,-1,1,1,1,-1,1,1,1,-1,1,1,1,-1,1,1,1,-1,1,1,1,-1,1,1,1,-1,1,1,1,-1,1,1,1,-1,1,1,1,-1,1,1,1,-1,1,1,1,-1,1,1,1,-1,1,1,1,-1,1,1,1,-1,1,1,1,-1,1,1,1,-1,1,1,1,-1,1,1,1,-1,1,1,1,-1,1,1,1,-1,1,1,1,-1,1,1,1,-1,1,1,1,-1,1,1,1,-1,1,1,1,-1,1,1,1,-1,1,1,1,-1,1,1,1,-1,1,1,1,-1,1,1,1,-1,1,1,1,-1,1,1,1,-1,1,1,1,-1,1,1,1,-1,1,1,1,-1,1,1,1,-1,1,1,1,-1,1,1,1,-1,1,1,1,-1,1,1,1,-1,1,1,1,-1,1,1,1,-1,1,1,1,-1,1,1,1,-1,1,1,1,-1,1,1,1,-1,1,1,1,-1,1,1,1,-1,1,1,1,-1,1,1,1,-1,1,1,1,-1,1,1,1,-1,1,1,1,-1,1,1,1,-1,1,1,1,-1,1,1,1,-1,1,1,1,-1,1,1,1,-1,1,1,1,-1,1,1,1,-1,1,1,1,-1,1,1,1,-1,1,1,1,-1,1,1,1,-1,1,1,1,-1,1,1,1,-1,1,1,1,-1,1,1,1,-1,1,1,1,-1,1,1,1,-1,1,1,1,-1,1,1,1,-1,1,1,1,-1,1,1,1,-1,1,1,1,-1,1,1,1,-1,1,1,1,-1,1,1,1,-1,1,1,1,-1,1,1,1,-1,1,1,1,-1,1,1,1,-1,1,1,1,-1,1,1,1,-1,1,1,1,-1,1,1,1,-1,1,1,1,-1,1,1,1,-1,1,1,1,-1,1,1,1,-1,1,1,1,-1,1,1,1,-1,1,1,1,-1,1,1,1,-1,1,1,1,-1,1,1,1,-1,1,1,1,-1,1,1,1,-1,1,1,1,-1,1,1,1,-1,1,1,1,-1,1,1,1,-1,1,1,1,-1,1,1,1,-1,1,1,1,-1,1,1,1,-1,1,1,1,-1,1,1,1,-1,1,1,1,-1,1,1,1,-1,1,1,1,-1,1,1,1,-1,1,1,1,-1,1,1,1,-1,1,1,1,-1,1,1,1,-1,1,1,1,-1,1,1,1,-1,1,1,1,-1,1,1,1,-1,1,1,1,-1,1,1,1,-1,1,1,1,-1,1,1,1,-1,1,1,1,-1,1,1,1,-1,1,1,1,-1,1,1,1,-1,1,1,1,-1,1,1,1,-1,1,1,1,-1,1,1,1,-1,1,1,1,-1,1,1,1,-1,1,1,1,-1,1,1,1,-1,1,1,1,-1,1,1,1,-1,1,1,1,-1,1,1,1,-1,1,1,1,-1,1,1,1,-1,1,1,1,-1,1,1,1,-1,1,1,1,-1,1,1,1,-1,1,1,1,-1,1,1,1,-1,1,1,1,-1,1,1,1,-1,1,1,1,-1,1,1,1,-1,1,1,1,-1,1,1,1,-1,1,1,1,-1,1,1,1,-1,1,1,1,-1,1,1,1,-1,1,1,1,-1,1,1,1,-1,1,1,1,-1,1,1,1,-1,1,1,1,-1,1,1,1,-1,1,1,1,-1,1,1,1,-1,1,1,1,-1,1,1,1,-1,1,1,1,-1,1,1,1,-1,1,1,1,-1,1,1,1,-1,1,1,1,-1,1,1,1,-1,1,1,1,-1,1,1,1,-1,1,1,1,-1,1,1,1,-1,1,1,1,-1,1,1,1,-1,1,1,1,-1,1,1,1,-1,1,1,1,-1,1,1,1,-1,1,1,1,-1,1,1,1,-1,1,1,1,-1,1,1,1,-1,1,1,1,-1,1,1,1,-1,1,1,1,-1,1,1,1,-1,1,1,1,-1,1,1,1,-1,1,1,1,-1,1,1,1,-1,1,1,1,-1,1,1,1,-1,1,1,1,-1,1,1,1,-1,1,1,1,-1,1,1,1,-1,1,1,1,-1,1,1,1,-1,1,1,1,-1,1,1,1,-1,1,1,1,-1,1,1,1,-1,1,1,1,-1,1,1,1,-1,1,1,1,-1,1,1,1,-1,1,1,1,-1,1,1,1,-1,1,1,1,-1,1,1,1,-1,1,1,1,-1,1,1,1,-1,1,1,1,-1,1,1,1,-1,1,1,1,-1,1,1,1,-1,1,1,1,-1,1,1,1,-1,1,1,1,-1,1,1,1,-1,1,1,1,-1,1,1,1,-1,1,1,1,-1,1,1,1,-1,1,1,1,-1,1,1,1,-1,1,1,1,-1,1,1,1,-1,1,1,1,-1,1,1,1,-1,1,1,1,-1,1,1,1,-1,1,1,1,-1,1,1,1,-1,1,1,1,-1,1,1,1,-1,1,1,1,-1,1,1,1,-1,1,1,1,-1,1,1,1,-1,1,1,1,-1,1,1,1,-1,1,1,1,-1,1,1,1,-1,1,1,1,-1,1,1,1,-1,1,1,1,-1,1,1,1,-1,1,1,1,-1,1,1,1,-1,1,1,1,-1,1,1,1,-1,1,1,1,-1,1,1,1,-1,1,1,1,-1,1,1,1,-1,1,1,1,-1,1,1,1,-1,1,1,1,-1,1,1,1,-1,1,1,1,-1,1,1,1,-1,1,1,1,-1,1,1,1,-1,1,1,1,-1,1,1,1,-1,1,1,1,-1,1,1,1,-1,1,1,1,-1,1,1,1,-1,1,1,1,-1,1,1,1,-1,1,1,1,-1,1,1,1,-1,1,1,1,-1,1,1,1,-1,1,1,1,-1,1,1,1,-1,1,1,1,-1,1,1,1,-1,1,1,1,-1,1,1,1,-1,1,1,1,-1,1,1,1,-1,1,1,1,-1,1,1,1,-1,1,1,1,-1,1,1,1,-1,1,1,1,-1,1,1,1,-1,1,1,1,-1,1,1,1,-1,1,1,1,-1,1,1,1,-1,1,1,1,-1,1,1,1,-1,1,1,1,-1,1,1,1,-1,1,1,1,-1,1,1,1,-1,1,1,1,-1,1,1,1,-1,1,1,1,-1,1,1,1,-1,1,1,1,-1,1,1,1,-1,1,1,1,-1,1,1,1,-1,1,1,1,-1,1,1,1,-1,1,1,1,-1,1,1,1,-1,1,1,1,-1,1,1,1,-1,1,1,1,-1,1,1,1,-1,1,1,1,-1,1,1,1,-1,1,1,1,-1,1,1,1,-1,1,1,1,-1,1,1,1,-1,1,1,1,-1,1,1,1,-1,1,1,1,-1,1,1,1,-1,1,1,1,-1,1,1,1,-1,1,1,1,-1,1,1,1,-1,1,1,1,-1,1,1,1,-1,1,1,1,-1,1,1,1,-1,1,1,1,-1,1,1,1,-1,1,1,1,-1,1,1,1,-1,1,1,1,-1,1,1,1,-1,1,1,1,-1,1,1,1,-1,1,1,1,-1,1,1,1,-1,1,1,1,-1,1,1,1,-1,1,1,1,-1,1,1,1,-1,1,1,1,-1,1,1,1,-1,1,1,1,-1,1,1,1,-1,1,1,1,-1,1,1,1,-1,1,1,1,-1,1,1,1,-1,1,1,1,-1,1,1,1,-1,1,1,1,-1,1,1,1,-1,1,1,1,-1,1,1,1,-1,1,1,1,-1,1,1,1,-1,1,1,1,-1,1,1,1,-1,1,1,1,-1,1,1,1,-1,1,1,1,-1,1,1,1,-1,1,1,1,-1,1,1,1,-1,1,1,1,-1,1,1,1,-1,1,1,1,-1,1,1,1,-1,1,1,1,-1,1,1,1,-1,1,1,1,-1,1,1,1,-1,1,1,1,-1,1,1,1,-1,1,1,1,-1,1,1,1,-1,1,1,1,-1,1,1,1,-1,1,1,1,-1,1,1,1,-1,1,1,1,-1,1,1,1,-1,1,1,1,-1,1,1,1,-1,1,1,1,-1,1,1,1,-1,1,1,1,-1,1,1,1,-1,1,1,1,-1,1,1,1,-1,1,1,1,-1,1,1,1,-1,1,1,1,-1,1,1,1,-1,1,1,1,-1,1,1,1,-1,1,1,1,-1,1,1,1,-1,1,1,1,-1,1,1,1,-1,1,1,1,-1,1,1,1,-1,1,1,1,-1,1,1,1,-1,1,1,1,-1,1,1,1,-1,1,1,1,-1,1,1,1,-1,1,1,1,-1,1,1,1,-1,1,1,1,-1,1,1,1,-1,1,1,1,-1,1,1,1,-1,1,1,1,-1,1,1,1,-1,1,1,1,-1,1,1,1,-1,1,1,1,-1,1,1,1,-1,1,1,1,-1,1,1,1,-1,1,1,1,-1,1,1,1,-1,1,1,1,-1,1,1,1,-1,1,1,1,-1,1,1,1,-1,1,1,1,-1,1,1,1,-1,1,1,1,-1,1,1,1,-1,1,1,1,-1,1,1,1,-1,1,1,1,-1,1,1,1,-1,1,1,1,-1,1,1,1,-1,1,1,1,-1,1,1,1,-1,1,1,1,-1,1,1,1,-1,1,1,1,-1,1,1,1,-1,1,1,1,-1,1,1,1,-1,1,1,1,-1,1,1,1,-1,1,1,1,-1,1,1,1,-1,1,1,1,-1,1,1,1,-1,1,1,1,-1,1,1,1,-1,1,1,1,-1,1,1,1,-1,1,1,1,-1,1,1,1,-1,1,1,1,-1,1,1,1,-1,1,1,1,-1,1,1,1,-1,1,1,1,-1,1,1,1,-1,1,1,1,-1,1,1,1,-1,1,1,1,-1,1,1,1,-1,1,1,1,-1,1,1,1,-1,1,1,1,-1,1,1,1,-1,1,1,1,-1,1,1,1,-1,1,1,1,-1,1,1,1,-1,1,1,1,-1,1,1,1,-1,1,1,1,-1,1,1,1,-1,1,1,1,-1,1,1,1,-1,1,1,1,-1,1,1,1,-1,1,1,1,-1,1,1,1,-1,1,1,1,-1,1,1,1,-1,1,1,1,-1,1,1,1,-1,1,1,1,-1,1,1,1,-1,1,1,1,-1,1,1,1,-1,1,1,1,-1,1,1,1,-1,1,1,1,-1,1,1,1,-1,1,1,1,-1,1,1,1,-1,1,1,1,-1,1,1,1,-1,1,1,1,-1,1,1,1,-1,1,1,1,-1,1,1,1,-1,1,1,1,-1,1,1,1,-1,1,1,1,-1,1,1,1,-1,1,1,1,-1,1,1,1,-1,1,1,1,-1,1,1,1,-1,1,1,1,-1,1,1,1,-1,1,1,1,-1,1,1,1,-1,1,1,1,-1,1,1,1,-1,1,1,1,-1,1,1,1,-1,1,1,1,-1,1,1,1,-1,1,1,1,-1,1,1,1,-1,1,1,1,-1,1,1,1,-1,1,1,1,-1,1,1,1,-1,1,1,1,-1,1,1,1,-1,1,1,1,-1,1,1,1,-1,1,1,1,-1,1,1,1,-1,1,1,1,-1,1,1,1,-1,1,1,1,-1,1,1,1,-1,1,1,1,-1,1,1,1,-1,1,1,1,-1,1,1,1,-1,1,1,1,-1,1,1,1,-1,1,1,1,-1,1,1,1,-1,1,1,1,-1,1,1,1,-1,1,1,1,-1,1,1,1,-1,1,1,1,-1,1,1,1,-1,1,1,1,-1,1,1,1,-1,1,1,1,-1,1,1,1,-1,1,1,1,-1,1,1,1,-1,1,1,1,-1,1,1,1,-1,1,1,1,-1,1,1,1,-1,1,1,1,-1,1,1,1,-1,1,1,1,-1,1,1,1,-1,1,1,1,-1,1,1,1,-1,1,1,1,-1,1,1,1,-1,1,1,1,-1,1,1,1,-1,1,1,1,-1,1,1,1,-1,1,1,1,-1,1,1,1,-1,1,1,1,-1,1,1,1,-1,1,1,1,-1,1,1,1,-1,1,1,1,-1,1,1,1,-1,1,1,1,-1,1,1,1,-1,1,1,1,-1,1,1,1,-1,1,1,1,-1,1,1,1,-1,1,1,1,-1,1,1,1,-1,1,1,1,-1,1,1,1,-1,1,1,1,-1,1,1,1,-1,1,1,1,-1,1,1,1,-1,1,1,1,-1,1,1,1,-1,1,1,1,-1,1,1,1,-1,1,1,1,-1,1,1,1,-1,1,1,1,-1,1,1,1,-1,1,1,1,-1,1,1,1,-1,1,1,1,-1,1,1,1,-1,1,1,1,-1,1,1,1,-1,1,1,1,-1,1,1,1,-1,1,1,1,-1,1,1,1,-1,1,1,1,-1,1,1,1,-1,1,1,1,-1,1,1,1,-1,1,1,1,-1,1,1,1,-1,1,1,1,-1,1,1,1,-1,1,1,1,-1,1,1,1,-1,1,1,1,-1,1,1,1,-1,1,1,1,-1,1,1,1,-1,1,1,1,-1,1,1,1,-1,1,1,1,-1,1,1,1,-1,1,1,1,-1,1,1,1,-1,1,1,1,-1,1,1,1,-1,1,1,1,-1,1,1,1,-1,1,1,1,-1,1,1,1,-1,1,1,1,-1,1,1,1,-1,1,1,1,-1,1,1,1,-1,1,1,1,-1,1,1,1,-1,1,1,1,-1,1,1,1,-1,1,1,1,-1,1,1,1,-1,1,1,1,-1,1,1,1,-1,1,1,1,-1,1,1,1,-1,1,1,1,-1,1,1,1,-1,1,1,1,-1,1,1,1,-1,1,1,1,-1,1,1,1,-1,1,1,1,-1,1,1,1,-1,1,1,1,-1,1,1,1,-1,1,1,1,-1,1,1,1,-1,1,1,1,-1,1,1,1,-1,1,1,1,-1,1,1,1,-1,1,1,1,-1,1,1,1,-1,1,1,1,-1,1,1,1,-1,1,1,1,-1,1,1,1,-1,1,1,1,-1,1,1,1,-1,1,1,1,-1,1,1,1,-1,1,1,1,-1,1,1,1,-1,1,1,1,-1,1,1,1,-1,1,1,1,-1,1,1,1,-1,1,1,1,-1,1,1,1,-1,1,1,1,-1,1,1,1,-1,1,1,1,-1,1,1,1,-1,1,1,1,-1,1,1,1,-1,1,1,1,-1,1,1,1,-1,1,1,1,-1,1,1,1,-1,1,1,1,-1,1,1,1,-1,1,1,1,-1,1,1,1,-1,1,1,1,-1,1,1,1,-1,1,1,1,-1,1,1,1,-1,1,1,1,-1,1,1,1,-1,1,1,1,-1,1,1,1,-1,1,1,1,-1,1,1,1,-1,1,1,1,-1,1,1,1,-1,1,1,1,-1,1,1,1,-1,1,1,1,-1,1,1,1,-1,1,1,1,-1,1,1,1,-1,1,1,1,-1,1,1,1,-1,1,1,1,-1,1,1,1,-1,1,1,1,-1,1,1,1,-1,1,1,1,-1,1,1,1,-1,1,1,1,-1,1,1,1,-1,1,1,1,-1,1,1,1,-1,1,1,1,-1,1,1,1,-1,1,1,1,-1,1,1,1,-1,1,1,1,-1,1,1,1,-1,1,1,1,-1,1,1,1,-1,1,1,1,-1,1,1,1,-1,1,1,1,-1,1,1,1,-1,1,1,1,-1,1,1,1,-1,1,1,1,-1,1,1,1,-1,1,1,1,-1,1,1,1,-1,1,1,1,-1,1,1,1,-1,1,1,1,-1,1,1,1,-1,1,1,1,-1,1,1,1,-1,1,1,1,-1,1,1,1,-1,1,1,1,-1,1,1,1,-1,1,1,1,-1,1,1,1,-1,1,1,1,-1,1,1,1,-1,1,1,1,-1,1,1,1,-1,1,1,1,-1,1,1,1,-1,1,1,1,-1,1,1,1,-1,1,1,1,-1,1,1,1,-1,1,1,1,-1,1,1,1,-1,1,1,1,-1,1,1,1,-1,1,1,1,-1,1,1,1,-1,1,1,1,-1,1,1,1,-1,1,1,1,-1,1,1,1,-1,1,1,1,-1,1,1,1,-1,1,1,1,-1,1,1,1,-1,1,1,1,-1,1,1,1,-1,1,1,1,-1,1,1,1,-1,1,1,1,-1,1,1,1,-1,1,1,1,-1,1,1,1,-1,1,1,1,-1,1,1,1,-1,1,1,1,-1,1,1,1,-1,1,1,1,-1,1,1,1,-1,1,1,1,-1,1,1,1,-1,1,1,1,-1,1,1,1,-1,1,1,1,-1,1,1,1,-1,1,1,1,-1,1,1,1,-1,1,1,1,-1,1,1,1,-1,1,1,1,-1,1,1,1,-1,1,1,1,-1,1,1,1,-1,1,1,1,-1,1,1,1,-1,1,1,1,-1,1,1,1,-1,1,1,1,-1,1,1,1,-1,1,1,1,-1,1,1,1,-1,1,1,1,-1,1,1,1,-1,1,1,1,-1,1,1,1,-1,1,1,1,-1,1,1,1,-1,1,1,1,-1,1,1,1,-1,1,1,1,-1,1,1,1,-1,1,1,1,-1,1,1,1,-1,1,1,1,-1,1,1,1,-1,1,1,1,-1,1,1,1,-1,1,1,1,-1,1,1,1,-1,1,1,1,-1,1,1,1,-1,1,1,1,-1,1,1,1,-1,1,1,1,-1,1,1,1,-1,1,1,1,-1,1,1,1,-1,1,1,1,-1,1,1,1,-1,1,1,1,-1,1,1,1,-1,1,1,1,-1,1,1,1,-1,1,1,1,-1,1,1,1,-1,1,1,1,-1,1,1,1,-1,1,1,1,-1,1,1,1,-1,1,1,1,-1,1,1,1,-1,1,1,1,-1,1,1,1,-1,1,1,1,-1,1,1,1,-1,1,1,1,-1,1,1,1,-1,1,1,1,-1,1,1,1,-1,1,1,1,-1,1,1,1,-1,1,1,1,-1,1,1,1,-1,1,1,1,-1,1,1,1,-1,1,1,1,-1,1,1,1,-1,1,1,1,-1,1,1,1,-1,1,1,1,-1,1,1,1,-1,1,1,1,-1,1,1,1,-1,1,1,1,-1,1,1,1,-1,1,1,1,-1,1,1,1,-1,1,1,1,-1,1,1,1,-1,1,1,1,-1,1,1,1,-1,1,1,1,-1,1,1,1,-1,1,1,1,-1,1,1,1,-1,1,1,1,-1,1,1,1,-1,1,1,1,-1,1,1,1,-1,1,1,1,-1,1,1,1,-1,1,1,1,-1,1,1,1,-1,1,1,1,-1,1,1,1,-1,1,1,1,-1,1,1,1,-1,1,1,1,-1,1,1,1,-1,1,1,1,-1,1,1,1,-1,1,1,1,-1,1,1,1,-1,1,1,1,-1,1,1,1,-1,1,1,1,-1,1,1,1,-1,1,1,1,-1,1,1,1,-1,1,1,1,-1,1,1,1,-1,1,1,1,-1,1,1,1,-1,1,1,1,-1,1,1,1,-1,1,1,1,-1,1,1,1,-1,1,1,1,-1,1,1,1,-1,1,1,1,-1,1,1,1,-1,1,1,1,-1,1,1,1,-1,1,1,1,-1,1,1,1,-1,1,1,1,-1,1,1,1,-1,1,1,1,-1,1,1,1,-1,1,1,1,-1,1,1,1,-1,1,1,1,-1,1,1,1,-1,1,1,1,-1,1,1,1,-1,1,1,1,-1,1,1,1,-1,1,1,1,-1,1,1,1,-1,1,1,1,-1,1,1,1,-1,1,1,1,-1,1,1,1,-1,1,1,1,-1,1,1,1,-1,1,1,1,-1,1,1,1,-1,1,1,1,-1,1,1,1,-1,1,1,1,-1,1,1,1,-1,1,1,1,-1,1,1,1,-1,1,1,1,-1,1,1,1,-1,1,1,1,-1,1,1,1,-1,1,1,1,-1,1,1,1,-1,1,1,1,-1,1,1,1,-1,1,1,1,-1,1,1,1,-1,1,1,1,-1,1,1,1,-1,1,1,1,-1,1,1,1,-1,1,1,1,-1,1,1,1,-1,1,1,1,-1,1,1,1,-1,1,1,1,-1,1,1,1,-1,1,1,1,-1,1,1,1,-1,1,1,1,-1,1,1,1,-1,1,1,1,-1,1,1,1,-1,1,1,1,-1,1,1,1,-1,1,1,1,-1,1,1,1,-1,1,1,1,-1,1,1,1,-1,1,1,1,-1,1,1,1,-1,1,1,1,-1,1,1,1,-1,1,1,1,-1,1,1,1,-1,1,1,1,-1,1,1,1,-1,1,1,1,-1,1,1,1,-1,1,1,1,-1,1,1,1,-1,1,1,1,-1,1,1,1,-1,1,1,1,-1,1,1,1,-1,1,1,1,-1,1,1,1,-1,1,1,1,-1,1,1,1,-1,1,1,1,-1,1,1,1,-1,1,1,1,-1,1,1,1,-1,1,1,1,-1,1,1,1,-1,1,1,1,-1,1,1,1,-1,1,1,1,-1,1,1,1,-1,1,1,1,-1,1,1,1,-1,1,1,1,-1,1,1,1,-1,1,1,1,-1,1,1,1,-1,1,1,1,-1,1,1,1,-1,1,1,1,-1,1,1,1,-1,1,1,1,-1,1,1,1,-1,1,1,1,-1,1,1,1,-1,1,1,1,-1,1,1,1,-1,1,1,1,-1,1,1,1,-1,1,1,1,-1,1,1,1,-1,1,1,1,-1,1,1,1,-1,1,1,1,-1,1,1,1,-1,1,1,1,-1,1,1,1,-1,1,1,1,-1,1,1,1,-1,1,1,1,-1,1,1,1,-1,1,1,1,-1,1,1,1,-1,1,1,1,-1,1,1,1,-1,1,1,1,-1,1,1,1,-1,1,1,1,-1,1,1,1,-1,1,1,1,-1,1,1,1,-1,1,1,1,-1,1,1,1,-1,1,1,1,-1,1,1,1,-1,1,1,1,-1,1,1,1,-1,1,1,1,-1,1,1,1,-1,1,1,1,-1,1,1,1,-1,1,1,1,-1,1,1,1,-1,1,1,1,-1,1,1,1,-1,1,1,1,-1,1,1,1,-1,1,1,1,-1,1,1,1,-1,1,1,1,-1,1,1,1,-1,1,1,1,-1,1,1,1,-1,1,1,1,-1,1,1,1,-1,1,1,1,-1,1,1,1,-1,1,1,1,-1,1,1,1,-1,1,1,1,-1,1,1,1,-1,1,1,1,-1,1,1,1,-1,1,1,1,-1,1,1,1,-1,1,1,1,-1,1,1,1,-1,1,1,1,-1,1,1,1,-1,1,1,1,-1,1,1,1,-1,1,1,1,-1,1,1,1,-1,1,1,1,-1,1,1,1,-1,1,1,1,-1,1,1,1,-1,1,1,1,-1,1,1,1,-1,1,1,1,-1,1,1,1,-1,1,1,1,-1,1,1,1,-1,1,1,1,-1,1,1,1,-1,1,1,1,-1,1,1,1,-1,1,1,1,-1,1,1,1,-1,1,1,1,-1,1,1,1,-1,1,1,1,-1,1,1,1,-1,1,1,1,-1,1,1,1,-1,1,1,1,-1,1,1,1,-1,1,1,1,-1,1,1,1,-1,1,1,1,-1,1,1,1,-1,1,1,1,-1,1,1,1,-1,1,1,1,-1,1,1,1,-1,1,1,1,-1,1,1,1,-1,1,1,1,-1,1,1,1,-1,1,1,1,-1,1,1,1,-1,1,1,1,-1,1,1,1,-1,1,1,1,-1,1,1,1,-1,1,1,1,-1,1,1,1,-1,1,1,1,-1,1,1,1,-1,1,1,1,-1,1,1,1,-1,1,1,1,-1,1,1,1,-1,1,1,1,-1,1,1,1,-1,1,1,1,-1,1,1,1,-1,1,1,1,-1,1,1,1,-1,1,1,1,-1,1,1,1,-1,1,1,1,-1,1,1,1,-1,1,1,1,-1,1,1,1,-1,1,1,1,-1,1,1,1,-1,1,1,1,-1,1,1,1,-1,1,1,1,-1,1,1,1,-1,1,1,1,-1,1,1,1,-1,1,1,1,-1,1,1,1,-1,1,1,1,-1,1,1,1,-1,1,1,1,-1,1,1,1,-1,1,1,1,-1,1,1,1,-1,1,1,1,-1,1,1,1,-1,1,1,1,-1,1,1,1,-1,1,1,1,-1,1,1,1,-1,1,1,1,-1,1,1,1,-1,1,1,1,-1,1,1,1,-1,1,1,1,-1,1,1,1,-1,1,1,1,-1,1,1,1,-1,1,1,1,-1,1,1,1,-1,1,1,1,-1,1,1,1,-1,1,1,1,-1,1,1,1,-1,1,1,1,-1,1,1,1,-1,1,1,1,-1,1,1,1,-1,1,1,1,-1,1,1,1,-1,1,1,1,-1,1,1,1,-1,1,1,1,-1,1,1,1,-1,1,1,1,-1,1,1,1,-1,1,1,1,-1,1,1,1,-1,1,1,1,-1,1,1,1,-1,1,1,1,-1,1,1,1,-1,1,1,1,-1,1,1,1,-1,1,1,1,-1,1,1,1,-1,1,1,1,-1,1,1,1,-1,1,1,1,-1,1,1,1,-1,1,1,1,-1,1,1,1,-1,1,1,1,-1,1,1,1,-1,1,1,1,-1,1,1,1,-1,1,1,1,-1,1,1,1,-1,1,1,1,-1,1,1,1,-1,1,1,1,-1,1,1,1,-1,1,1,1,-1,1,1,1,-1,1,1,1,-1,1,1,1,-1,1,1,1,-1,1,1,1,-1,1,1,1,-1,1,1,1,-1,1,1,1,-1,1,1,1,-1,1,1,1,-1,1,1,1,-1,1,1,1,-1,1,1,1,-1,1,1,1,-1,1,1,1,-1,1,1,1,-1,1,1,1,-1,1,1,1,-1,1,1,1,-1,1,1,1,-1,1,1,1,-1,1,1,1,-1,1,1,1,-1,1,1,1,-1,1,1,1,-1,1,1,1,-1,1,1,1,-1,1,1,1,-1,1,1,1,-1,1,1,1,-1,1,1,1,-1,1,1,1,-1,1,1,1,-1,1,1,1,-1,1,1,1,-1,1,1,1,-1,1,1,1,-1,1,1,1,-1,1,1,1,-1,1,1,1,-1,1,1,1,-1,1,1,1,-1,1,1,1,-1,1,1,1,-1,1,1,1,-1,1,1,1,-1,1,1,1,-1,1,1,1,-1,1,1,1,-1,1,1,1,-1,1,1,1,-1,1,1,1,-1,1,1,1,-1,1,1,1,-1,1,1,1,-1,1,1,1,-1,1,1,1,-1,1,1,1,-1,1,1,1,-1,1,1,1,-1,1,1,1,-1,1,1,1,-1,1,1,1,-1,1,1,1,-1,1,1,1,-1,1,1,1,-1,1,1,1,-1,1,1,1,-1,1,1,1,-1,1,1,1,-1,1,1,1,-1,1,1,1,-1,1,1,1,-1,1,1,1,-1,1,1,1,-1,1,1,1,-1,1,1,1,-1,1,1,1,-1,1,1,1,-1,1,1,1,-1,1,1,1,-1,1,1,1,-1,1,1,1,-1,1,1,1,-1,1,1,1,-1,1,1,1,-1,1,1,1,-1,1,1,1,-1,1,1,1,-1,1,1,1,-1,1,1,1,-1,1,1,1,-1,1,1,1,-1,1,1,1,-1,1,1,1,-1,1,1,1,-1,1,1,1,-1,1,1,1,-1,1,1,1,-1,1,1,1,-1,1,1,1,-1,1,1,1,-1,1,1,1,-1,1,1,1,-1,1,1,1,-1,1,1,1,-1,1,1,1,-1,1,1,1,-1,1,1,1,-1,1,1,1,-1,1,1,1,-1,1,1,1,-1,1,1,1,-1,1,1,1,-1,1,1,1,-1,1,1,1,-1,1,1,1,-1,1,1,1,-1,1,1,1,-1,1,1,1,-1,1,1,1,-1,1,1,1,-1,1,1,1,-1,1,1,1,-1,1,1,1,-1,1,1,1,-1,1,1,1,-1,1,1,1,-1,1,1,1,-1,1,1,1,-1,1,1,1,-1,1,1,1,-1,1,1,1,-1,1,1,1,-1,1,1,1,-1,1,1,1,-1,1,1,1,-1,1,1,1,-1,1,1,1,-1,1,1,1,-1,1,1,1,-1,1,1,1,-1,1,1,1,-1,1,1,1,-1,1,1,1,-1,1,1,1,-1,1,1,1,-1,1,1,1,-1,1,1,1,-1,1,1,1,-1,1,1,1,-1,1,1,1,-1,1,1,1,-1,1,1,1,-1,1,1,1,-1,1,1,1,-1,1,1,1,-1,1,1,1,-1,1,1,1,-1,1,1,1,-1,1,1,1,-1,1,1,1,-1,1,1,1,-1,1,1,1,-1,1,1,1,-1,1,1,1,-1,1,1,1,-1,1,1,1,-1,1,1,1,-1,1,1,1,-1,1,1,1,-1,1,1,1,-1,1,1,1,-1,1,1,1,-1,1,1,1,-1,1,1,1,-1,1,1,1,-1,1,1,1,-1,1,1,1,-1,1,1,1,-1,1,1,1,-1,1,1,1,-1,1,1,1,-1,1,1,1,-1,1,1,1,-1,1,1,1,-1,1,1,1,-1,1,1,1,-1,1,1,1,-1,1,1,1,-1,1,1,1,-1,1,1,1,-1,1,1,1,-1,1,1,1,-1,1,1,1,-1,1,1,1,-1,1,1,1,-1,1,1,1,-1,1,1,1,-1,1,1,1,-1,1,1,1,-1,1,1,1,-1,1,1,1,-1,1,1,1,-1,1,1,1,-1,1,1,1,-1,1,1,1,-1,1,1,1,-1,1,1,1,-1,1,1,1,-1,1,1,1,-1,1,1,1,-1,1,1,1,-1,1,1,1,-1,1,1,1,-1,1,1,1,-1,1,1,1,-1,1,1,1,-1,1,1,1,-1,1,1,1,-1,1,1,1,-1,1,1,1,-1,1,1,1,-1,1,1,1,-1,1,1,1,-1,1,1,1,-1,1,1,1,-1,1,1,1,-1,1,1,1,-1,1,1,1,-1,1,1,1,-1,1,1,1,-1,1,1,1,-1,1,1,1,-1,1,1,1,-1,1,1,1,-1,1,1,1,-1,1,1,1,-1,1,1,1,-1,1,1,1,-1,1,1,1,-1,1,1,1,-1,1,1,1,-1,1,1,1,-1,1,1,1,-1,1,1,1,-1,1,1,1,-1,1,1,1,-1,1,1,1,-1,1,1,1,-1,1,1,1,-1,1,1,1,-1,1,1,1,-1,1,1,1,-1,1,1,1,-1,1,1,1,-1,1,1,1,-1,1,1,1,-1,1,1,1,-1,1,1,1,-1,1,1,1,-1,1,1,1,-1,1,1,1,-1,1,1,1,-1,1,1,1,-1,1,1,1,-1,1,1,1,-1,1,1,1,-1,1,1,1,-1,1,1,1,-1,1,1,1,-1,1,1,1,-1,1,1,1,-1,1,1,1,-1,1,1,1,-1,1,1,1,-1,1,1,1,-1,1,1,1,-1,1,1,1,-1,1,1,1,-1,1,1,1,-1,1,1,1,-1,1,1,1,-1,1,1,1,-1,1,1,1,-1,1,1,1,-1,1,1,1,-1,1,1,1,-1,1,1,1,-1,1,1,1,-1,1,1,1,-1,1,1,1,-1,1,1,1,-1,1,1,1,-1,1,1,1,-1,1,1,1,-1,1,1,1,-1,1,1,1,-1,1,1,1,-1,1,1,1,-1,1,1,1,-1,1,1,1,-1,1,1,1,-1,1,1,1,-1,1,1,1,-1,1,1,1,-1,1,1,1,-1,1,1,1,-1,1,1,1,-1,1,1,1,-1,1,1,1,-1,1,1,1,-1,1,1,1,-1,1,1,1,-1,1,1,1,-1,1,1,1,-1,1,1,1,-1,1,1,1,-1,1,1,1,-1,1,1,1,-1,1,1,1,-1,1,1,1,-1,1,1,1,-1,1,1,1,-1,1,1,1,-1,1,1,1,-1,1,1,1,-1,1,1,1,-1,1,1,1,-1,1,1,1,-1,1,1,1,-1,1,1,1,-1,1,1,1,-1,1,1,1,-1,1,1,1,-1,1,1,1,-1,1,1,1,-1,1,1,1,-1,1,1,1,-1,1,1,1,-1,1,1,1,-1,1,1,1,-1,1,1,1,-1,1,1,1,-1,1,1,1,-1,1,1,1,-1,1,1,1,-1,1,1,1,-1,1,1,1,-1,1,1,1,-1,1,1,1,-1,1,1,1,-1,1,1,1,-1,1,1,1,-1,1,1,1,-1,1,1,1,-1,1,1,1,-1,1,1,1,-1,1,1,1,-1,1,1,1,-1,1,1,1,-1,1,1,1,-1,1,1,1,-1,1,1,1,-1,1,1,1,-1,1,1,1,-1,1,1,1,-1,1,1,1,-1,1,1,1,-1,1,1,1,-1,1,1,1,-1,1,1,1,-1,1,1,1,-1,1,1,1,-1,1,1,1,-1,1,1,1,-1,1,1,1,-1,1,1,1,-1,1,1,1,-1,1,1,1,-1,1,1,1,-1,1,1,1,-1,1,1,1,-1,1,1,1,-1,1,1,1,-1,1,1,1,-1,1,1,1,-1,1,1,1,-1,1,1,1,-1,1,1,1,-1,1,1,1,-1,1,1,1,-1,1,1,1,-1,1,1,1,-1,1,1,1,-1,1,1,1,-1,1,1,1,-1,1,1,1,-1,1,1,1,-1,1,1,1,-1,1,1,1,-1,1,1,1,-1,1,1,1,-1,1,1,1,-1,1,1,1,-1,1,1,1,-1,1,1,1,-1,1,1,1,-1,1,1,1,-1,1,1,1,-1,1,1,1,-1,1,1,1,-1,1,1,1,-1,1,1,1,-1,1,1,1,-1,1,1,1,-1,1,1,1,-1,1,1,1,-1,1,1,1,-1,1,1,1,-1,1,1,1,-1,1,1,1,-1,1,1,1,-1,1,1,1,-1,1,1,1,-1,1,1,1,-1,1,1,1,-1,1,1,1,-1,1,1,1,-1,1,1,1,-1,1,1,1,-1,1,1,1,-1,1,1,1,-1,1,1,1,-1,1,1,1,-1,1,1,1,-1,1,1,1,-1,1,1,1,-1,1,1,1,-1,1,1,1,-1,1,1,1,-1,1,1,1,-1,1,1,1,-1,1,1,1,-1,1,1,1,-1,1,1,1,-1,1,1,1,-1,1,1,1,-1,1,1,1,-1,1,1,1,-1,1,1,1,-1,1,1,1,-1,1,1,1,-1,1,1,1,-1,1,1,1,-1,1,1,1,-1,1,1,1,-1,1,1,1,-1,1,1,1,-1,1,1,1,-1,1,1,1,-1,1,1,1,-1,1,1,1,-1,1,1,1,-1,1,1,1,-1,1,1,1,-1,1,1,1,-1,1,1,1,-1,1,1,1,-1,1,1,1,-1,1,1,1,-1,1,1,1,-1,1,1,1,-1,1,1,1,-1,1,1,1,-1,1,1,1,-1,1,1,1,-1,1,1,1,-1,1,1,1,-1,1,1,1,-1,1,1,1,-1,1,1,1,-1,1,1,1,-1,1,1,1,-1,1,1,1,-1,1,1,1,-1,1,1,1,-1,1,1,1,-1,1,1,1,-1,1,1,1,-1,1,1,1,-1,1,1,1,-1,1,1,1,-1,1,1,1,-1,1,1,1,-1,1,1,1,-1,1,1,1,-1,1,1,1,-1,1,1,1,-1,1,1,1,-1,1,1,1,-1,1,1,1,-1,1,1,1,-1,1,1,1,-1,1,1,1,-1,1,1,1,-1,1,1,1,-1,1,1,1,-1,1,1,1,-1,1,1,1,-1,1,1,1,-1,1,1,1,-1,1,1,1,-1,1,1,1,-1,1,1,1,-1,1,1,1,-1,1,1,1,-1,1,1,1,-1,1,1,1,-1,1,1,1,-1,1,1,1,-1,1,1,1,-1,1,1,1,-1,1,1,1,-1,1,1,1,-1,1,1,1,-1,1,1,1,-1,1,1,1,-1,1,1,1,-1,1,1,1,-1,1,1,1,-1,1,1,1,-1,1,1,1,-1,1,1,1,-1,1,1,1,-1,1,1,1,-1,1,1,1,-1,1,1,1,-1,1,1,1,-1,1,1,1,-1,1,1,1,-1,1,1,1,-1,1,1,1,-1,1,1,1,-1,1,1,1,-1,1,1,1,-1,1,1,1,-1,1,1,1,-1,1,1,1,-1,1,1,1,-1,1,1,1,-1,1,1,1,-1,1,1,1,-1,1,1,1,-1,1,1,1,-1,1,1,1,-1,1,1,1,-1,1,1,1,-1,1,1,1,-1,1,1,1,-1,1,1,1,-1,1,1,1,-1,1,1,1,-1,1,1,1,-1,1,1,1,-1,1,1,1,-1,1,1,1,-1,1,1,1,-1,1,1,1,-1,1,1,1,-1,1,1,1,-1,1,1,1,-1,1,1,1,-1,1,1,1,-1,1,1,1,-1,1,1,1,-1,1,1,1,-1,1,1,1,-1,1,1,1,-1,1,1,1,-1,1,1,1,-1,1,1,1,-1,1,1,1,-1,1,1,1,-1,1,1,1,-1,1,1,1,-1,1,1,1,-1,1,1,1,-1,1,1,1,-1,1,1,1,-1,1,1,1,-1,1,1,1,-1,1,1,1,-1,1,1,1,-1,1,1,1,-1,1,1,1,-1,1,1,1,-1,1,1,1,-1,1,1,1,-1,1,1,1,-1,1,1,1,-1,1,1,1,-1,1,1,1,-1,1,1,1,-1,1,1,1,-1,1,1,1,-1,1,1,1,-1,1,1,1,-1,1,1,1,-1,1,1,1,-1,1,1,1,-1,1,1,1,-1,1,1,1,-1,1,1,1,-1,1,1,1,-1,1,1,1,-1,1,1,1,-1,1,1,1,-1,1,1,1,-1,1,1,1,-1,1,1,1,-1,1,1,1,-1,1,1,1,-1,1,1,1,-1,1,1,1,-1,1,1,1,-1,1,1,1,-1,1,1,1,-1,1,1,1,-1,1,1,1,-1,1,1,1,-1,1,1,1,-1,1,1,1,-1,1,1,1,-1,1,1,1,-1,1,1,1,-1,1,1,1,-1,1,1,1,-1,1,1,1,-1,1,1,1,-1,1,1,1,-1,1,1,1,-1,1,1,1,-1,1,1,1,-1,1,1,1,-1,1,1,1,-1,1,1,1,-1,1,1,1,-1,1,1,1,-1,1,1,1,-1,1,1,1,-1,1,1,1,-1,1,1,1,-1,1,1,1,-1,1,1,1,-1,1,1,1,-1,1,1,1,-1,1,1,1,-1,1,1,1,-1,1,1,1,-1,1,1,1,-1,1,1,1,-1,1,1,1,-1,1,1,1,-1,1,1,1,-1,1,1,1,-1,1,1,1,-1,1,1,1,-1,1,1,1,-1,1,1,1,-1,1,1,1,-1,1,1,1,-1,1,1,1,-1,1,1,1,-1,1,1,1,-1,1,1,1,-1,1,1,1,-1,1,1,1,-1,1,1,1,-1,1,1,1,-1,1,1,1,-1,1,1,1,-1,1,1,1,-1,1,1,1,-1,1,1,1,-1,1,1,1,-1,1,1,1,-1,1,1,1,-1,1,1,1,-1,1,1,1,-1,1,1,1,-1,1,1,1,-1,1,1,1,-1,1,1,1,-1,1,1,1,-1,1,1,1,-1,1,1,1,-1,1,1,1,-1,1,1,1,-1,1,1,1,-1,1,1,1,-1,1,1,1,-1,1,1,1,-1,1,1,1,-1,1,1,1,-1,1,1,1,-1,1,1,1,-1,1,1,1,-1,1,1,1,-1,1,1,1,-1,1,1,1,-1,1,1,1,-1,1,1,1,-1,1,1,1,-1,1,1,1,-1,1,1,1,-1,1,1,1,-1,1,1,1,-1,1,1,1,-1,1,1,1,-1,1,1,1,-1,1,1,1,-1,1,1,1,-1,1,1,1,-1,1,1,1,-1,1,1,1,-1,1,1,1,-1,1,1,1,-1,1,1,1,-1,1,1,1,-1,1,1,1,-1,1,1,1,-1,1,1,1,-1,1,1,1,-1,1,1,1,-1,1,1,1,-1,1,1,1,-1,1,1,1,-1,1,1,1,-1,1,1,1,-1,1,1,1,-1,1,1,1,-1,1,1,1,-1,1,1,1,-1,1,1,1,-1,1,1,1,-1,1,1,1,-1,1,1,1,-1,1,1,1,-1,1,1,1,-1,1,1,1,-1,1,1,1,-1,1,1,1,-1,1,1,1,-1,1,1,1,-1,1,1,1,-1,1,1,1,-1,1,1,1,-1,1,1,1,-1,1,1,1,-1,1,1,1,-1,1,1,1,-1,1,1,1,-1,1,1,1,-1,1,1,1,-1,1,1,1,-1,1,1,1,-1,1,1,1,-1,1,1,1,-1,1,1,1,-1,1,1,1,-1,1,1,1,-1,1,1,1,-1,1,1,1,-1,1,1,1,-1,1,1,1,-1,1,1,1,-1,1,1,1,-1,1,1,1,-1,1,1,1,-1,1,1,1,-1,1,1,1,-1,1,1,1,-1,1,1,1,-1,1,1,1,-1,1,1,1,-1,1,1,1,-1,1,1,1,-1,1,1,1,-1,1,1,1,-1,1,1,1,-1,1,1,1,-1,1,1,1,-1,1,1,1,-1,1,1,1,-1,1,1,1,-1,1,1,1,-1,1,1,1,-1,1,1,1,-1,1,1,1,-1,1,1,1,-1,1,1,1,-1,1,1,1,-1,1,1,1,-1,1,1,1,-1,1,1,1,-1,1,1,1,-1,1,1,1,-1,1,1,1,-1,1,1,1,-1,1,1,1,-1,1,1,1,-1,1,1,1,-1,1,1,1,-1,1,1,1,-1,1,1,1,-1,1,1,1,-1,1,1,1,-1,1,1,1,-1,1,1,1,-1,1,1,1,-1,1,1,1,-1,1,1,1,-1,1,1,1,-1,1,1,1,-1,1,1,1,-1,1,1,1,-1,1,1,1,-1,1,1,1,-1,1,1,1,-1,1,1,1,-1,1,1,1,-1,1,1,1,-1,1,1,1,-1,1,1,1,-1,1,1,1,-1,1,1,1,-1,1,1,1,-1,1,1,1,-1,1,1,1,-1,1,1,1,-1,1,1,1,-1,1,1,1,-1,1,1,1,-1,1,1,1,-1,1,1,1,-1,1,1,1,-1,1,1,1,-1,1,1,1,-1,1,1,1,-1,1,1,1,-1,1,1,1,-1,1,1,1,-1,1,1,1,-1,1,1,1,-1,1,1,1,-1,1,1,1,-1,1,1,1,-1,1,1,1,-1,1,1,1,-1,1,1,1,-1,1,1,1,-1,1,1,1,-1,1,1,1,-1,1,1,1,-1,1,1,1,-1,1,1,1,-1,1,1,1,-1,1,1,1,-1,1,1,1,-1,1,1,1,-1,1,1,1,-1,1,1,1,-1,1,1,1,-1,1,1,1,-1,1,1,1,-1,1,1,1,-1,1,1,1,-1,1,1,1,-1,1,1,1,-1,1,1,1,-1,1,1,1,-1,1,1,1,-1,1,1,1,-1,1,1,1,-1,1,1,1,-1,1,1,1,-1,1,1,1,-1,1,1,1,-1,1,1,1,-1,1,1,1,-1,1,1,1,-1,1,1,1,-1,1,1,1,-1,1,1,1,-1,1,1,1,-1,1,1,1,-1,1,1,1,-1,1,1,1,-1,1,1,1,-1,1,1,1,-1,1,1,1,-1,1,1,1,-1,1,1,1,-1,1,1,1,-1,1,1,1,-1,1,1,1,-1,1,1,1,-1,1,1,1,-1,1,1,1,-1,1,1,1,-1,1,1,1,-1,1,1,1,-1,1,1,1,-1,1,1,1,-1,1,1,1,-1,1,1,1,-1,1,1,1,-1,1,1,1,-1,1,1,1,-1,1,1,1,-1,1,1,1,-1,1,1,1,-1,1,1,1,-1,1,1,1,-1,1,1,1,-1,1,1,1,-1,1,1,1,-1,1,1,1,-1,1,1,1,-1,1,1,1,-1,1,1,1,-1,1,1,1,-1,1,1,1,-1,1,1,1,-1,1,1,1,-1,1,1,1,-1,1,1,1,-1,1,1,1,-1,1,1,1,-1,1,1,1,-1,1,1,1,-1,1,1,1,-1,1,1,1,-1,1,1,1,-1,1,1,1,-1,1,1,1,-1,1,1,1,-1,1,1,1,-1,1,1,1,-1,1,1,1,-1,1,1,1,-1,1,1,1,-1,1,1,1,-1,1,1,1,-1,1,1,1,-1,1,1,1,-1,1,1,1,-1,1,1,1,-1,1,1,1,-1,1,1,1,-1,1,1,1,-1,1,1,1,-1,1,1,1,-1,1,1,1,-1,1,1,1,-1,1,1,1,-1,1,1,1,-1,1,1,1,-1,1,1,1,-1,1,1,1,-1,1,1,1,-1,1,1,1,-1,1,1,1,-1,1,1,1,-1,1,1,1,-1,1,1,1,-1,1,1,1,-1,1,1,1,-1,1,1,1,-1,1,1,1,-1,1,1,1,-1,1,1,1,-1,1,1,1,-1,1,1,1,-1,1,1,1,-1,1,1,1,-1,1,1,1,-1,1,1,1,-1,1,1,1,-1,1,1,1,-1,1,1,1,-1,1,1,1,-1,1,1,1,-1,1,1,1,-1,1,1,1,-1,1,1,1,-1,1,1,1,-1,1,1,1,-1,1,1,1,-1,1,1,1,-1,1,1,1,-1,1,1,1,-1,1,1,1,-1,1,1,1,-1,1,1,1,-1,1,1,1,-1,1,1,1,-1,1,1,1,-1,1,1,1,-1,1,1,1,-1,1,1,1,-1,1,1,1,-1,1,1,1,-1,1,1,1,-1,1,1,1,-1,1,1,1,-1,1,1,1,-1,1,1,1,-1,1,1,1,-1,1,1,1,-1,1,1,1,-1,1,1,1,-1,1,1,1,-1,1,1,1,-1,1,1,1,-1,1,1,1,-1,1,1,1,-1,1,1,1,-1,1,1,1,-1,1,1,1,-1,1,1,1,-1,1,1,1,-1,1,1,1,-1,1,1,1,-1,1,1,1,-1,1,1,1,-1,1,1,1,-1,1,1,1,-1,1,1,1,-1,1,1,1,-1,1,1,1,-1,1,1,1,-1,1,1,1,-1,1,1,1,-1,1,1,1,-1,1,1,1,-1,1,1,1,-1,1,1,1,-1,1,1,1,-1,1,1,1,-1,1,1,1,-1,1,1,1,-1,1,1,1,-1,1,1,1,-1,1,1,1,-1,1,1,1,-1,1,1,1,-1,1,1,1,-1,1,1,1,-1,1,1,1,-1,1,1,1,-1,1,1,1,-1,1,1,1,-1,1,1,1,-1,1,1,1,-1,1,1,1,-1,1,1,1,-1,1,1,1,-1,1,1,1,-1,1,1,1,-1,1,1,1,-1,1,1,1,-1,1,1,1,-1,1,1,1,-1,1,1,1,-1,1,1,1,-1,1,1,1,-1,1,1,1,-1,1,1,1,-1,1,1,1,-1,1,1,1,-1,1,1,1,-1,1,1,1,-1,1,1,1,-1,1,1,1,-1,1,1,1,-1,1,1,1,-1,1,1,1,-1,1,1,1,-1,1,1,1,-1,1,1,1,-1,1,1,1,-1,1,1,1,-1,1,1,1,-1,1,1,1,-1,1,1,1,-1,1,1,1,-1,1,1,1,-1,1,1,1,-1,1,1,1,-1,1,1,1,-1,1,1,1,-1,1,1,1,-1,1,1,1,-1,1,1,1,-1,1,1,1,-1,1,1,1,-1,1,1,1,-1,1,1,1,-1,1,1,1,-1,1,1,1,-1,1,1,1,-1,1,1,1,-1,1,1,1,-1,1,1,1,-1,1,1,1,-1,1,1,1,-1,1,1,1,-1,1,1,1,-1,1,1,1,-1,1,1,1,-1,1,1,1,-1,1,1,1,-1,1,1,1,-1,1,1,1,-1,1,1,1,-1,1,1,1,-1,1,1,1,-1,1,1,1,-1,1,1,1,-1,1,1,1,-1,1,1,1,-1,1,1,1,-1,1,1,1,-1,1,1,1,-1,1,1,1,-1,1,1,1,-1,1,1,1,-1,1,1,1,-1,1,1,1,-1,1,1,1,-1,1,1,1,-1,1,1,1,-1,1,1,1,-1,1,1,1,-1,1,1,1,-1,1,1,1,-1,1,1,1,-1,1,1,1,-1,1,1,1,-1,1,1,1,-1,1,1,1,-1,1,1,1,-1,1,1,1,-1,1,1,1,-1,1,1,1,-1,1,1,1,-1,1,1,1,-1,1,1,1,-1,1,1,1,-1,1,1,1,-1,1,1,1,-1,1,1,1,-1,1,1,1,-1,1,1,1,-1,1,1,1,-1,1,1,1,-1,1,1,1,-1,1,1,1,-1,1,1,1,-1,1,1,1,-1,1,1,1,-1,1,1,1,-1,1,1,1,-1,1,1,1,-1,1,1,1,-1,1,1,1,-1,1,1,1,-1,1,1,1,-1,1,1,1,-1,1,1,1,-1,1,1,1,-1,1,1,1,-1,1,1,1,-1,1,1,1,-1,1,1,1,-1,1,1,1,-1,1,1,1,-1,1,1,1,-1,1,1,1,-1,1,1,1,-1,1,1,1,-1,1,1,1,-1,1,1,1,-1,1,1,1,-1,1,1,1,-1,1,1,1,-1,1,1,1,-1,1,1,1,-1,1,1,1,-1,1,1,1,-1,1,1,1,-1,1,1,1,-1,1,1,1,-1,1,1,1,-1,1,1,1,-1,1,1,1,-1,1,1,1,-1,1,1,1,-1,1,1,1,-1,1,1,1,-1,1,1,1,-1,1,1,1,-1,1,1,1,-1,1,1,1,-1,1,1,1,-1,1,1,1,-1,1,1,1,-1,1,1,1,-1,1,1,1,-1,1,1,1,-1,1,1,1,-1,1,1,1,-1,1,1,1,-1,1,1,1,-1,1,1,1,-1,1,1,1,-1,1,1,1,-1,1,1,1,-1,1,1,1,-1,1,1,1,-1,1,1,1,-1,1,1,1,-1,1,1,1,-1,1,1,1,-1,1,1,1,-1,1,1,1,-1,1,1,1,-1,1,1,1,-1,1,1,1,-1,1,1,1,-1,1,1,1,-1,1,1,1,-1,1,1,1,-1,1,1,1,-1,1,1,1,-1,1,1,1,-1,1,1,1,-1,1,1,1,-1,1,1,1,-1,1,1,1,-1,1,1,1,-1,1,1,1,-1,1,1,1,-1,1,1,1,-1,1,1,1,-1,1,1,1,-1,1,1,1,-1,1,1,1,-1,1,1,1,-1,1,1,1,-1,1,1,1,-1,1,1,1,-1,1,1,1,-1,1,1,1,-1,1,1,1,-1,1,1,1,-1,1,1,1,-1,1,1,1,-1,1,1,1,-1,1,1,1,-1,1,1,1,-1,1,1,1,-1,1,1,1,-1,1,1,1,-1,1,1,1,-1,1,1,1,-1,1,1,1,-1,1,1,1,-1,1,1,1,-1,1,1,1,-1,1,1,1,-1,1,1,1,-1,1,1,1,-1,1,1,1,-1,1,1,1,-1,1,1,1,-1,1,1,1,-1,1,1,1,-1,1,1,1,-1,1,1,1,-1,1,1,1,-1,1,1,1,-1,1,1,1,-1,1,1,1,-1,1,1,1,-1,1,1,1,-1,1,1,1,-1,1,1,1,-1,1,1,1,-1,1,1,1,-1,1,1,1,-1,1,1,1,-1,1,1,1,-1,1,1,1,-1,1,1,1,-1,1,1,1,-1,1,1,1,-1,1,1,1,-1,1,1,1,-1,1,1,1,-1,1,1,1,-1,1,1,1,-1,1,1,1,-1,1,1,1,-1,1,1,1,-1,1,1,1,-1,1,1,1,-1,1,1,1,-1,1,1,1,-1,1,1,1,-1,1,1,1,-1,1,1,1,-1,1,1,1,-1,1,1,1,-1,1,1,1,-1,1,1,1,-1,1,1,1,-1,1,1,1,-1,1,1,1,-1,1,1,1,-1,1,1,1,-1,1,1,1,-1,1,1,1,-1,1,1,1,-1,1,1,1,-1,1,1,1,-1,1,1,1,-1,1,1,1,-1,1,1,1,-1,1,1,1,-1,1,1,1,-1,1,1,1,-1,1,1,1,-1,1,1,1,-1,1,1,1,-1,1,1,1,-1,1,1,1,-1,1,1,1,-1,1,1,1,-1,1,1,1,-1,1,1,1,-1,1,1,1,-1,1,1,1,-1,1,1,1,-1,1,1,1,-1,1,1,1,-1,1,1,1,-1,1,1,1,-1,1,1,1,-1,1,1,1,-1,1,1,1,-1,1,1,1,-1,1,1,1,-1,1,1,1,-1,1,1,1,-1,1,1,1,-1,1,1,1,-1,1,1,1,-1,1,1,1,-1,1,1,1,-1,1,1,1,-1,1,1,1,-1,1,1,1,-1,1,1,1,-1,1,1,1,-1,1,1,1,-1,1,1,1,-1,1,1,1,-1,1,1,1,-1,1,1,1,-1,1,1,1,-1,1,1,1,-1,1,1,1,-1,1,1,1,-1,1,1,1,-1,1,1,1,-1,1,1,1,-1,1,1,1,-1,1,1,1,-1,1,1,1,-1,1,1,1,-1,1,1,1,-1,1,1,1,-1,1,1,1,-1,1,1,1,-1,1,1,1,-1,1,1,1,-1,1,1,1,-1,1,1,1,-1,1,1,1,-1,1,1,1,-1,1,1,1,-1,1,1,1,-1,1,1,1,-1,1,1,1,-1,1,1,1,-1,1,1,1,-1,1,1,1,-1,1,1,1,-1,1,1,1,-1,1,1,1,-1,1,1,1,-1,1,1,1,-1,1,1,1,-1,1,1,1,-1,1,1,1,-1,1,1,1,-1,1,1,1,-1,1,1,1,-1,1,1,1,-1,1,1,1,-1,1,1,1,-1,1,1,1,-1,1,1,1,-1,1,1,1,-1,1,1,1,-1,1,1,1,-1,1,1,1,-1,1,1,1,-1,1,1,1,-1,1,1,1,-1,1,1,1,-1,1,1,1,-1,1,1,1,-1,1,1,1,-1,1,1,1,-1,1,1,1,-1,1,1,1,-1,1,1,1,-1,1,1,1,-1,1,1,1,-1,1,1,1,-1,1,1,1,-1,1,1,1,-1,1,1,1,-1,1,1,1,-1,1,1,1,-1,1,1,1,-1,1,1,1,-1,1,1,1,-1,1,1,1,-1,1,1,1,-1,1,1,1,-1,1,1,1,-1,1,1,1,-1,1,1,1,-1,1,1,1,-1,1,1,1,-1,1,1,1,-1,1,1,1,-1,1,1,1,-1,1,1,1,-1,1,1,1,-1,1,1,1,-1,1,1,1,-1,1,1,1,-1,1,1,1,-1,1,1,1,-1,1,1,1,-1,1,1,1,-1,1,1,1,-1,1,1,1,-1,1,1,1,-1,1,1,1,-1,1,1,1,-1,1,1,1,-1,1,1,1,-1,1,1,1,-1,1,1,1,-1,1,1,1,-1,1,1,1,-1,1,1,1,-1,1,1,1,-1,1,1,1,-1,1,1,1,-1,1,1,1,-1,1,1,1,-1,1,1,1,-1,1,1,1,-1,1,1,1,-1,1,1,1,-1,1,1,1,-1,1,1,1,-1,1,1,1,-1,1,1,1,-1,1,1,1,-1,1,1,1,-1,1,1,1,-1,1,1,1,-1,1,1,1,-1,1,1,1,-1,1,1,1,-1,1,1,1,-1,1,1,1,-1,1,1,1,-1,1,1,1,-1,1,1,1,-1,1,1,1,-1,1,1,1,-1,1,1,1,-1,1,1,1,-1,1,1,1,-1,1,1,1,-1,1,1,1,-1,1,1,1,-1,1,1,1,-1,1,1,1,-1,1,1,1,-1,1,1,1,-1,1,1,1,-1,1,1,1,-1,1,1,1,-1,1,1,1,-1,1,1,1,-1,1,1,1,-1,1,1,1,-1,1,1,1,-1,1,1,1,-1,1,1,1,-1,1,1,1,-1,1,1,1,-1,1,1,1,-1,1,1,1,-1,1,1,1,-1,1,1,1,-1,1,1,1,-1,1,1,1,-1,1,1,1,-1,1,1,1,-1,1,1,1,-1,1,1,1,-1,1,1,1,-1,1,1,1,-1,1,1,1,-1,1,1,1,-1,1,1,1,-1,1,1,1,-1,1,1,1,-1,1,1,1,-1,1,1,1,-1,1,1,1,-1,1,1,1,-1,1,1,1,-1,1,1,1,-1,1,1,1,-1,1,1,1,-1,1,1,1,-1,1,1,1,-1,1,1,1,-1,1,1,1,-1,1,1,1,-1,1,1,1,-1,1,1,1,-1,1,1,1,-1,1,1,1,-1,1,1,1,-1,1,1,1,-1,1,1,1,-1,1,1,1,-1,1,1,1,-1,1,1,1,-1,1,1,1,-1,1,1,1,-1,1,1,1,-1,1,1,1,-1,1,1,1,-1,1,1,1,-1,1,1,1,-1,1,1,1,-1,1,1,1,-1,1,1,1,-1,1,1,1,-1,1,1,1,-1,1,1,1,-1,1,1,1,-1,1,1,1,-1,1,1,1,-1,1,1,1,-1,1,1,1,-1,1,1,1,-1,1,1,1,-1,1,1,1,-1,1,1,1,-1,1,1,1,-1,1,1,1,-1,1,1,1,-1,1,1,1,-1,1,1,1,-1,1,1,1,-1,1,1,1,-1,1,1,1,-1,1,1,1,-1,1,1,1,-1,1,1,1,-1,1,1,1,-1,1,1,1,-1,1,1,1,-1,1,1,1,-1,1,1,1,-1,1,1,1,-1,1,1,1,-1,1,1,1,-1,1,1,1,-1,1,1,1,-1,1,1,1,-1,1,1,1,-1,1,1,1,-1,1,1,1,-1,1,1,1,-1,1,1,1,-1,1,1,1,-1,1,1,1,-1,1,1,1,-1,1,1,1,-1,1,1,1,-1,1,1,1,-1,1,1,1,-1,1,1,1,-1,1,1,1,-1,1,1,1,-1,1,1,1,-1,1,1,1,-1,1,1,1,-1,1,1,1,-1,1,1,1,-1,1,1,1,-1,1,1,1,-1,1,1,1,-1,1,1,1,-1,1,1,1,-1,1,1,1,-1,1,1,1,-1,1,1,1,-1,1,1,1,-1,1,1,1,-1,1,1,1,-1,1,1,1,-1,1,1,1,-1,1,1,1,-1,1,1,1,-1,1,1,1,-1,1,1,1,-1,1,1,1,-1,1,1,1,-1,1,1,1,-1,1,1,1,-1,1,1,1,-1,1,1,1,-1,1,1,1,-1,1,1,1,-1,1,1,1,-1,1,1,1,-1,1,1,1,-1,1,1,1,-1,1,1,1,-1,1,1,1,-1,1,1,1,-1,1,1,1,-1,1,1,1,-1,1,1,1,-1,1,1,1,-1,1,1,1,-1,1,1,1,-1,1,1,1,-1,1,1,1,-1,1,1,1,-1,1,1,1,-1,1,1,1,-1,1,1,1,-1,1,1,1,-1,1,1,1,-1,1,1,1,-1,1,1,1,-1,1,1,1,-1,1,1,1,-1,1,1,1,-1,1,1,1,-1,1,1,1,-1,1,1,1,-1,1,1,1,-1,1,1,1,-1,1,1,1,-1,1,1,1,-1,1,1,1,-1,1,1,1,-1,1,1,1,-1,1,1,1,-1,1,1,1,-1,1,1,1,-1,1,1,1,-1,1,1,1,-1,1,1,1,-1,1,1,1,-1,1,1,1,-1,1,1,1,-1,1,1,1,-1,1,1,1,-1,1,1,1,-1,1,1,1,-1,1,1,1,-1,1,1,1,-1,1,1,1,-1,1,1,1,-1,1,1,1,-1,1,1,1,-1,1,1,1,-1,1,1,1,-1,1,1,1,-1,1,1,1,-1,1,1,1,-1,1,1,1,-1,1,1,1,-1,1,1,1,-1,1,1,1,-1,1,1,1,-1,1,1,1,-1,1,1,1,-1,1,1,1,-1,1,1,1,-1,1,1,1,-1,1,1,1,-1,1,1,1,-1,1,1,1,-1,1,1,1,-1,1,1,1,-1,1,1,1,-1,1,1,1,-1,1,1,1,-1,1,1,1,-1,1,1,1,-1,1,1,1,-1,1,1,1,-1,1,1,1,-1,1,1,1,-1,1,1,1,-1,1,1,1,-1,1,1,1,-1,1,1,1,-1,1,1,1,-1,1,1,1,-1,1,1,1,-1,1,1,1,-1,1,1,1,-1,1,1,1,-1,1,1,1,-1,1,1,1,-1,1,1,1,-1,1,1,1,-1,1,1,1,-1,1,1,1,-1,1,1,1,-1,1,1,1,-1,1,1,1,-1,1,1,1,-1,1,1,1,-1,1,1,1,-1,1,1,1,-1,1,1,1,-1,1,1,1,-1,1,1,1,-1,1,1,1,-1,1,1,1,-1,1,1,1,-1,1,1,1,-1,1,1,1,-1,1,1,1,-1,1,1,1,-1,1,1,1,-1,1,1,1,-1,1,1,1,-1,1,1,1,-1,1,1,1,-1,1,1,1,-1,1,1,1,-1,1,1,1,-1,1,1,1,-1,1,1,1,-1,1,1,1,-1,1,1,1,-1,1,1,1,-1,1,1,1,-1,1,1,1,-1,1,1,1,-1,1,1,1,-1,1,1,1,-1,1,1,1,-1,1,1,1,-1,1,1,1,-1,1,1,1,-1,1,1,1,-1,1,1,1,-1,1,1,1,-1,1,1,1,-1,1,1,1,-1,1,1,1,-1,1,1,1,-1,1,1,1,-1,1,1,1,-1,1,1,1,-1,1,1,1,-1,1,1,1,-1,1,1,1,-1,1,1,1,-1,1,1,1,-1,1,1,1,-1,1,1,1,-1,1,1,1,-1,1,1,1,-1,1,1,1,-1,1,1,1,-1,1,1,1,-1,1,1,1,-1,1,1,1,-1,1,1,1,-1,1,1,1,-1,1,1,1,-1,1,1,1,-1,1,1,1,-1,1,1,1,-1,1,1,1,-1,1,1,1,-1,1,1,1,-1,1,1,1,-1,1,1,1,-1,1,1,1,-1,1,1,1,-1,1,1,1,-1,1,1,1,-1,1,1,1,-1,1,1,1,-1,1,1,1,-1,1,1,1,-1,1,1,1,-1,1,1,1,-1,1,1,1,-1,1,1,1,-1,1,1,1,-1,1,1,1,-1,1,1,1,-1,1,1,1,-1,1,1,1,-1,1,1,1,-1,1,1,1,-1,1,1,1,-1,1,1,1,-1,1,1,1,-1,1,1,1,-1,1,1,1,-1,1,1,1,-1,1,1,1,-1,1,1,1,-1,1,1,1,-1,1,1,1,-1,1,1,1,-1,1,1,1,-1,1,1,1,-1,1,1,1,-1,1,1,1,-1,1,1,1,-1,1,1,1,-1,1,1,1,-1,1,1,1,-1,1,1,1,-1,1,1,1,-1,1,1,1,-1,1,1,1,-1,1,1,1,-1,1,1,1,-1,1,1,1,-1,1,1,1,-1,1,1,1,-1,1,1,1,-1,1,1,1,-1,1,1,1,-1,1,1,1,-1,1,1,1,-1,1,1,1,-1,1,1,1,-1,1,1,1,-1,1,1,1,-1,1,1,1,-1,1,1,1,-1,1,1,1,-1,1,1,1,-1,1,1,1,-1,1,1,1,-1,1,1,1,-1,1,1,1,-1,1,1,1,-1,1,1,1,-1,1,1,1,-1,1,1,1,-1,1,1,1,-1,1,1,1,-1,1,1,1,-1,1,1,1,-1,1,1,1,-1,1,1,1,-1,1,1,1,-1,1,1,1,-1,1,1,1,-1,1,1,1,-1,1,1,1,-1,1,1,1,-1,1,1,1,-1,1,1,1,-1,1,1,1,-1,1,1,1,-1,1,1,1,-1,1,1,1,-1,1,1,1,-1,1,1,1,-1,1,1,1,-1,1,1,1,-1,1,1,1,-1,1,1,1,-1,1,1,1,-1,1,1,1,-1,1,1,1,-1,1,1,1,-1,1,1,1,-1,1,1,1,-1,1,1,1,-1,1,1,1,-1,1,1,1,-1,1,1,1,-1,1,1,1,-1,1,1,1,-1,1,1,1,-1,1,1,1,-1,1,1,1,-1,1,1,1,-1,1,1,1,-1,1,1,1,-1,1,1,1,-1,1,1,1,-1,1,1,1,-1,1,1,1,-1,1,1,1,-1,1,1,1,-1,1,1,1,-1,1,1,1,-1,1,1,1,-1,1,1,1,-1,1,1,1,-1,1,1,1,-1,1,1,1,-1,1,1,1,-1,1,1,1,-1,1,1,1,-1,1,1,1,-1,1,1,1,-1,1,1,1,-1,1,1,1,-1,1,1,1,-1,1,1,1,-1,1,1,1,-1,1,1,1,-1,1,1,1,-1,1,1,1,-1,1,1,1,-1,1,1,1,-1,1,1,1,-1,1,1,1,-1,1,1,1,-1,1,1,1,-1,1,1,1,-1,1,1,1,-1,1,1,1,-1,1,1,1,-1,1,1,1,-1,1,1,1,-1,1,1,1,-1,1,1,1,-1,1,1,1,-1,1,1,1,-1,1,1,1,-1,1,1,1,-1,1,1,1,-1,1,1,1,-1,1,1,1,-1,1,1,1,-1,1,1,1,-1,1,1,1,-1,1,1,1,-1,1,1,1,-1,1,1,1,-1,1,1,1,-1,1,1,1,-1,1,1,1,-1,1,1,1,-1,1,1,1,-1,1,1,1,-1,1,1,1,-1,1,1,1,-1,1,1,1,-1,1,1,1,-1,1,1,1,-1,1,1,1,-1,1,1,1,-1,1,1,1,-1,1,1,1,-1,1,1,1,-1,1,1,1,-1,1,1,1,-1,1,1,1,-1,1,1,1,-1,1,1,1,-1,1,1,1,-1,1,1,1,-1,1,1,1,-1,1,1,1,-1,1,1,1,-1,1,1,1,-1,1,1,1,-1,1,1,1,-1,1,1,1,-1,1,1,1,-1,1,1,1,-1,1,1,1,-1,1,1,1,-1,1,1,1,-1,1,1,1,-1,1,1,1,-1,1,1,1,-1,1,1,1,-1,1,1,1,-1,1,1,1,-1,1,1,1,-1,1,1,1,-1,1,1,1,-1,1,1,1,-1,1,1,1,-1,1,1,1,-1,1,1,1,-1,1,1,1,-1,1,1,1,-1,1,1,1,-1,1,1,1,-1,1,1,1,-1,1,1,1,-1,1,1,1,-1,1,1,1,-1,1,1,1,-1,1,1,1,-1,1,1,1,-1,1,1,1,-1,1,1,1,-1,1,1,1,-1,1,1,1,-1,1,1,1,-1,1,1,1,-1,1,1,1,-1,1,1,1,-1,1,1,1,-1,1,1,1,-1,1,1,1,-1,1,1,1,-1,1,1,1,-1,1,1,1,-1,1,1,1,-1,1,1,1,-1,1,1,1,-1,1,1,1,-1,1,1,1,-1,1,1,1,-1,1,1,1,-1,1,1,1,-1,1,1,1,-1,1,1,1,-1,1,1,1,-1,1,1,1,-1,1,1,1,-1,1,1,1,-1,1,1,1,-1,1,1,1,-1,1,1,1,-1,1,1,1,-1,1,1,1,-1,1,1,1,-1,1,1,1,-1,1,1,1,-1,1,1,1,-1,1,1,1,-1,1,1,1,-1,1,1,1,-1,1,1,1,-1,1,1,1,-1,1,1,1,-1,1,1,1,-1,1,1,1,-1,1,1,1,-1,1,1,1,-1,1,1,1,-1,1,1,1,-1,1,1,1,-1,1,1,1,-1,1,1,1,-1,1,1,1,-1,1,1,1,-1,1,1,1,-1,1,1,1,-1,1,1,1,-1,1,1,1,-1,1,1,1,-1,1,1,1,-1,1,1,1,-1,1,1,1,-1,1,1,1,-1,1,1,1,-1,1,1,1,-1,1,1,1,-1,1,1,1,-1,1,1,1,-1,1,1,1,-1,1,1,1,-1,1,1,1,-1,1,1,1,-1,1,1,1,-1,1,1,1,-1,1,1,1,-1,1,1,1,-1,1,1,1,-1,1,1,1,-1,1,1,1,-1,1,1,1,-1,1,1,1,-1,1,1,1,-1,1,1,1,-1,1,1,1,-1,1,1,1,-1,1,1,1,-1,1,1,1,-1,1,1,1,-1,1,1,1,-1,1,1,1,-1,1,1,1,-1,1,1,1,-1,1,1,1,-1,1,1,1,-1,1,1,1,-1,1,1,1,-1,1,1,1,-1,1,1,1,-1,1,1,1,-1,1,1,1,-1,1,1,1,-1,1,1,1,-1,1,1,1,-1,1,1,1,-1,1,1,1,-1,1,1,1,-1,1,1,1,-1,1,1,1,-1,1,1,1,-1,1,1,1,-1,1,1,1,-1,1,1,1,-1,1,1,1,-1,1,1,1,-1,1,1,1,-1,1,1,1,-1,1,1,1,-1,1,1,1,-1,1,1,1,-1,1,1,1,-1,1,1,1,-1,1,1,1,-1,1,1,1,-1,1,1,1,-1,1,1,1,-1,1,1,1,-1,1,1,1,-1,1,1,1,-1,1,1,1,-1,1,1,1,-1,1,1,1,-1,1,1,1,-1,1,1,1,-1,1,1,1,-1,1,1,1,-1,1,1,1,-1,1,1,1,-1,1,1,1,-1,1,1,1,-1,1,1,1,-1,1,1,1,-1,1,1,1,-1,1,1,1,-1,1,1,1,-1,1,1,1,-1,1,1,1,-1,1,1,1,-1,1,1,1,-1,1,1,1,-1,1,1,1,-1,1,1,1,-1,1,1,1,-1,1,1,1,-1,1,1,1,-1,1,1,1,-1,1,1,1,-1,1,1,1,-1,1,1,1,-1,1,1,1,-1,1,1,1,-1,1,1,1,-1,1,1,1,-1,1,1,1,-1,1,1,1,-1,1,1,1,-1,1,1,1,-1,1,1,1,-1,1,1,1,-1,1,1,1,-1,1,1,1,-1,1,1,1,-1,1,1,1,-1,1,1,1,-1,1,1,1,-1,1,1,1,-1,1,1,1,-1,1,1,1,-1,1,1,1,-1,1,1,1,-1,1,1,1,-1,1,1,1,-1,1,1,1,-1,1,1,1,-1,1,1,1,-1,1,1,1,-1,1,1,1,-1,1,1,1,-1,1,1,1,-1,1,1,1,-1,1,1,1,-1,1,1,1,-1,1,1,1,-1,1,1,1,-1,1,1,1,-1,1,1,1,-1,1,1,1,-1,1,1,1,-1,1,1,1,-1,1,1,1,-1,1,1,1,-1,1,1,1,-1,1,1,1,-1,1,1,1,-1,1,1,1,-1,1,1,1,-1,1,1,1,-1,1,1,1,-1,1,1,1,-1,1,1,1,-1,1,1,1,-1,1,1,1,-1,1,1,1,-1,1,1,1,-1,1,1,1,-1,1,1,1,-1,1,1,1,-1,1,1,1,-1,1,1,1,-1,1,1,1,-1,1,1,1,-1,1,1,1,-1,1,1,1,-1,1,1,1,-1,1,1,1,-1,1,1,1,-1,1,1,1,-1,1,1,1,-1,1,1,1,-1,1,1,1,-1,1,1,1,-1,1,1,1,-1,1,1,1,-1,1,1,1,-1,1,1,1,-1,1,1,1,-1,1,1,1,-1,1,1,1,-1,1,1,1,-1,1,1,1,-1,1,1,1,-1,1,1,1,-1,1,1,1,-1,1,1,1,-1,1,1,1,-1,1,1,1,-1,1,1,1,-1,1,1,1,-1,1,1,1,-1,1,1,1,-1,1,1,1,-1,1,1,1,-1,1,1,1,-1,1,1,1,-1,1,1,1,-1,1,1,1,-1,1,1,1,-1,1,1,1,-1,1,1,1,-1,1,1,1,-1,1,1,1,-1,1,1,1,-1,1,1,1,-1,1,1,1,-1,1,1,1,-1,1,1,1,-1,1,1,1,-1,1,1,1,-1,1,1,1,-1,1,1,1,-1,1,1,1,-1,1,1,1,-1,1,1,1,-1,1,1,1,-1,1,1,1,-1,1,1,1,-1,1,1,1,-1,1,1,1,-1,1,1,1,-1,1,1,1,-1,1,1,1,-1,1,1,1,-1,1,1,1,-1,1,1,1,-1,1,1,1,-1,1,1,1,-1,1,1,1,-1,1,1,1,-1,1,1,1,-1,1,1,1,-1,1,1,1,-1,1,1,1,-1,1,1,1,-1,1,1,1,-1,1,1,1,-1,1,1,1,-1,1,1,1,-1,1,1,1,-1,1,1,1,-1,1,1,1,-1,1,1,1,-1,1,1,1,-1,1,1,1,-1,1,1,1,-1,1,1,1,-1,1,1,1,-1,1,1,1,-1,1,1,1,-1,1,1,1,-1,1,1,1,-1,1,1,1,-1,1,1,1,-1,1,1,1,-1,1,1,1,-1,1,1,1,-1,1,1,1,-1,1,1,1,-1,1,1,1,-1,1,1,1,-1,1,1,1,-1,1,1,1,-1,1,1,1,-1,1,1,1,-1,1,1,1,-1,1,1,1,-1,1,1,1,-1,1,1,1,-1,1,1,1,-1,1,1,1,-1,1,1,1,-1,1,1,1,-1,1,1,1,-1,1,1,1,-1,1,1,1,-1,1,1,1,-1,1,1,1,-1,1,1,1,-1,1,1,1,-1,1,1,1,-1,1,1,1,-1,1,1,1,-1,1,1,1,-1,1,1,1,-1,1,1,1,-1,1,1,1,-1,1,1,1,-1,1,1,1,-1,1,1,1,-1,1,1,1,-1,1,1,1,-1,1,1,1,-1,1,1,1,-1,1,1,1,-1,1,1,1,-1,1,1,1,-1,1,1,1,-1,1,1,1,-1,1,1,1,-1,1,1,1,-1,1,1,1,-1,1,1,1,-1,1,1,1,-1,1,1,1,-1,1,1,1,-1,1,1,1,-1,1,1,1,-1,1,1,1,-1,1,1,1,-1,1,1,1,-1,1,1,1,-1,1,1,1,-1,1,1,1,-1,1,1,1,-1,1,1,1,-1,1,1,1,-1,1,1,1,-1,1,1,1,-1,1,1,1,-1,1,1,1,-1,1,1,1,-1,1,1,1,-1,1,1,1,-1,1,1,1,-1,1,1,1,-1,1,1,1,-1,1,1,1,-1,1,1,1,-1,1,1,1,-1,1,1,1,-1,1,1,1,-1,1,1,1,-1,1,1,1,-1,1,1,1,-1,1,1,1,-1,1,1,1,-1,1,1,1,-1,1,1,1,-1,1,1,1,-1,1,1,1,-1,1,1,1,-1,1,1,1,-1,1,1,1,-1,1,1,1,-1,1,1,1,-1,1,1,1,-1,1,1,1,-1,1,1,1,-1,1,1,1,-1,1,1,1,-1,1,1,1,-1,1,1,1,-1,1,1,1,-1,1,1,1,-1,1,1,1,-1,1,1,1,-1,1,1,1,-1,1,1,1,-1,1,1,1,-1,1,1,1,-1,1,1,1,-1,1,1,1,-1,1,1,1,-1,1,1,1,-1,1,1,1,-1,1,1,1,-1,1,1,1,-1,1,1,1,-1,1,1,1,-1,1,1,1,-1,1,1,1,-1,1,1,1,-1,1,1,1,-1,1,1,1,-1,1,1,1,-1,1,1,1,-1,1,1,1,-1,1,1,1,-1,1,1,1,-1,1,1,1,-1,1,1,1,-1,1,1,1,-1,1,1,1,-1,1,1,1,-1,1,1,1,-1,1,1,1,-1,1,1,1,-1,1,1,1,-1,1,1,1,-1,1,1,1,-1,1,1,1,-1,1,1,1,-1,1,1,1,-1,1,1,1,-1,1,1,1,-1,1,1,1,-1,1,1,1,-1,1,1,1,-1,1,1,1,-1,1,1,1,-1,1,1,1,-1,1,1,1,-1,1,1,1,-1,1,1,1,-1,1,1,1,-1,1,1,1,-1,1,1,1,-1,1,1,1,-1,1,1,1,-1,1,1,1,-1,1,1,1,-1,1,1,1,-1,1,1,1,-1,1,1,1,-1,1,1,1,-1,1,1,1,-1,1,1,1,-1,1,1,1,-1,1,1,1,-1,1,1,1,-1,1,1,1,-1,1,1,1,-1,1,1,1,-1,1,1,1,-1,1,1,1,-1,1,1,1,-1,1,1,1,-1,1,1,1,-1,1,1,1,-1,1,1,1,-1,1,1,1,-1,1,1,1,-1,1,1,1,-1,1,1,1,-1,1,1,1,-1,1,1,1,-1,1,1,1,-1,1,1,1,-1,1,1,1,-1,1,1,1,-1,1,1,1,-1,1,1,1,-1,1,1,1,-1,1,1,1,-1,1,1,1,-1,1,1,1,-1,1,1,1,-1,1,1,1,-1,1,1,1,-1,1,1,1,-1,1,1,1,-1,1,1,1,-1,1,1,1,-1,1,1,1,-1,1,1,1,-1,1,1,1,-1,1,1,1,-1,1,1,1,-1,1,1,1,-1,1,1,1,-1,1,1,1,-1,1,1,1,-1,1,1,1,-1,1,1,1,-1,1,1,1,-1,1,1,1,-1,1,1,1,-1,1,1,1,-1,1,1,1,-1,1,1,1,-1,1,1,1,-1,1,1,1,-1,1,1,1,-1,1,1,1,-1,1,1,1,-1,1,1,1,-1,1,1,1,-1,1,1,1,-1,1,1,1,-1,1,1,1,-1,1,1,1,-1,1,1,1,-1,1,1,1,-1,1,1,1,-1,1,1,1,-1,1,1,1,-1,1,1,1,-1,1,1,1,-1,1,1,1,-1,1,1,1,-1,1,1,1,-1,1,1,1,-1,1,1,1,-1,1,1,1,-1,1,1,1,-1,1,1,1,-1,1,1,1,-1,1,1,1,-1,1,1,1,-1,1,1,1,-1,1,1,1,-1,1,1,1,-1,1,1,1,-1,1,1,1,-1,1,1,1,-1,1,1,1,-1,1,1,1,-1,1,1,1,-1,1,1,1,-1,1,1,1,-1,1,1,1,-1,1,1,1,-1,1,1,1,-1,1,1,1,-1,1,1,1,-1,1,1,1,-1,1,1,1,-1,1,1,1,-1,1,1,1,-1,1,1,1,-1,1,1,1,-1,1,1,1,-1,1,1,1,-1,1,1,1,-1,1,1,1,-1,1,1,1,-1,1,1,1,-1,1,1,1,-1,1,1,1,-1,1,1,1,-1,1,1,1,-1,1,1,1,-1,1,1,1,-1,1,1,1,-1,1,1,1,-1,1,1,1,-1,1,1,1,-1,1,1,1,-1,1,1,1,-1,1,1,1,-1,1,1,1,-1,1,1,1,-1,1,1,1,-1,1,1,1,-1,1,1,1,-1,1,1,1,-1,1,1,1,-1,1,1,1,-1,1,1,1,-1,1,1,1,-1,1,1,1,-1,1,1,1,-1,1,1,1,-1,1,1,1,-1,1,1,1,-1,1,1,1,-1,1,1,1,-1,1,1,1,-1,1,1,1,-1,1,1,1,-1,1,1,1,-1,1,1,1,-1,1,1,1,-1,1,1,1,-1,1,1,1,-1,1,1,1,-1,1,1,1,-1,1,1,1,-1,1,1,1,-1,1,1,1,-1,1,1,1,-1,1,1,1,-1,1,1,1,-1,1,1,1,-1,1,1,1,-1,1,1,1,-1,1,1,1,-1,1,1,1,-1,1,1,1,-1,1,1,1,-1,1,1,1,-1,1,1,1,-1,1,1,1,-1,1,1,1,-1,1,1,1,-1,1,1,1,-1,1,1,1,-1,1,1,1,-1,1,1,1,-1,1,1,1,-1,1,1,1,-1,1,1,1,-1,1,1,1,-1,1,1,1,-1,1,1,1,-1,1,1,1,-1,1,1,1,-1,1,1,1,-1,1,1,1,-1,1,1,1,-1,1,1,1,-1,1,1,1,-1,1,1,1,-1,1,1,1,-1,1,1,1,-1,1,1,1,-1,1,1,1,-1,1,1,1,-1,1,1,1,-1,1,1,1,-1,1,1,1,-1,1,1,1,-1,1,1,1,-1,1,1,1,-1,1,1,1,-1,1,1,1,-1,1,1,1,-1,1,1,1,-1,1,1,1,-1,1,1,1,-1,1,1,1,-1,1,1,1,-1,1,1,1,-1,1,1,1,-1,1,1,1,-1,1,1,1,-1,1,1,1,-1,1,1,1,-1,1,1,1,-1,1,1,1,-1,1,1,1,-1,1,1,1,-1,1,1,1,-1,1,1,1,-1,1,1,1,-1,1,1,1,-1,1,1,1,-1,1,1,1,-1,1,1,1,-1,1,1,1,-1,1,1,1,-1,1,1,1,-1,1,1,1,-1,1,1,1,-1,1,1,1,-1,1,1,1,-1,1,1,1,-1,1,1,1,-1,1,1,1,-1,1,1,1,-1,1,1,1,-1,1,1,1,-1,1,1,1,-1,1,1,1,-1,1,1,1,-1,1,1,1,-1,1,1,1,-1,1,1,1,-1,1,1,1,-1,1,1,1,-1,1,1,1,-1,1,1,1,-1,1,1,1,-1,1,1,1,-1,1,1,1,-1,1,1,1,-1,1,1,1,-1,1,1,1,-1,1,1,1,-1,1,1,1,-1,1,1,1,-1,1,1,1,-1,1,1,1,-1,1,1,1,-1,1,1,1,-1,1,1,1,-1,1,1,1,-1,1,1,1,-1,1,1,1,-1,1,1,1,-1,1,1,1,-1,1,1,1,-1,1,1,1,-1,1,1,1,-1,1,1,1,-1,1,1,1,-1,1,1,1,-1,1,1,1,-1,1,1,1,-1,1,1,1,-1,1,1,1,-1,1,1,1,-1,1,1,1,-1,1,1,1,-1,1,1,1,-1,1,1,1,-1,1,1,1,-1,1,1,1,-1,1,1,1,-1,1,1,1,-1,1,1,1,-1,1,1,1,-1,1,1,1,-1,1,1,1,-1,1,1,1,-1,1,1,1,-1,1,1,1,-1,1,1,1,-1,1,1,1,-1,1,1,1,-1,1,1,1,-1,1,1,1,-1,1,1,1,-1,1,1,1,-1,1,1,1,-1,1,1,1,-1,1,1,1,-1,1,1,1,-1,1,1,1,-1,1,1,1,-1,1,1,1,-1,1,1,1,-1,1,1,1,-1,1,1,1,-1,1,1,1,-1,1,1,1,-1,1,1,1,-1,1,1,1,-1,1,1,1,-1,1,1,1,-1,1,1,1,-1,1,1,1,-1,1,1,1,-1,1,1,1,-1,1,1,1,-1,1,1,1,-1,1,1,1,-1,1,1,1,-1,1,1,1,-1,1,1,1,-1,1,1,1,-1,1,1,1,-1,1,1,1,-1,1,1,1,-1,1,1,1,-1,1,1,1,-1,1,1,1,-1,1,1,1,-1,1,1,1,-1,1,1,1,-1,1,1,1,-1,1,1,1,-1,1,1,1,-1,1,1,1,-1,1,1,1,-1,1,1,1,-1,1,1,1,-1,1,1,1,-1,1,1,1,-1,1,1,1,-1,1,1,1,-1,1,1,1,-1,1,1,1,-1,1,1,1,-1,1,1,1,-1,1,1,1,-1,1,1,1,-1,1,1,1,-1,1,1,1,-1,1,1,1,-1,1,1,1,-1,1,1,1,-1,1,1,1,-1,1,1,1,-1,1,1,1,-1,1,1,1,-1,1,1,1,-1,1,1,1,-1,1,1,1,-1,1,1,1,-1,1,1,1,-1,1,1,1,-1,1,1,1,-1,1,1,1,-1,1,1,1,-1,1,1,1,-1,1,1,1,-1,1,1,1,-1,1,1,1,-1,1,1,1,-1,1,1,1,-1,1,1,1,-1,1,1,1,-1,1,1,1,-1,1,1,1,-1,1,1,1,-1,1,1,1,-1,1,1,1,-1,1,1,1,-1,1,1,1,-1,1,1,1,-1,1,1,1,-1,1,1,1,-1,1,1,1,-1,1,1,1,-1,1,1,1,-1,1,1,1,-1,1,1,1,-1,1,1,1,-1,1,1,1,-1,1,1,1,-1,1,1,1,-1,1,1,1,-1,1,1,1,-1,1,1,1,-1,1,1,1,-1,1,1,1,-1,1,1,1,-1,1,1,1,-1,1,1,1,-1,1,1,1,-1,1,1,1,-1,1,1,1,-1,1,1,1,-1,1,1,1,-1,1,1,1,-1,1,1,1,-1,1,1,1,-1,1,1,1,-1,1,1,1,-1,1,1,1,-1,1,1,1,-1,1,1,1,-1,1,1,1,-1,1,1,1,-1,1,1,1,-1,1,1,1,-1,1,1,1,-1,1,1,1,-1,1,1,1,-1,1,1,1,-1,1,1,1,-1,1,1,1,-1,1,1,1,-1,1,1,1,-1,1,1,1,-1,1,1,1,-1,1,1,1,-1,1,1,1,-1,1,1,1,-1,1,1,1,-1,1,1,1,-1,1,1,1,-1,1,1,1,-1,1,1,1,-1,1,1,1,-1,1,1,1,-1,1,1,1,-1,1,1,1,-1,1,1,1,-1,1,1,1,-1,1,1,1,-1,1,1,1,-1,1,1,1,-1,1,1,1,-1,1,1,1,-1,1,1,1,-1,1,1,1,-1,1,1,1,-1,1,1,1,-1,1,1,1,-1,1,1,1,-1,1,1,1,-1,1,1,1,-1,1,1,1,-1,1,1,1,-1,1,1,1,-1,1,1,1,-1,1,1,1,-1,1,1,1,-1,1,1,1,-1,1,1,1,-1,1,1,1,-1,1,1,1,-1,1,1,1,-1,1,1,1,-1,1,1,1,-1,1,1,1,-1,1,1,1,-1,1,1,1,-1,1,1,1,-1,1,1,1,-1,1,1,1,-1,1,1,1,-1,1,1,1,-1,1,1,1,-1,1,1,1,-1,1,1,1,-1,1,1,1,-1,1,1,1,-1,1,1,1,-1,1,1,1,-1,1,1,1,-1,1,1,1,-1,1,1,1,-1,1,1,1,-1,1,1,1,-1,1,1,1,-1,1,1,1,-1,1,1,1,-1,1,1,1,-1,1,1,1,-1,1,1,1,-1,1,1,1,-1,1,1,1,-1,1,1,1,-1,1,1,1,-1,1,1,1,-1,1,1,1,-1,1,1,1,-1,1,1,1,-1,1,1,1,-1,1,1,1,-1,1,1,1,-1,1,1,1,-1,1,1,1,-1,1,1,1,-1,1,1,1,-1,1,1,1,-1,1,1,1,-1,1,1,1,-1,1,1,1,-1,1,1,1,-1,1,1,1,-1,1,1,1,-1,1,1,1,-1,1,1,1,-1,1,1,1,-1,1,1,1,-1,1,1,1,-1,1,1,1,-1,1,1,1,-1,1,1,1,-1,1,1,1,-1,1,1,1,-1,1,1,1,-1,1,1,1,-1,1,1,1,-1,1,1,1,-1,1,1,1,-1,1,1,1,-1,1,1,1,-1,1,1,1,-1,1,1,1,-1,1,1,1,-1,1,1,1,-1,1,1,1,-1,1,1,1,-1,1,1,1,-1,1,1,1,-1,1,1,1,-1,1,1,1,-1,1,1,1,-1,1,1,1,-1,1,1,1,-1,1,1,1,-1,1,1,1,-1,1,1,1,-1,1,1,1,-1,1,1,1,-1,1,1,1,-1,1,1,1,-1,1,1,1,-1,1,1,1,-1,1,1,1,-1,1,1,1,-1,1,1,1,-1,1,1,1,-1,1,1,1,-1,1,1,1,-1,1,1,1,-1,1,1,1,-1,1,1,1,-1,1,1,1,-1,1,1,1,-1,1,1,1,-1,1,1,1,-1,1,1,1,-1,1,1,1,-1,1,1,1,-1,1,1,1,-1,1,1,1,-1,1,1,1,-1,1,1,1,-1,1,1,1,-1,1,1,1,-1,1,1,1,-1,1,1,1,-1,1,1,1,-1,1,1,1,-1,1,1,1,-1,1,1,1,-1,1,1,1,-1,1,1,1,-1,1,1,1,-1,1,1,1,-1,1,1,1,-1,1,1,1,-1,1,1,1,-1,1,1,1,-1,1,1,1,-1,1,1,1,-1,1,1,1,-1,1,1,1,-1,1,1,1,-1,1,1,1,-1,1,1,1,-1,1,1,1,-1,1,1,1,-1,1,1,1,-1,1,1,1,-1,1,1,1,-1,1,1,1,-1,1,1,1,-1,1,1,1,-1,1,1,1,-1,1,1,1,-1,1,1,1,-1,1,1,1,-1,1,1,1,-1,1,1,1,-1,1,1,1,-1,1,1,1,-1,1,1,1,-1,1,1,1,-1,1,1,1,-1,1,1,1,-1,1,1,1,-1,1,1,1,-1,1,1,1,-1,1,1,1,-1,1,1,1,-1,1,1,1,-1,1,1,1,-1,1,1,1,-1,1,1,1,-1,1,1,1,-1,1,1,1,-1,1,1,1,-1,1,1,1,-1,1,1,1,-1,1,1,1,-1,1,1,1,-1,1,1,1,-1,1,1,1,-1,1,1,1,-1,1,1,1,-1,1,1,1,-1,1,1,1,-1,1,1,1,-1,1,1,1,-1,1,1,1,-1,1,1,1,-1,1,1,1,-1,1,1,1,-1,1,1,1,-1,1,1,1,-1,1,1,1,-1,1,1,1,-1,1,1,1,-1,1,1,1,-1,1,1,1,-1,1,1,1,-1,1,1,1,-1,1,1,1,-1,1,1,1,-1,1,1,1,-1,1,1,1,-1,1,1,1,-1,1,1,1,-1,1,1,1,-1,1,1,1,-1,1,1,1,-1,1,1,1,-1,1,1,1,-1,1,1,1,-1,1,1,1,-1,1,1,1,-1,1,1,1,-1,1,1,1,-1,1,1,1,-1,1,1,1,-1,1,1,1,-1,1,1,1,-1,1,1,1,-1,1,1,1,-1,1,1,1,-1,1,1,1,-1,1,1,1,-1,1,1,1,-1,1,1,1,-1,1,1,1,-1,1,1,1,-1,1,1,1,-1,1,1,1,-1,1,1,1,-1,1,1,1,-1,1,1,1,-1,1,1,1,-1,1,1,1,-1,1,1,1,-1,1,1,1,-1,1,1,1,-1,1,1,1,-1,1,1,1,-1,1,1,1,-1,1,1,1,-1,1,1,1,-1,1,1,1,-1,1,1,1,-1,1,1,1,-1,1,1,1,-1,1,1,1,-1,1,1,1,-1,1,1,1,-1,1,1,1,-1,1,1,1,-1,1,1,1,-1,1,1,1,-1,1,1,1,-1,1,1,1,-1,1,1,1,-1,1,1,1,-1,1,1,1,-1,1,1,1,-1,1,1,1,-1,1,1,1,-1,1,1,1,-1,1,1,1,-1,1,1,1,-1,1,1,1,-1,1,1,1,-1,1,1,1,-1,1,1,1,-1,1,1,1,-1,1,1,1,-1,1,1,1,-1,1,1,1,-1,1,1,1,-1,1,1,1,-1,1,1,1,-1,1,1,1,-1,1,1,1,-1,1,1,1,-1,1,1,1,-1,1,1,1,-1,1,1,1,-1,1,1,1,-1,1,1,1,-1,1,1,1,-1,1,1,1,-1,1,1,1,-1,1,1,1,-1,1,1,1,-1,1,1,1,-1,1,1,1,-1,1,1,1,-1,1,1,1,-1,1,1,1,-1,1,1,1,-1,1,1,1,-1,1,1,1,-1,1,1,1,-1,1,1,1,-1,1,1,1,-1,1,1,1,-1,1,1,1,-1,1,1,1,-1,1,1,1,-1,1,1,1,-1,1,1,1,-1,1,1,1,-1,1,1,1,-1,1,1,1,-1,1,1,1,-1,1,1,1,-1,1,1,1,-1,1,1,1,-1,1,1,1,-1,1,1,1,-1,1,1,1,-1,1,1,1,-1,1,1,1,-1,1,1,1,-1,1,1,1,-1,1,1,1,-1,1,1,1,-1,1,1,1,-1,1,1,1,-1,1,1,1,-1,1,1,1,-1,1,1,1,-1,1,1,1,-1,1,1,1,-1,1,1,1,-1,1,1,1,-1,1,1,1,-1,1,1,1,-1,1,1,1,-1,1,1,1,-1,1,1,1,-1,1,1,1,-1,1,1,1,-1,1,1,1,-1,1,1,1,-1,1,1,1,-1,1,1,1,-1,1,1,1,-1,1,1,1,-1,1,1,1,-1,1,1,1,-1,1,1,1,-1,1,1,1,-1,1,1,1,-1,1,1,1,-1,1,1,1,-1,1,1,1,-1,1,1,1,-1,1,1,1,-1,1,1,1,-1,1,1,1,-1,1,1,1,-1,1,1,1,-1,1,1,1,-1,1,1,1,-1,1,1,1,-1,1,1,1,-1,1,1,1,-1,1,1,1,-1,1,1,1,-1,1,1,1,-1,1,1,1,-1,1,1,1,-1,1,1,1,-1,1,1,1,-1,1,1,1,-1,1,1,1,-1,1,1,1,-1,1,1,1,-1,1,1,1,-1,1,1,1,-1,1,1,1,-1,1,1,1,-1,1,1,1,-1,1,1,1,-1,1,1,1,-1,1,1,1,-1,1,1,1,-1,1,1,1,-1,1,1,1,-1,1,1,1,-1,1,1,1,-1,1,1,1,-1,1,1,1,-1,1,1,1,-1,1,1,1,-1,1,1,1,-1,1,1,1,-1,1,1,1,-1,1,1,1,-1,1,1,1,-1,1,1,1,-1,1,1,1,-1,1,1,1,-1,1,1,1,-1,1,1,1,-1,1,1,1,-1,1,1,1,-1,1,1,1,-1,1,1,1,-1,1,1,1,-1,1,1,1,-1,1,1,1,-1,1,1,1,-1,1,1,1,-1,1,1,1,-1,1,1,1,-1,1,1,1,-1,1,1,1,-1,1,1,1,-1,1,1,1,-1,1,1,1,-1,1,1,1,-1,1,1,1,-1,1,1,1,-1,1,1,1,-1,1,1,1,-1,1,1,1,-1,1,1,1,-1,1,1,1,-1,1,1,1,-1,1,1,1,-1,1,1,1,-1,1,1,1,-1,1,1,1,-1,1,1,1,-1,1,1,1,-1,1,1,1,-1,1,1,1,-1,1,1,1,-1,1,1,1,-1,1,1,1,-1,1,1,1,-1,1,1,1,-1,1,1,1,-1,1,1,1,-1,1,1,1,-1,1,1,1,-1,1,1,1,-1,1,1,1,-1,1,1,1,-1,1,1,1,-1,1,1,1,-1,1,1,1,-1,1,1,1,-1,1,1,1,-1,1,1,1,-1,1,1,1,-1,1,1,1,-1,1,1,1,-1,1,1,1,-1,1,1,1,-1,1,1,1,-1,1,1,1,-1,1,1,1,-1,1,1,1,-1,1,1,1,-1,1,1,1,-1,1,1,1,-1,1,1,1,-1,1,1,1,-1,1,1,1,-1,1,1,1,-1,1,1,1,-1,1,1,1,-1,1,1,1,-1,1,1,1,-1,1,1,1,-1,1,1,1,-1,1,1,1,-1,1,1,1,-1,1,1,1,-1,1,1,1,-1,1,1,1,-1,1,1,1,-1,1,1,1,-1,1,1,1,-1,1,1,1,-1,1,1,1,-1,1,1,1,-1,1,1,1,-1,1,1,1,-1,1,1,1,-1,1,1,1,-1,1,1,1,-1,1,1,1,-1,1,1,1,-1,1,1,1,-1,1,1,1,-1,1,1,1,-1,1,1,1,-1,1,1,1,-1,1,1,1,-1,1,1,1,-1,1,1,1,-1,1,1,1,-1,1,1,1,-1,1,1,1,-1,1,1,1,-1,1,1,1,-1,1,1,1,-1,1,1,1,-1,1,1,1,-1,1,1,1,-1,1,1,1,-1,1,1,1,-1,1,1,1,-1,1,1,1,-1,1,1,1,-1,1,1,1,-1,1,1,1,-1,1,1,1,-1,1,1,1,-1,1,1,1,-1,1,1,1,-1,1,1,1,-1,1,1,1,-1,1,1,1,-1,1,1,1,-1,1,1,1,-1,1,1,1,-1,1,1,1,-1,1,1,1,-1,1,1,1,-1,1,1,1,-1,1,1,1,-1,1,1,1,-1,1,1,1,-1,1,1,1,-1,1,1,1,-1,1,1,1,-1,1,1,1,-1,1,1,1,-1,1,1,1,-1,1,1,1,-1,1,1,1,-1,1,1,1,-1,1,1,1,-1,1,1,1,-1,1,1,1,-1,1,1,1,-1,1,1,1,-1,1,1,1,-1,1,1,1,-1,1,1,1,-1,1,1,1,-1,1,1,1,-1,1,1,1,-1,1,1,1,-1,1,1,1,-1,1,1,1,-1,1,1,1,-1,1,1,1,-1,1,1,1,-1,1,1,1,-1,1,1,1,-1,1,1,1,-1,1,1,1,-1,1,1,1,-1,1,1,1,-1,1,1,1,-1,1,1,1,-1,1,1,1,-1,1,1,1,-1,1,1,1,-1,1,1,1,-1,1,1,1,-1,1,1,1,-1,1,1,1,-1,1,1,1,-1,1,1,1,-1,1,1,1,-1,1,1,1,-1,1,1,1,-1,1,1,1,-1,1,1,1,-1,1,1,1,-1,1,1,1,-1,1,1,1,-1,1,1,1,-1,1,1,1,-1,1,1,1,-1,1,1,1,-1,1,1,1,-1,1,1,1,-1,1,1,1,-1,1,1,1,-1,1,1,1,-1,1,1,1,-1,1,1,1,-1,1,1,1,-1,1,1,1,-1,1,1,1,-1,1,1,1,-1,1,1,1,-1,1,1,1,-1,1,1,1,-1,1,1,1,-1,1,1,1,-1,1,1,1,-1,1,1,1,-1,1,1,1,-1,1,1,1,-1,1,1,1,-1,1,1,1,-1,1,1,1,-1,1,1,1,-1,1,1,1,-1,1,1,1,-1,1,1,1,-1,1,1,1,-1,1,1,1,-1,1,1,1,-1,1,1,1,-1,1,1,1,-1,1,1,1,-1,1,1,1,-1,1,1,1,-1,1,1,1,-1,1,1,1,-1,1,1,1,-1,1,1,1,-1,1,1,1,-1,1,1,1,-1,1,1,1,-1,1,1,1,-1,1,1,1,-1,1,1,1,-1,1,1,1,-1,1,1,1,-1,1,1,1,-1,1,1,1,-1,1,1,1,-1,1,1,1,-1,1,1,1,-1,1,1,1,-1,1,1,1,-1,1,1,1,-1,1,1,1,-1,1,1,1,-1,1,1,1,-1,1,1,1,-1,1,1,1,-1,1,1,1,-1,1,1,1,-1,1,1,1,-1,1,1,1,-1,1,1,1,-1,1,1,1,-1,1,1,1,-1,1,1,1,-1,1,1,1,-1,1,1,1,-1,1,1,1,-1,1,1,1,-1,1,1,1,-1,1,1,1,-1,1,1,1,-1,1,1,1,-1,1,1,1,-1,1,1,1,-1,1,1,1,-1,1,1,1,-1,1,1,1,-1,1,1,1,-1,1,1,1,-1,1,1,1,-1,1,1,1,-1,1,1,1,-1,1,1,1,-1,1,1,1,-1,1,1,1,-1,1,1,1,-1,1,1,1,-1,1,1,1,-1,1,1,1,-1,1,1,1,-1,1,1,1,-1,1,1,1,-1,1,1,1,-1,1,1,1,-1,1,1,1,-1,1,1,1,-1,1,1,1,-1,1,1,1,-1,1,1,1,-1,1,1,1,-1,1,1,1,-1,1,1,1,-1,1,1,1,-1,1,1,1,-1,1,1,1,-1,1,1,1,-1,1,1,1,-1,1,1,1,-1,1,1,1,-1,1,1,1,-1,1,1,1,-1,1,1,1,-1,1,1,1,-1,1,1,1,-1,1,1,1,-1,1,1,1,-1,1,1,1,-1,1,1,1,-1,1,1,1,-1,1,1,1,-1,1,1,1,-1,1,1,1,-1,1,1,1,-1,1,1,1,-1,1,1,1,-1,1,1,1,-1,1,1,1,-1,1,1,1,-1,1,1,1,-1,1,1,1,-1,1,1,1,-1,1,1,1,-1,1,1,1,-1,1,1,1,-1,1,1,1,-1,1,1,1,-1,1,1,1,-1,1,1,1,-1,1,1,1,-1,1,1,1,-1,1,1,1,-1,1,1,1,-1,1,1,1,-1,1,1,1,-1,1,1,1,-1,1,1,1,-1,1,1,1,-1,1,1,1,-1,1,1,1,-1,1,1,1,-1,1,1,1,-1,1,1,1,-1,1,1,1,-1,1,1,1,-1,1,1,1,-1,1,1,1,-1,1,1,1,-1,1,1,1,-1,1,1,1,-1,1,1,1,-1,1,1,1,-1,1,1,1,-1,1,1,1,-1,1,1,1,-1,1,1,1,-1,1,1,1,-1,1,1,1,-1,1,1,1,-1,1,1,1,-1,1,1,1,-1,1,1,1,-1,1,1,1,-1,1,1,1,-1,1,1,1,-1,1,1,1,-1,1,1,1,-1,1,1,1,-1,1,1,1,-1,1,1,1,-1,1,1,1,-1,1,1,1,-1,1,1,1,-1,1,1,1,-1,1,1,1,-1,1,1,1,-1,1,1,1,-1,1,1,1,-1,1,1,1,-1,1,1,1,-1,1,1,1,-1,1,1,1,-1,1,1,1,-1,1,1,1,-1,1,1,1,-1,1,1,1,-1,1,1,1,-1,1,1,1,-1,1,1,1,-1,1,1,1,-1,1,1,1,-1,1,1,1,-1,1,1,1,-1,1,1,1,-1,1,1,1,-1,1,1,1,-1,1,1,1,-1,1,1,1,-1,1,1,1,-1,1,1,1,-1,1,1,1,-1,1,1,1,-1,1,1,1,-1,1,1,1,-1,1,1,1,-1,1,1,1,-1,1,1,1,-1,1,1,1,-1,1,1,1,-1,1,1,1,-1,1,1,1,-1,1,1,1,-1,1,1,1,-1,1,1,1,-1,1,1,1,-1,1,1,1,-1,1,1,1,-1,1,1,1,-1,1,1,1,-1,1,1,1,-1,1,1,1,-1,1,1,1,-1,1,1,1,-1,1,1,1,-1,1,1,1,-1,1,1,1,-1,1,1,1,-1,1,1,1,-1,1,1,1,-1,1,1,1,-1,1,1,1,-1,1,1,1,-1,1,1,1,-1,1,1,1,-1,1,1,1,-1,1,1,1,-1,1,1,1,-1,1,1,1,-1,1,1,1,-1,1,1,1,-1,1,1,1,-1,1,1,1,-1,1,1,1,-1,1,1,1,-1,1,1,1,-1,1,1,1,-1,1,1,1,-1,1,1,1,-1,1,1,1,-1,1,1,1,-1,1,1,1,-1,1,1,1,-1,1,1,1,-1,1,1,1,-1,1,1,1,-1,1,1,1,-1,1,1,1,-1,1,1,1,-1,1,1,1,-1,1,1,1,-1,1,1,1,-1,1,1,1,-1,1,1,1,-1,1,1,1,-1,1,1,1,-1,1,1,1,-1,1,1,1,-1,1,1,1,-1,1,1,1,-1,1,1,1,-1,1,1,1,-1,1,1,1,-1,1,1,1,-1,1,1,1,-1,1,1,1,-1,1,1,1,-1,1,1,1,-1,1,1,1,-1,1,1,1,-1,1,1,1,-1,1,1,1,-1,1,1,1,-1,1,1,1,-1,1,1,1,-1,1,1,1,-1,1,1,1,-1,1,1,1,-1,1,1,1,-1,1,1,1,-1,1,1,1,-1,1,1,1,-1,1,1,1,-1,1,1,1,-1,1,1,1,-1,1,1,1,-1,1,1,1,-1,1,1,1,-1,1,1,1,-1,1,1,1,-1,1,1,1,-1,1,1,1,-1,1,1,1,-1,1,1,1,-1,1,1,1,-1,1,1,1,-1,1,1,1,-1,1,1,1,-1,1,1,1,-1,1,1,1,-1,1,1,1,-1,1,1,1,-1,1,1,1,-1,1,1,1,-1,1,1,1,-1,1,1,1,-1,1,1,1,-1,1,1,1,-1,1,1,1,-1,1,1,1,-1,1,1,1,-1,1,1,1,-1,1,1,1,-1,1,1,1,-1,1,1,1,-1,1,1,1,-1,1,1,1,-1,1,1,1,-1,1,1,1,-1,1,1,1,-1,1,1,1,-1,1,1,1,-1,1,1,1,-1,1,1,1,-1,1,1,1,-1,1,1,1,-1,1,1,1,-1,1,1,1,-1,1,1,1,-1,1,1,1,-1,1,1,1,-1,1,1,1,-1,1,1,1,-1,1,1,1,-1,1,1,1,-1,1,1,1,-1,1,1,1,-1,1,1,1,-1,1,1,1,-1,1,1,1,-1,1,1,1,-1,1,1,1,-1,1,1,1,-1,1,1,1,-1,1,1,1,-1,1,1,1,-1,1,1,1,-1,1,1,1,-1,1,1,1,-1,1,1,1,-1,1,1,1,-1,1,1,1,-1,1,1,1,-1,1,1,1,-1,1,1,1,-1,1,1,1,-1,1,1,1,-1,1,1,1,-1,1,1,1,-1,1,1,1,-1,1,1,1,-1,1,1,1,-1,1,1,1,-1,1,1,1,-1,1,1,1,-1,1,1,1,-1,1,1,1,-1,1,1,1,-1,1,1,1,-1,1,1,1,-1,1,1,1,-1,1,1,1,-1,1,1,1,-1,1,1,1,-1,1,1,1,-1,1,1,1,-1,1,1,1,-1,1,1,1,-1,1,1,1,-1,1,1,1,-1,1,1,1,-1,1,1,1,-1,1,1,1,-1,1,1,1,-1,1,1,1,-1,1,1,1,-1,1,1,1,-1,1,1,1,-1,1,1,1,-1,1,1,1,-1,1,1,1,-1,1,1,1,-1,1,1,1,-1,1,1,1,-1,1,1,1,-1,1,1,1,-1,1,1,1,-1,1,1,1,-1,1,1,1,-1,1,1,1,-1,1,1,1,-1,1,1,1,-1,1,1,1,-1,1,1,1,-1,1,1,1,-1,1,1,1,-1,1,1,1,-1,1,1,1,-1,1,1,1,-1,1,1,1,-1,1,1,1,-1,1,1,1,-1,1,1,1,-1,1,1,1,-1,1,1,1,-1,1,1,1,-1,1,1,1,-1,1,1,1,-1,1,1,1,-1,1,1,1,-1,1,1,1,-1,1,1,1,-1,1,1,1,-1,1,1,1,-1,1,1,1,-1,1,1,1,-1,1,1,1,-1,1,1,1,-1,1,1,1,-1,1,1,1,-1,1,1,1,-1,1,1,1,-1,1,1,1,-1,1,1,1,-1,1,1,1,-1,1,1,1,-1,1,1,1,-1,1,1,1,-1,1,1,1,-1,1,1,1,-1,1,1,1,-1,1,1,1,-1,1,1,1,-1,1,1,1,-1,1,1,1,-1,1,1,1,-1,1,1,1,-1,1,1,1,-1,1,1,1,-1,1,1,1,-1,1,1,1,-1,1,1,1,-1,1,1,1,-1,1,1,1,-1,1,1,1,-1,1,1,1,-1,1,1,1,-1,1,1,1,-1,1,1,1,-1,1,1,1,-1,1,1,1,-1,1,1,1,-1,1,1,1,-1,1,1,1,-1,1,1,1,-1,1,1,1,-1,1,1,1,-1,1,1,1,-1,1,1,1,-1,1,1,1,-1,1,1,1,-1,1,1,1,-1,1,1,1,-1,1,1,1,-1,1,1,1,-1,1,1,1,-1,1,1,1,-1,1,1,1,-1,1,1,1,-1,1,1,1,-1,1,1,1,-1,1,1,1,-1,1,1,1,-1,1,1,1,-1,1,1,1,-1,1,1,1,-1,1,1,1,-1,1,1,1,-1,1,1,1,-1,1,1,1,-1,1,1,1,-1,1,1,1,-1,1,1,1,-1,1,1,1,-1,1,1,1,-1,1,1,1,-1,1,1,1,-1,1,1,1,-1,1,1,1,-1,1,1,1,-1,1,1,1,-1,1,1,1,-1,1,1,1,-1,1,1,1,-1,1,1,1,-1,1,1,1,-1,1,1,1,-1,1,1,1,-1,1,1,1,-1,1,1,1,-1,1,1,1,-1,1,1,1,-1,1,1,1,-1,1,1,1,-1,1,1,1,-1,1,1,1,-1,1,1,1,-1,1,1,1,-1,1,1,1,-1,1,1,1,-1,1,1,1,-1,1,1,1,-1,1,1,1,-1,1,1,1,-1,1,1,1,-1,1,1,1,-1,1,1,1,-1,1,1,1,-1,1,1,1,-1,1,1,1,-1,1,1,1,-1,1,1,1,-1,1,1,1,-1,1,1,1,-1,1,1,1,-1,1,1,1,-1,1,1,1,-1,1,1,1,-1,1,1,1,-1,1,1,1,-1,1,1,1,-1,1,1,1,-1,1,1,1,-1,1,1,1,-1,1,1,1,-1,1,1,1,-1,1,1,1,-1,1,1,1,-1,1,1,1,-1,1,1,1,-1,1,1,1,-1,1,1,1,-1,1,1,1,-1,1,1,1,-1,1,1,1,-1,1,1,1,-1,1,1,1,-1,1,1,1,-1,1,1,1,-1,1,1,1,-1,1,1,1,-1,1,1,1,-1,1,1,1,-1,1,1,1,-1,1,1,1,-1,1,1,1,-1,1,1,1,-1,1,1,1,-1,1,1,1,-1,1,1,1,-1,1,1,1,-1,1,1,1,-1,1,1,1,-1,1,1,1,-1,1,1,1,-1,1,1,1,-1,1,1,1,-1,1,1,1,-1,1,1,1,-1,1,1,1,-1,1,1,1,-1,1,1,1,-1,1,1,1,-1,1,1,1,-1,1,1,1,-1,1,1,1,-1,1,1,1,-1,1,1,1,-1,1,1,1,-1,1,1,1,-1,1,1,1,-1,1,1,1,-1,1,1,1,-1,1,1,1,-1,1,1,1,-1,1,1,1,-1,1,1,1,-1,1,1,1,-1,1,1,1,-1,1,1,1,-1,1,1,1,-1,1,1,1,-1,1,1,1,-1,1,1,1,-1,1,1,1,-1,1,1,1,-1,1,1,1,-1,1,1,1,-1,1,1,1,-1,1,1,1,-1,1,1,1,-1,1,1,1,-1,1,1,1,-1,1,1,1,-1,1,1,1,-1,1,1,1,-1,1,1,1,-1,1,1,1,-1,1,1,1,-1,1,1,1,-1,1,1,1,-1,1,1,1,-1,1,1,1,-1,1,1,1,-1,1,1,1,-1,1,1,1,-1,1,1,1,-1,1,1,1,-1,1,1,1,-1,1,1,1,-1,1,1,1,-1,1,1,1,-1,1,1,1,-1,1,1,1,-1,1,1,1,-1,1,1,1,-1,1,1,1,-1,1,1,1,-1,1,1,1,-1,1,1,1,-1,1,1,1,-1,1,1,1,-1,1,1,1,-1,1,1,1,-1,1,1,1,-1,1,1,1,-1,1,1,1,-1,1,1,1,-1,1,1,1,-1,1,1,1,-1,1,1,1,-1,1,1,1,-1,1,1,1,-1,1,1,1,-1,1,1,1,-1,1,1,1,-1,1,1,1,-1,1,1,1,-1,1,1,1,-1,1,1,1,-1,1,1,1,-1,1,1,1,-1,1,1,1,-1,1,1,1,-1,1,1,1,-1,1,1,1,-1,1,1,1,-1,1,1,1,-1,1,1,1,-1,1,1,1,-1,1,1,1,-1,1,1,1,-1,1,1,1,-1,1,1,1,-1,1,1,1,-1,1,1,1,-1,1,1,1,-1,1,1,1,-1,1,1,1,-1,1,1,1,-1,1,1,1,-1,1,1,1,-1,1,1,1,-1,1,1,1,-1,1,1,1,-1,1,1,1,-1,1,1,1,-1,1,1,1,-1,1,1,1,-1,1,1,1,-1,1,1,1,-1,1,1,1,-1,1,1,1,-1,1,1,1,-1,1,1,1,-1,1,1,1,-1,1,1,1,-1,1,1,1,-1,1,1,1,-1,1,1,1,-1,1,1,1,-1,1,1,1,-1,1,1,1,-1,1,1,1,-1,1,1,1,-1,1,1,1,-1,1,1,1,-1,1,1,1,-1,1,1,1,-1,1,1,1,-1,1,1,1,-1,1,1,1,-1,1,1,1,-1,1,1,1,-1,1,1,1,-1,1,1,1,-1,1,1,1,-1,1,1,1,-1,1,1,1,-1,1,1,1,-1,1,1,1,-1,1,1,1,-1,1,1,1,-1,1,1,1,-1,1,1,1,-1,1,1,1,-1,1,1,1,-1,1,1,1,-1,1,1,1,-1,1,1,1,-1,1,1,1,-1,1,1,1,-1,1,1,1,-1,1,1,1,-1,1,1,1,-1,1,1,1,-1,1,1,1,-1,1,1,1,-1,1,1,1,-1,1,1,1,-1,1,1,1,-1,1,1,1,-1,1,1,1,-1,1,1,1,-1,1,1,1,-1,1,1,1,-1,1,1,1,-1,1,1,1,-1,1,1,1,-1,1,1,1,-1,1,1,1,-1,1,1,1,-1,1,1,1,-1,1,1,1,-1,1,1,1,-1,1,1,1,-1,1,1,1,-1,1,1,1,-1,1,1,1,-1,1,1,1,-1,1,1,1,-1,1,1,1,-1,1,1,1,-1,1,1,1,-1,1,1,1,-1,1,1,1,-1,1,1,1,-1,1,1,1,-1,1,1,1,-1,1,1,1,-1,1,1,1,-1,1,1,1,-1,1,1,1,-1,1,1,1,-1,1,1,1,-1,1,1,1,-1,1,1,1,-1,1,1,1,-1,1,1,1,-1,1,1,1,-1,1,1,1,-1,1,1,1,-1,1,1,1,-1,1,1,1,-1,1,1,1,-1,1,1,1,-1,1,1,1,-1,1,1,1,-1,1,1,1,-1,1,1,1,-1,1,1,1,-1,1,1,1,-1,1,1,1,-1,1,1,1,-1,1,1,1,-1,1,1,1,-1,1,1,1,-1,1,1,1,-1,1,1,1,-1,1,1,1,-1,1,1,1,-1,1,1,1,-1,1,1,1,-1,1,1,1,-1,1,1,1,-1,1,1,1,-1,1,1,1,-1,1,1,1,-1,1,1,1,-1,1,1,1,-1,1,1,1,-1,1,1,1,-1,1,1,1,-1,1,1,1,-1,1,1,1,-1,1,1,1,-1,1,1,1,-1,1,1,1,-1,1,1,1,-1,1,1,1,-1,1,1,1,-1,1,1,1,-1,1,1,1,-1,1,1,1,-1,1,1,1,-1,1,1,1,-1,1,1,1,-1,1,1,1,-1,1,1,1,-1,1,1,1,-1,1,1,1,-1,1,1,1,-1,1,1,1,-1,1,1,1,-1,1,1,1,-1,1,1,1,-1,1,1,1,-1,1,1,1,-1,1,1,1,-1,1,1,1,-1,1,1,1,-1,1,1,1,-1,1,1,1,-1,1,1,1,-1,1,1,1,-1,1,1,1,-1,1,1,1,-1,1,1,1,-1,1,1,1,-1,1,1,1,-1,1,1,1,-1,1,1,1,-1,1,1,1,-1,1,1,1,-1,1,1,1,-1,1,1,1,-1,1,1,1,-1,1,1,1,-1,1,1,1,-1,1,1,1,-1,1,1,1,-1,1,1,1,-1,1,1,1,-1,1,1,1,-1,1,1,1,-1,1,1,1,-1,1,1,1,-1,1,1,1,-1,1,1,1,-1,1,1,1,-1,1,1,1,-1,1,1,1,-1,1,1,1,-1,1,1,1,-1,1,1,1,-1,1,1,1,-1,1,1,1,-1,1,1,1,-1,1,1,1,-1,1,1,1,-1,1,1,1,-1,1,1,1,-1,1,1,1,-1,1,1,1,-1,1,1,1,-1,1,1,1,-1,1,1,1,-1,1,1,1,-1,1,1,1,-1,1,1,1,-1,1,1,1,-1,1,1,1,-1,1,1,1,-1,1,1,1,-1,1,1,1,-1,1,1,1,-1,1,1,1,-1,1,1,1,-1,1,1,1,-1,1,1,1,-1,1,1,1,-1,1,1,1,-1,1,1,1,-1,1,1,1,-1,1,1,1,-1,1,1,1,-1,1,1,1,-1,1,1,1,-1,1,1,1,-1,1,1,1,-1,1,1,1,-1,1,1,1,-1,1,1,1,-1,1,1,1,-1,1,1,1,-1,1,1,1,-1,1,1,1,-1,1,1,1,-1,1,1,1,-1,1,1,1,-1,1,1,1,-1,1,1,1,-1,1,1,1,-1,1,1,1,-1,1,1,1,-1,1,1,1,-1,1,1,1,-1,1,1,1,-1,1,1,1,-1,1,1,1,-1,1,1,1,-1,1,1,1,-1,1,1,1,-1,1,1,1,-1,1,1,1,-1,1,1,1,-1,1,1,1,-1,1,1,1,-1,1,1,1,-1,1,1,1,-1,1,1,1,-1,1,1,1,-1,1,1,1,-1,1,1,1,-1,1,1,1,-1,1,1,1,-1,1,1,1,-1,1,1,1,-1,1,1,1,-1,1,1,1,-1,1,1,1,-1,1,1,1,-1,1,1,1,-1,1,1,1,-1,1,1,1,-1,1,1,1,-1,1,1,1,-1,1,1,1,-1,1,1,1,-1,1,1,1,-1,1,1,1,-1,1,1,1,-1,1,1,1,-1,1,1,1,-1,1,1,1,-1,1,1,1,-1,1,1,1,-1,1,1,1,-1,1,1,1,-1,1,1,1,-1,1,1,1,-1,1,1,1,-1,1,1,1,-1,1,1,1,-1,1,1,1,-1,1,1,1,-1,1,1,1,-1,1,1,1,-1,1,1,1,-1,1,1,1,-1,1,1,1,-1,1,1,1,-1,1,1,1,-1,1,1,1,-1,1,1,1,-1,1,1,1,-1,1,1,1,-1,1,1,1,-1,1,1,1,-1,1,1,1,-1,1,1,1,-1,1,1,1,-1,1,1,1,-1,1,1,1,-1,1,1,1,-1,1,1,1,-1,1,1,1,-1,1,1,1,-1,1,1,1,-1,1,1,1,-1,1,1,1,-1,1,1,1,-1,1,1,1,-1,1,1,1,-1,1,1,1,-1,1,1,1,-1,1,1,1,-1,1,1,1,-1,1,1,1,-1,1,1,1,-1,1,1,1,-1,1,1,1,-1,1,1,1,-1,1,1,1,-1,1,1,1,-1,1,1,1,-1,1,1,1,-1,1,1,1,-1,1,1,1,-1,1,1,1,-1,1,1,1,-1,1,1,1,-1,1,1,1,-1,1,1,1,-1,1,1,1,-1,1,1,1,-1,1,1,1,-1,1,1,1,-1,1,1,1,-1,1,1,1,-1,1,1,1,-1,1,1,1,-1,1,1,1,-1,1,1,1,-1,1,1,1,-1,1,1,1,-1,1,1,1,-1,1,1,1,-1,1,1,1,-1,1,1,1,-1,1,1,1,-1,1,1,1,-1,1,1,1,-1,1,1,1,-1,1,1,1,-1,1,1,1,-1,1,1,1,-1,1,1,1,-1,1,1,1,-1,1,1,1,-1,1,1,1,-1,1,1,1,-1,1,1,1,-1,1,1,1,-1,1,1,1,-1,1,1,1,-1,1,1,1,-1,1,1,1,-1,1,1,1,-1,1,1,1,-1,1,1,1,-1,1,1,1,-1,1,1,1,-1,1,1,1,-1,1,1,1,-1,1,1,1,-1,1,1,1,-1,1,1,1,-1,1,1,1,-1,1,1,1,-1,1,1,1,-1,1,1,1,-1,1,1,1,-1,1,1,1,-1,1,1,1,-1,1,1,1,-1,1,1,1,-1,1,1,1,-1,1,1,1,-1,1,1,1,-1,1,1,1,-1,1,1,1,-1,1,1,1,-1,1,1,1,-1,1,1,1,-1,1,1,1,-1,1,1,1,-1,1,1,1,-1,1,1,1,-1,1,1,1,-1,1,1,1,-1,1,1,1,-1,1,1,1,-1,1,1,1,-1,1,1,1,-1,1,1,1,-1,1,1,1,-1,1,1,1,-1,1,1,1,-1,1,1,1,-1,1,1,1,-1,1,1,1,-1,1,1,1,-1,1,1,1,-1,1,1,1,-1,1,1,1,-1,1,1,1,-1,1,1,1,-1,1,1,1,-1,1,1,1,-1,1,1,1,-1,1,1,1,-1,1,1,1,-1,1,1,1,-1,1,1,1,-1,1,1,1,-1,1,1,1,-1,1,1,1,-1,1,1,1,-1,1,1,1,-1,1,1,1,-1,1,1,1,-1,1,1,1,-1,1,1,1,-1,1,1,1,-1,1,1,1,-1,1,1,1,-1,1,1,1,-1,1,1,1,-1,1,1,1,-1,1,1,1,-1,1,1,1,-1,1,1,1,-1,1,1,1,-1,1,1,1,-1,1,1,1,-1,1,1,1,-1,1,1,1,-1,1,1,1,-1,1,1,1,-1,1,1,1,-1,1,1,1,-1,1,1,1,-1,1,1,1,-1,1,1,1,-1,1,1,1,-1,1,1,1,-1,1,1,1,-1,1,1,1,-1,1,1,1,-1,1,1,1,-1,1,1,1,-1,1,1,1,-1,1,1,1,-1,1,1,1,-1,1,1,1,-1,1,1,1,-1,1,1,1,-1,1,1,1,-1,1,1,1,-1,1,1,1,-1,1,1,1,-1,1,1,1,-1,1,1,1,-1,1,1,1,-1,1,1,1,-1,1,1,1,-1,1,1,1,-1,1,1,1,-1,1,1,1,-1,1,1,1,-1,1,1,1,-1,1,1,1,-1,1,1,1,-1,1,1,1,-1,1,1,1,-1,1,1,1,-1,1,1,1,-1,1,1,1,-1,1,1,1,-1,1,1,1,-1,1,1,1,-1,1,1,1,-1,1,1,1,-1,1,1,1,-1,1,1,1,-1,1,1,1,-1,1,1,1,-1,1,1,1,-1,1,1,1,-1,1,1,1,-1,1,1,1,-1,1,1,1,-1,1,1,1,-1,1,1,1,-1,1,1,1,-1,1,1,1,-1,1,1,1,-1,1,1,1,-1,1,1,1,-1,1,1,1,-1,1,1,1,-1,1,1,1,-1,1,1,1,-1,1,1,1,-1,1,1,1,-1,1,1,1,-1,1,1,1,-1,1,1,1,-1,1,1,1,-1,1,1,1,-1,1,1,1,-1,1,1,1,-1,1,1,1,-1,1,1,1,-1,1,1,1,-1,1,1,1,-1,1,1,1,-1,1,1,1,-1,1,1,1,-1,1,1,1,-1,1,1,1,-1,1,1,1,-1,1,1,1,-1,1,1,1,-1,1,1,1,-1,1,1,1,-1,1,1,1,-1,1,1,1,-1,1,1,1,-1,1,1,1,-1,1,1,1,-1,1,1,1,-1,1,1,1,-1,1,1,1,-1,1,1,1,-1,1,1,1,-1,1,1,1,-1,1,1,1,-1,1,1,1,-1,1,1,1,-1,1,1,1,-1,1,1,1,-1,1,1,1,-1,1,1,1,-1,1,1,1,-1,1,1,1,-1,1,1,1,-1,1,1,1,-1,1,1,1,-1,1,1,1,-1,1,1,1,-1,1,1,1,-1,1,1,1,-1,1,1,1,-1,1,1,1,-1,1,1,1,-1,1,1,1,-1,1,1,1,-1,1,1,1,-1,1,1,1,-1,1,1,1,-1,1,1,1,-1,1,1,1,-1,1,1,1,-1,1,1,1,-1,1,1,1,-1,1,1,1,-1,1,1,1,-1,1,1,1,-1,1,1,1,-1,1,1,1,-1,1,1,1,-1,1,1,1,-1,1,1,1,-1,1,1,1,-1,1,1,1,-1,1,1,1,-1,1,1,1,-1,1,1,1,-1,1,1,1,-1,1,1,1,-1,1,1,1,-1,1,1,1,-1,1,1,1,-1,1,1,1,-1,1,1,1,-1,1,1,1,-1,1,1,1,-1,1,1,1,-1,1,1,1,-1,1,1,1,-1,1,1,1,-1,1,1,1,-1,1,1,1,-1,1,1,1,-1,1,1,1,-1,1,1,1,-1,1,1,1,-1,1,1,1,-1,1,1,1,-1,1,1,1,-1,1,1,1,-1,1,1,1,-1,1,1,1,-1,1,1,1,-1,1,1,1,-1,1,1,1,-1,1,1,1,-1,1,1,1,-1,1,1,1,-1,1,1,1,-1,1,1,1,-1,1,1,1,-1,1,1,1,-1,1,1,1,-1,1,1,1,-1,1,1,1,-1,1,1,1,-1,1,1,1,-1,1,1,1,-1,1,1,1,-1,1,1,1,-1,1,1,1,-1,1,1,1,-1,1,1,1,-1,1,1,1,-1,1,1,1,-1,1,1,1,-1,1,1,1,-1,1,1,1,-1,1,1,1,-1,1,1,1,-1,1,1,1,-1,1,1,1,-1,1,1,1,-1,1,1,1,-1,1,1,1,-1,1,1,1,-1,1,1,1,-1,1,1,1,-1,1,1,1,-1,1,1,1,-1,1,1,1,-1,1,1,1,-1,1,1,1,-1,1,1,1,-1,1,1,1,-1,1,1,1,-1,1,1,1,-1,1,1,1,-1,1,1,1,-1,1,1,1,-1,1,1,1,-1,1,1,1,-1,1,1,1,-1,1,1,1,-1,1,1,1,-1,1,1,1,-1,1,1,1,-1,1,1,1,-1,1,1,1,-1,1,1,1,-1,1,1,1,-1,1,1,1,-1,1,1,1,-1,1,1,1,-1,1,1,1,-1,1,1,1,-1,1,1,1,-1,1,1,1,-1,1,1,1,-1,1,1,1,-1,1,1,1,-1,1,1,1,-1,1,1,1,-1,1,1,1,-1,1,1,1,-1,1,1,1,-1,1,1,1,-1,1,1,1,-1,1,1,1,-1,1,1,1,-1,1,1,1,-1,1,1,1,-1,1,1,1,-1,1,1,1,-1,1,1,1,-1,1,1,1,-1,1,1,1,-1,1,1,1,-1,1,1,1,-1,1,1,1,-1,1,1,1,-1,1,1,1,-1,1,1,1,-1,1,1,1,-1,1,1,1,-1,1,1,1,-1,1,1,1,-1,1,1,1,-1,1,1,1,-1,1,1,1,-1,1,1,1,-1,1,1,1,-1,1,1,1,-1,1,1,1,-1,1,1,1,-1,1,1,1,-1,1,1,1,-1,1,1,1,-1,1,1,1,-1,1,1,1,-1,1,1,1,-1,1,1,1,-1,1,1,1,-1,1,1,1,-1,1,1,1,-1,1,1,1,-1,1,1,1,-1,1,1,1,-1,1,1,1,-1,1,1,1,-1,1,1,1,-1,1,1,1,-1,1,1,1,-1,1,1,1,-1,1,1,1,-1,1,1,1,-1,1,1,1,-1,1,1,1,-1,1,1,1,-1,1,1,1,-1,1,1,1,-1,1,1,1,-1,1,1,1,-1,1,1,1,-1,1,1,1,-1,1,1,1,-1,1,1,1,-1,1,1,1,-1,1,1,1,-1,1,1,1,-1,1,1,1,-1,1,1,1,-1,1,1,1,-1,1,1,1,-1,1,1,1,-1,1,1,1,-1,1,1,1,-1,1,1,1,-1,1,1,1,-1,1,1,1,-1,1,1,1,-1,1,1,1,-1,1,1,1,-1,1,1,1,-1,1,1,1,-1,1,1,1,-1,1,1,1,-1,1,1,1,-1,1,1,1,-1,1,1,1,-1,1,1,1,-1,1,1,1,-1,1,1,1,-1,1,1,1,-1,1,1,1,-1,1,1,1,-1,1,1,1,-1,1,1,1,-1,1,1,1,-1,1,1,1,-1,1,1,1,-1,1,1,1,-1,1,1,1,-1,1,1,1,-1,1,1,1,-1,1,1,1,-1,1,1,1,-1,1,1,1,-1,1,1,1,-1,1,1,1,-1,1,1,1,-1,1,1,1,-1,1,1,1,-1,1,1,1,-1,1,1,1,-1,1,1,1,-1,1,1,1,-1,1,1,1,-1,1,1,1,-1,1,1,1,-1,1,1,1,-1,1,1,1,-1,1,1,1,-1,1,1,1,-1,1,1,1,-1,1,1,1,-1,1,1,1,-1,1,1,1,-1,1,1,1,-1,1,1,1,-1,1,1,1,-1,1,1,1,-1,1,1,1,-1,1,1,1,-1,1,1,1,-1,1,1,1,-1,1,1,1,-1,1,1,1,-1,1,1,1,-1,1,1,1,-1,1,1,1,-1,1,1,1,-1,1,1,1,-1,1,1,1,-1,1,1,1,-1,1,1,1,-1,1,1,1,-1,1,1,1,-1,1,1,1,-1,1,1,1,-1,1,1,1,-1,1,1,1,-1,1,1,1,-1,1,1,1,-1,1,1,1,-1,1,1,1,-1,1,1,1,-1,1,1,1,-1,1,1,1,-1,1,1,1,-1,1,1,1,-1,1,1,1,-1,1,1,1,-1,1,1,1,-1,1,1,1,-1,1,1,1,-1,1,1,1,-1,1,1,1,-1,1,1,1,-1,1,1,1,-1,1,1,1,-1,1,1,1,-1,1,1,1,-1,1,1,1,-1,1,1,1,-1,1,1,1,-1,1,1,1,-1,1,1,1,-1,1,1,1,-1,1,1,1,-1,1,1,1,-1,1,1,1,-1,1,1,1,-1,1,1,1,-1,1,1,1,-1,1,1,1,-1,1,1,1,-1,1,1,1,-1,1,1,1,-1,1,1,1,-1,1,1,1,-1,1,1,1,-1,1,1,1,-1,1,1,1,-1,1,1,1,-1,1,1,1,-1,1,1,1,-1,1,1,1,-1,1,1,1,-1,1,1,1,-1,1,1,1,-1,1,1,1,-1,1,1,1,-1,1,1,1,-1,1,1,1,-1,1,1,1,-1,1,1,1,-1,1,1,1,-1,1,1,1,-1,1,1,1,-1,1,1,1,-1,1,1,1,-1,1,1,1,-1,1,1,1,-1,1,1,1,-1,1,1,1,-1,1,1,1,-1,1,1,1,-1,1,1,1,-1,1,1,1,-1,1,1,1,-1,1,1,1,-1,1,1,1,-1,1,1,1,-1,1,1,1,-1,1,1,1,-1,1,1,1,-1,1,1,1,-1,1,1,1,-1,1,1,1,-1,1,1,1,-1,1,1,1,-1,1,1,1,-1,1,1,1,-1,1,1,1,-1,1,1,1,-1,1,1,1,-1,1,1,1,-1,1,1,1,-1,1,1,1,-1,1,1,1,-1,1,1,1,-1,1,1,1,-1,1,1,1,-1,1,1,1,-1,1,1,1,-1,1,1,1,-1,1,1,1,-1,1,1,1,-1,1,1,1,-1,1,1,1,-1,1,1,1,-1,1,1,1,-1,1,1,1,-1,1,1,1,-1,1,1,1,-1,1,1,1,-1,1,1,1,-1,1,1,1,-1,1,1,1,-1,1,1,1,-1,1,1,1,-1,1,1,1,-1,1,1,1,-1,1,1,1,-1,1,1,1,-1,1,1,1,-1,1,1,1,-1,1,1,1,-1,1,1,1,-1,1,1,1,-1,1,1,1,-1,1,1,1,-1,1,1,1,-1,1,1,1,-1,1,1,1,-1,1,1,1,-1,1,1,1,-1,1,1,1,-1,1,1,1,-1,1,1,1,-1,1,1,1,-1,1,1,1,-1,1,1,1,-1,1,1,1,-1,1,1,1,-1,1,1,1,-1,1,1,1,-1,1,1,1,-1,1,1,1,-1,1,1,1,-1,1,1,1,-1,1,1,1,-1,1,1,1,-1,1,1,1,-1,1,1,1,-1,1,1,1,-1,1,1,1,-1,1,1,1,-1,1,1,1,-1,1,1,1,-1,1,1,1,-1,1,1,1,-1,1,1,1,-1,1,1,1,-1,1,1,1,-1,1,1,1,-1,1,1,1,-1,1,1,1,-1,1,1,1,-1,1,1,1,-1,1,1,1,-1,1,1,1,-1,1,1,1,-1,1,1,1,-1,1,1,1,-1,1,1,1,-1,1,1,1,-1,1,1,1,-1,1,1,1,-1,1,1,1,-1,1,1,1,-1,1,1,1,-1,1,1,1,-1,1,1,1,-1,1,1,1,-1,1,1,1,-1,1,1,1,-1,1,1,1,-1,1,1,1,-1,1,1,1,-1,1,1,1,-1,1,1,1,-1,1,1,1,-1,1,1,1,-1,1,1,1,-1,1,1,1,-1,1,1,1,-1,1,1,1,-1,1,1,1,-1,1,1,1,-1,1,1,1,-1,1,1,1,-1,1,1,1,-1,1,1,1,-1,1,1,1,-1,1,1,1,-1,1,1,1,-1,1,1,1,-1,1,1,1,-1,1,1,1,-1,1,1,1,-1,1,1,1,-1,1,1,1,-1,1,1,1,-1,1,1,1,-1,1,1,1,-1,1,1,1,-1,1,1,1,-1,1,1,1,-1,1,1,1,-1,1,1,1,-1,1,1,1,-1,1,1,1,-1,1,1,1,-1,1,1,1,-1,1,1,1,-1,1,1,1,-1,1,1,1,-1,1,1,1,-1,1,1,1,-1,1,1,1,-1,1,1,1,-1,1,1,1,-1,1,1,1,-1,1,1,1,-1,1,1,1,-1,1,1,1,-1,1,1,1,-1,1,1,1,-1,1,1,1,-1,1,1,1,-1,1,1,1,-1,1,1,1,-1,1,1,1,-1,1,1,1,-1,1,1,1,-1,1,1,1,-1,1,1,1,-1,1,1,1,-1,1,1,1,-1,1,1,1,-1,1,1,1,-1,1,1,1,-1,1,1,1,-1,1,1,1,-1,1,1,1,-1,1,1,1,-1,1,1,1,-1,1,1,1,-1,1,1,1,-1,1,1,1,-1,1,1,1,-1,1,1,1,-1,1,1,1,-1,1,1,1,-1,1,1,1,-1,1,1,1,-1,1,1,1,-1,1,1,1,-1,1,1,1,-1,1,1,1,-1,1,1,1,-1,1,1,1,-1,1,1,1,-1,1,1,1,-1,1,1,1,-1,1,1,1,-1,1,1,1,-1,1,1,1,-1,1,1,1,-1,1,1,1,-1,1,1,1,-1,1,1,1,-1,1,1,1,-1,1,1,1,-1,1,1,1,-1,1,1,1,-1,1,1,1,-1,1,1,1,-1,1,1,1,-1,1,1,1,-1,1,1,1,-1,1,1,1,-1,1,1,1,-1,1,1,1,-1,1,1,1,-1,1,1,1,-1,1,1,1,-1,1,1,1,-1,1,1,1,-1,1,1,1,-1,1,1,1,-1,1,1,1,-1,1,1,1,-1,1,1,1,-1,1,1,1,-1,1,1,1,-1,1,1,1,-1,1,1,1,-1,1,1,1,-1,1,1,1,-1,1,1,1,-1,1,1,1,-1,1,1,1,-1,1,1,1,-1,1,1,1,-1,1,1,1,-1,1,1,1,-1,1,1,1,-1,1,1,1,-1,1,1,1,-1,1,1,1,-1,1,1,1,-1,1,1,1,-1,1,1,1,-1,1,1,1,-1,1,1,1,-1,1,1,1,-1,1,1,1,-1,1,1,1,-1,1,1,1,-1,1,1,1,-1,1,1,1,-1,1,1,1,-1,1,1,1,-1,1,1,1,-1,1,1,1,-1,1,1,1,-1,1,1,1,-1,1,1,1,-1,1,1,1,-1,1,1,1,-1,1,1,1,-1,1,1,1,-1,1,1,1,-1,1,1,1,-1,1,1,1,-1,1,1,1,-1,1,1,1,-1,1,1,1,-1,1,1,1,-1,1,1,1,-1,1,1,1,-1,1,1,1,-1,1,1,1,-1,1,1,1,-1,1,1,1,-1,1,1,1,-1,1,1,1,-1,1,1,1,-1,1,1,1,-1,1,1,1,-1,1,1,1,-1,1,1,1,-1,1,1,1,-1,1,1,1,-1,1,1,1,-1,1,1,1,-1,1,1,1,-1,1,1,1,-1,1,1,1,-1,1,1,1,-1,1,1,1,-1,1,1,1,-1,1,1,1,-1,1,1,1,-1,1,1,1,-1,1,1,1,-1,1,1,1,-1,1,1,1,-1,1,1,1,-1,1,1,1,-1,1,1,1,-1,1,1,1,-1,1,1,1,-1,1,1,1,-1,1,1,1,-1,1,1,1,-1,1,1,1,-1,1,1,1,-1,1,1,1,-1,1,1,1,-1,1,1,1,-1,1,1,1,-1,1,1,1,-1,1,1,1,-1,1,1,1,-1,1,1,1,-1,1,1,1,-1,1,1,1,-1,1,1,1,-1,1,1,1,-1,1,1,1,-1,1,1,1,-1,1,1,1,-1,1,1,1,-1,1,1,1,-1,1,1,1,-1,1,1,1,-1,1,1,1,-1,1,1,1,-1,1,1,1,-1,1,1,1,-1,1,1,1,-1,1,1,1,-1,1,1,1,-1,1,1,1,-1,1,1,1,-1,1,1,1,-1,1,1,1,-1,1,1,1,-1,1,1,1,-1,1,1,1,-1,1,1,1,-1,1,1,1,-1,1,1,1,-1,1,1,1,-1,1,1,1,-1,1,1,1,-1,1,1,1,-1,1,1,1,-1,1,1,1,-1,1,1,1,-1,1,1,1,-1,1,1,1,-1,1,1,1,-1,1,1,1,-1,1,1,1,-1,1,1,1,-1,1,1,1,-1,1,1,1,-1,1,1,1,-1,1,1,1,-1,1,1,1,-1,1,1,1,-1,1,1,1,-1,1,1,1,-1,1,1,1,-1,1,1,1,-1,1,1,1,-1,1,1,1,-1,1,1,1,-1,1,1,1,-1,1,1,1,-1,1,1,1,-1,1,1,1,-1,1,1,1,-1,1,1,1,-1,1,1,1,-1,1,1,1,-1,1,1,1,-1,1,1,1,-1,1,1,1,-1,1,1,1,-1,1,1,1,-1,1,1,1,-1,1,1,1,-1,1,1,1,-1,1,1,1,-1,1,1,1,-1,1,1,1,-1,1,1,1,-1,1,1,1,-1,1,1,1,-1,1,1,1,-1,1,1,1,-1,1,1,1,-1,1,1,1,-1,1,1,1,-1,1,1,1,-1,1,1,1,-1,1,1,1,-1,1,1,1,-1,1,1,1,-1,1,1,1,-1,1,1,1,-1,1,1,1,-1,1,1,1,-1,1,1,1,-1,1,1,1,-1,1,1,1,-1,1,1,1,-1,1,1,1,-1,1,1,1,-1,1,1,1,-1,1,1,1,-1,1,1,1,-1,1,1,1,-1,1,1,1,-1,1,1,1,-1,1,1,1,-1,1,1,1,-1,1,1,1,-1,1,1,1,-1,1,1,1,-1,1,1,1,-1,1,1,1,-1,1,1,1,-1,1,1,1,-1,1,1,1,-1,1,1,1,-1,1,1,1,-1,1,1,1,-1,1,1,1,-1,1,1,1,-1,1,1,1,-1,1,1,1,-1,1,1,1,-1,1,1,1,-1,1,1,1,-1,1,1,1,-1,1,1,1,-1,1,1,1,-1,1,1,1,-1,1,1,1,-1,1,1,1,-1,1,1,1,-1,1,1,1,-1,1,1,1,-1,1,1,1,-1,1,1,1,-1,1,1,1,-1,1,1,1,-1,1,1,1,-1,1,1,1,-1,1,1,1,-1,1,1,1,-1,1,1,1,-1,1,1,1,-1,1,1,1,-1,1,1,1,-1,1,1,1,-1,1,1,1,-1,1,1,1,-1,1,1,1,-1,1,1,1,-1,1,1,1,-1,1,1,1,-1,1,1,1,-1,1,1,1,-1,1,1,1,-1,1,1,1,-1,1,1,1,-1,1,1,1,-1,1,1,1,-1,1,1,1,-1,1,1,1,-1,1,1,1,-1,1,1,1,-1,1,1,1,-1,1,1,1,-1,1,1,1,-1,1,1,1,-1,1,1,1,-1,1,1,1,-1,1,1,1,-1,1,1,1,-1,1,1,1,-1,1,1,1,-1,1,1,1,-1,1,1,1,-1,1,1,1,-1,1,1,1,-1,1,1,1,-1,1,1,1,-1,1,1,1,-1,1,1,1,-1,1,1,1,-1,1,1,1,-1,1,1,1,-1,1,1,1,-1,1,1,1,-1,1,1,1,-1,1,1,1,-1,1,1,1,-1,1,1,1,-1,1,1,1,-1,1,1,1,-1,1,1,1,-1,1,1,1,-1,1,1,1,-1,1,1,1,-1,1,1,1,-1,1,1,1,-1,1,1,1,-1,1,1,1,-1,1,1,1,-1,1,1,1,-1,1,1,1,-1,1,1,1,-1,1,1,1,-1,1,1,1,-1,1,1,1,-1,1,1,1,-1,1,1,1,-1,1,1,1,-1,1,1,1,-1,1,1,1,-1,1,1,1,-1,1,1,1,-1,1,1,1,-1,1,1,1,-1,1,1,1,-1,1,1,1,-1,1,1,1,-1,1,1,1,-1,1,1,1,-1,1,1,1,-1,1,1,1,-1,1,1,1,-1,1,1,1,-1,1,1,1,-1,1,1,1,-1,1,1,1,-1,1,1,1,-1,1,1,1,-1,1,1,1,-1,1,1,1,-1,1,1,1,-1,1,1,1,-1,1,1,1,-1,1,1,1,-1,1,1,1,-1,1,1,1,-1,1,1,1,-1,1,1,1,-1,1,1,1,-1,1,1,1,-1,1,1,1,-1,1,1,1,-1,1,1,1,-1,1,1,1,-1,1,1,1,-1,1,1,1,-1,1,1,1,-1,1,1,1,-1,1,1,1,-1,1,1,1,-1,1,1,1,-1,1,1,1,-1,1,1,1,-1,1,1,1,-1,1,1,1,-1,1,1,1,-1,1,1,1,-1,1,1,1,-1,1,1,1,-1,1,1,1,-1,1,1,1,-1,1,1,1,-1,1,1,1,-1,1,1,1,-1,1,1,1,-1,1,1,1,-1,1,1,1,-1,1,1,1,-1,1,1,1,-1,1,1,1,-1,1,1,1,-1,1,1,1,-1,1,1,1,-1,1,1,1,-1,1,1,1,-1,1,1,1,-1,1,1,1,-1,1,1,1,-1,1,1,1,-1,1,1,1,-1,1,1,1,-1,1,1,1,-1,1,1,1,-1,1,1,1,-1,1,1,1,-1,1,1,1,-1,1,1,1,-1,1,1,1,-1,1,1,1,-1,1,1,1,-1,1,1,1,-1,1,1,1,-1,1,1,1,-1,1,1,1,-1,1,1,1,-1,1,1,1,-1,1,1,1,-1,1,1,1,-1,1,1,1,-1,1,1,1,-1,1,1,1,-1,1,1,1,-1,1,1,1,-1,1,1,1,-1,1,1,1,-1,1,1,1,-1,1,1,1,-1,1,1,1,-1,1,1,1,-1,1,1,1,-1,1,1,1,-1,1,1,1,-1,1,1,1,-1,1,1,1,-1,1,1,1,-1,1,1,1,-1,1,1,1,-1,1,1,1,-1,1,1,1,-1,1,1,1,-1,1,1,1,-1,1,1,1,-1,1,1,1,-1,1,1,1,-1,1,1,1,-1,1,1,1,-1,1,1,1,-1,1,1,1,-1,1,1,1,-1,1,1,1,-1,1,1,1,-1,1,1,1,-1,1,1,1,-1,1,1,1,-1,1,1,1,-1,1,1,1,-1,1,1,1,-1,1,1,1,-1,1,1,1,-1,1,1,1,-1,1,1,1,-1,1,1,1,-1,1,1,1,-1,1,1,1,-1,1,1,1,-1,1,1,1,-1,1,1,1,-1,1,1,1,-1,1,1,1,-1,1,1,1,-1,1,1,1,-1,1,1,1,-1,1,1,1,-1,1,1,1,-1,1,1,1,-1,1,1,1,-1,1,1,1,-1,1,1,1,-1,1,1,1,-1,1,1,1,-1,1,1,1,-1,1,1,1,-1,1,1,1,-1,1,1,1,-1,1,1,1,-1,1,1,1,-1,1,1,1,-1,1,1,1,-1,1,1,1,-1,1,1,1,-1,1,1,1,-1,1,1,1,-1,1,1,1,-1,1,1,1,-1,1,1,1,-1,1,1,1,-1,1,1,1,-1,1,1,1,-1,1,1,1,-1,1,1,1,-1,1,1,1,-1,1,1,1,-1,1,1,1,-1,1,1,1,-1,1,1,1,-1,1,1,1,-1,1,1,1,-1,1,1,1,-1,1,1,1,-1,1,1,1,-1,1,1,1,-1,1,1,1,-1,1,1,1,-1,1,1,1,-1,1,1,1,-1,1,1,1,-1,1,1,1,-1,1,1,1,-1,1,1,1,-1,1,1,1,-1,1,1,1,-1,1,1,1,-1,1,1,1,-1,1,1,1,-1,1,1,1,-1,1,1,1,-1,1,1,1,-1,1,1,1,-1,1,1,1,-1,1,1,1,-1,1,1,1,-1,1,1,1,-1,1,1,1,-1,1,1,1,-1,1,1,1,-1,1,1,1,-1,1,1,1,-1,1,1,1,-1,1,1,1,-1,1,1,1,-1,1,1,1,-1,1,1,1,-1,1,1,1,-1,1,1,1,-1,1,1,1,-1,1,1,1,-1,1,1,1,-1,1,1,1,-1,1,1,1,-1,1,1,1,-1,1,1,1,-1,1,1,1,-1,1,1,1,-1,1,1,1,-1,1,1,1,-1,1,1,1,-1,1,1,1,-1,1,1,1,-1,1,1,1,-1,1,1,1,-1,1,1,1,-1,1,1,1,-1,1,1,1,-1,1,1,1,-1,1,1,1,-1,1,1,1,-1,1,1,1,-1,1,1,1,-1,1,1,1,-1,1,1,1,-1,1,1,1,-1,1,1,1,-1,1,1,1,-1,1,1,1,-1,1,1,1,-1,1,1,1,-1,1,1,1,-1,1,1,1,-1,1,1,1,-1,1,1,1,-1,1,1,1,-1,1,1,1,-1,1,1,1,-1,1,1,1,-1,1,1,1,-1,1,1,1,-1,1,1,1,-1,1,1,1,-1,1,1,1,-1,1,1,1,-1,1,1,1,-1,1,1,1,-1,1,1,1,-1,1,1,1,-1,1,1,1,-1,1,1,1,-1,1,1,1,-1,1,1,1,-1,1,1,1,-1,1,1,1,-1,1,1,1,-1,1,1,1,-1,1,1,1,-1,1,1,1,-1,1,1,1,-1,1,1,1,-1,1,1,1,-1,1,1,1,-1,1,1,1,-1,1,1,1,-1,1,1,1,-1,1,1,1,-1,1,1,1,-1,1,1,1,-1,1,1,1,-1,1,1,1,-1,1,1,1,-1,1,1,1,-1,1,1,1,-1,1,1,1,-1,1,1,1,-1,1,1,1,-1,1,1,1,-1,1,1,1,-1,1,1,1,-1,1,1,1,-1,1,1,1,-1,1,1,1,-1,1,1,1,-1,1,1,1,-1,1,1,1,-1,1,1,1,-1,1,1,1,-1,1,1,1,-1,1,1,1,-1,1,1,1,-1,1,1,1,-1,1,1,1,-1,1,1,1,-1,1,1,1,-1,1,1,1,-1,1,1,1,-1,1,1,1,-1,1,1,1,-1,1,1,1,-1,1,1,1,-1,1,1,1,-1,1,1,1,-1,1,1,1,-1,1,1,1,-1,1,1,1,-1,1,1,1,-1,1,1,1,-1,1,1,1,-1,1,1,1,-1,1,1,1,-1,1,1,1,-1,1,1,1,-1,1,1,1,-1,1,1,1,-1,1,1,1,-1,1,1,1,-1,1,1,1,-1,1,1,1,-1,1,1,1,-1,1,1,1,-1,1,1,1,-1,1,1,1,-1,1,1,1,-1,1,1,1,-1,1,1,1,-1,1,1,1,-1,1,1,1,-1,1,1,1,-1,1,1,1,-1,1,1,1,-1,1,1,1,-1,1,1,1,-1,1,1,1,-1,1,1,1,-1,1,1,1,-1,1,1,1,-1,1,1,1,-1,1,1,1,-1,1,1,1,-1,1,1,1,-1,1,1,1,-1,1,1,1,-1,1,1,1,-1,1,1,1,-1,1,1,1,-1,1,1,1,-1,1,1,1,-1,1,1,1,-1,1,1,1,-1,1,1,1,-1,1,1,1,-1,1,1,1,-1,1,1,1,-1,1,1,1,-1,1,1,1,-1,1,1,1,-1,1,1,1,-1,1,1,1,-1,1,1,1,-1,1,1,1,-1,1,1,1,-1,1,1,1,-1,1,1,1,-1,1,1,1,-1,1,1,1,-1,1,1,1,-1,1,1,1,-1,1,1,1,-1,1,1,1,-1,1,1,1,-1,1,1,1,-1,1,1,1,-1,1,1,1,-1,1,1,1,-1,1,1,1,-1,1,1,1,-1,1,1,1,-1,1,1,1,-1,1,1,1,-1,1,1,1,-1,1,1,1,-1,1,1,1,-1,1,1,1,-1,1,1,1,-1,1,1,1,-1,1,1,1,-1,1,1,1,-1,1,1,1,-1,1,1,1,-1,1,1,1,-1,1,1,1,-1,1,1,1,-1,1,1,1,-1,1,1,1,-1,1,1,1,-1,1,1,1,-1,1,1,1,-1,1,1,1,-1,1,1,1,-1,1,1,1,-1,1,1,1,-1,1,1,1,-1,1,1,1,-1,1,1,1,-1,1,1,1,-1,1,1,1,-1,1,1,1,-1,1,1,1,-1,1,1,1,-1,1,1,1,-1,1,1,1,-1,1,1,1,-1,1,1,1,-1,1,1,1,-1,1,1,1,-1,1,1,1,-1,1,1,1,-1,1,1,1,-1,1,1,1,-1,1,1,1,-1,1,1,1,-1,1,1,1,-1,1,1,1,-1,1,1,1,-1,1,1,1,-1,1,1,1,-1,1,1,1,-1,1,1,1,-1,1,1,1,-1,1,1,1,-1,1,1,1,-1,1,1,1,-1,1,1,1,-1,1,1,1,-1,1,1,1,-1,1,1,1,-1,1,1,1,-1,1,1,1,-1,1,1,1,-1,1,1,1,-1,1,1,1,-1,1,1,1,-1,1,1,1,-1,1,1,1,-1,1,1,1,-1,1,1,1,-1,1,1,1,-1,1,1,1,-1,1,1,1,-1,1,1,1,-1,1,1,1,-1,1,1,1,-1,1,1,1,-1,1,1,1,-1,1,1,1,-1,1,1,1,-1,1,1,1,-1,1,1,1,-1,1,1,1,-1,1,1,1,-1,1,1,1,-1,1,1,1,-1,1,1,1,-1,1,1,1,-1,1,1,1,-1,1,1,1,-1,1,1,1,-1,1,1,1,-1,1,1,1,-1,1,1,1,-1,1,1,1,-1,1,1,1,-1,1,1,1,-1,1,1,1,-1,1,1,1,-1,1,1,1,-1,1,1,1,-1,1,1,1,-1,1,1,1,-1,1,1,1,-1,1,1,1,-1,1,1,1,-1,1,1,1,-1,1,1,1,-1,1,1,1,-1,1,1,1,-1,1,1,1,-1,1,1,1,-1,1,1,1,-1,1,1,1,-1,1,1,1,-1,1,1,1,-1,1,1,1,-1,1,1,1,-1,1,1,1,-1,1,1,1,-1,1,1,1,-1,1,1,1,-1,1,1,1,-1,1,1,1,-1,1,1,1,-1,1,1,1,-1,1,1,1,-1,1,1,1,-1,1,1,1,-1,1,1,1,-1,1,1,1,-1,1,1,1,-1,1,1,1,-1,1,1,1,-1,1,1,1,-1,1,1,1,-1,1,1,1,-1,1,1,1,-1,1,1,1,-1,1,1,1,-1,1,1,1,-1,1,1,1,-1,1,1,1,-1,1,1,1,-1,1,1,1,-1,1,1,1,-1,1,1,1,-1,1,1,1,-1,1,1,1,-1,1,1,1,-1,1,1,1,-1,1,1,1,-1,1,1,1,-1,1,1,1,-1,1,1,1,-1,1,1,1,-1,1,1,1,-1,1,1,1,-1,1,1,1,-1,1,1,1,-1,1,1,1,-1,1,1,1,-1,1,1,1,-1,1,1,1,-1,1,1,1,-1,1,1,1,-1,1,1,1,-1,1,1,1,-1,1,1,1,-1,1,1,1,-1,1,1,1,-1,1,1,1,-1,1,1,1,-1,1,1,1,-1,1,1,1,-1,1,1,1,-1,1,1,1,-1,1,1,1,-1,1,1,1,-1,1,1,1,-1,1,1,1,-1,1,1,1,-1,1,1,1,-1,1,1,1,-1,1,1,1,-1,1,1,1,-1,1,1,1,-1,1,1,1,-1,1,1,1,-1,1,1,1,-1,1,1,1,-1,1,1,1,-1,1,1,1,-1,1,1,1,-1,1,1,1,-1,1,1,1,-1,1,1,1,-1,1,1,1,-1,1,1,1,-1,1,1,1,-1,1,1,1,-1,1,1,1,-1,1,1,1,-1,1,1,1,-1,1,1,1,-1,1,1,1,-1,1,1,1,-1,1,1,1,-1,1,1,1,-1,1,1,1,-1,1,1,1,-1,1,1,1,-1,1,1,1,-1,1,1,1,-1,1,1,1,-1,1,1,1,-1,1,1,1,-1,1,1,1,-1,1,1,1,-1,1,1,1,-1,1,1,1,-1,1,1,1,-1,1,1,1,-1,1,1,1,-1,1,1,1,-1,1,1,1,-1,1,1,1,-1,1,1,1,-1,1,1,1,-1,1,1,1,-1,1,1,1,-1,1,1,1,-1,1,1,1,-1,1,1,1,-1,1,1,1,-1,1,1,1,-1,1,1,1,-1,1,1,1,-1,1,1,1,-1,1,1,1,-1,1,1,1,-1,1,1,1,-1,1,1,1,-1,1,1,1,-1,1,1,1,-1,1,1,1,-1,1,1,1,-1,1,1,1,-1,1,1,1,-1,1,1,1,-1,1,1,1,-1,1,1,1,-1,1,1,1,-1,1,1,1,-1,1,1,1,-1,1,1,1,-1,1,1,1,-1,1,1,1,-1,1,1,1,-1,1,1,1,-1,1,1,1,-1,1,1,1,-1,1,1,1,-1,1,1,1,-1,1,1,1,-1,1,1,1,-1,1,1,1,-1,1,1,1,-1,1,1,1,-1,1,1,1,-1,1,1,1,-1,1,1,1,-1,1,1,1,-1,1,1,1,-1,1,1,1,-1,1,1,1,-1,1,1,1,-1,1,1,1,-1,1,1,1,-1,1,1,1,-1,1,1,1,-1,1,1,1,-1,1,1,1,-1,1,1,1,-1,1,1,1,-1,1,1,1,-1,1,1,1,-1,1,1,1,-1,1,1,1,-1,1,1,1,-1,1,1,1,-1,1,1,1,-1,1,1,1,-1,1,1,1,-1,1,1,1,-1,1,1,1,-1,1,1,1,-1,1,1,1,-1,1,1,1,-1,1,1,1,-1,1,1,1,-1,1,1,1,-1,1,1,1,-1,1,1,1,-1,1,1,1,-1,1,1,1,-1,1,1,1,-1,1,1,1,-1,1,1,1,-1,1,1,1,-1,1,1,1,-1,1,1,1,-1,1,1,1,-1,1,1,1,-1,1,1,1,-1,1,1,1,-1,1,1,1,-1,1,1,1,-1,1,1,1,-1,1,1,1,-1,1,1,1,-1,1,1,1,-1,1,1,1,-1,1,1,1,-1,1,1,1,-1,1,1,1,-1,1,1,1,-1,1,1,1,-1,1,1,1,-1,1,1,1,-1,1,1,1,-1,1,1,1,-1,1,1,1,-1,1,1,1,-1,1,1,1,-1,1,1,1,-1,1,1,1,-1,1,1,1,-1,1,1,1,-1,1,1,1,-1,1,1,1,-1,1,1,1,-1,1,1,1,-1,1,1,1,-1,1,1,1,-1,1,1,1,-1,1,1,1,-1,1,1,1,-1,1,1,1,-1,1,1,1,-1,1,1,1,-1,1,1,1,-1,1,1,1,-1,1,1,1,-1,1,1,1,-1,1,1,1,-1,1,1,1,-1,1,1,1,-1,1,1,1,-1,1,1,1,-1,1,1,1,-1,1,1,1,-1,1,1,1,-1,1,1,1,-1,1,1,1,-1,1,1,1,-1,1,1,1,-1,1,1,1,-1,1,1,1,-1,1,1,1,-1,1,1,1,-1,1,1,1,-1,1,1,1,-1,1,1,1,-1,1,1,1,-1,1,1,1,-1,1,1,1,-1,1,1,1,-1,1,1,1,-1,1,1,1,-1,1,1,1,-1,1,1,1,-1,1,1,1,-1,1,1,1,-1,1,1,1,-1,1,1,1,-1,1,1,1,-1,1,1,1,-1,1,1,1,-1,1,1,1,-1,1,1,1,-1,1,1,1,-1,1,1,1,-1,1,1,1,-1,1,1,1,-1,1,1,1,-1,1,1,1,-1,1,1,1,-1,1,1,1,-1,1,1,1,-1,1,1,1,-1,1,1,1,-1,1,1,1,-1,1,1,1,-1,1,1,1,-1,1,1,1,-1,1,1,1,-1,1,1,1,-1,1,1,1,-1,1,1,1,-1,1,1,1,-1,1,1,1,-1,1,1,1,-1,1,1,1,-1,1,1,1,-1,1,1,1,-1,1,1,1,-1,1,1,1,-1,1,1,1,-1,1,1,1,-1,1,1,1,-1,1,1,1,-1,1,1,1,-1,1,1,1,-1,1,1,1,-1,1,1,1,-1,1,1,1,-1,1,1,1,-1,1,1,1,-1,1,1,1,-1,1,1,1,-1,1,1,1,-1,1,1,1,-1,1,1,1,-1,1,1,1,-1,1,1,1,-1,1,1,1,-1,1,1,1,-1,1,1,1,-1,1,1,1,-1,1,1,1,-1,1,1,1,-1,1,1,1,-1,1,1,1,-1,1,1,1,-1,1,1,1,-1,1,1,1,-1,1,1,1,-1,1,1,1,-1,1,1,1,-1,1,1,1,-1,1,1,1,-1,1,1,1,-1,1,1,1,-1,1,1,1,-1,1,1,1,-1,1,1,1,-1,1,1,1,-1,1,1,1,-1,1,1,1,-1,1,1,1,-1,1,1,1,-1,1,1,1,-1,1,1,1,-1,1,1,1,-1,1,1,1,-1,1,1,1,-1,1,1,1,-1,1,1,1,-1,1,1,1,-1,1,1,1,-1,1,1,1,-1,1,1,1,-1,1,1,1,-1,1,1,1,-1,1,1,1,-1,1,1,1,-1,1,1,1,-1,1,1,1,-1,1,1,1,-1,1,1,1,-1,1,1,1,-1,1,1,1,-1,1,1,1,-1,1,1,1,-1,1,1,1,-1,1,1,1,-1,1,1,1,-1,1,1,1,-1,1,1,1,-1,1,1,1,-1,1,1,1,-1,1,1,1,-1,1,1,1,-1,1,1,1,-1,1,1,1,-1,1,1,1,-1,1,1,1,-1,1,1,1,-1,1,1,1,-1,1,1,1,-1,1,1,1,-1,1,1,1,-1,1,1,1,-1,1,1,1,-1,1,1,1,-1,1,1,1,-1,1,1,1,-1,1,1,1,-1,1,1,1,-1,1,1,1,-1,1,1,1,-1,1,1,1                        ]
                      }
                    }
                  ]
                }
              ]
            }
          ]
        }
      ]
    }
    Group {
      children [
        Group {
          children [
            Group {
              children [
                Group {
                  children [
                    Shape {
                      appearance DEF M6 Appearance {
                        material Material {
                          diffuseColor 0.8 0.8 0.8
                          specularColor 0.401 0.401 0.401
                          emissiveColor 0 0 0
                          ambientIntensity 0
                          shininess 0.5
                        }
                      }
                      geometry IndexedFaceSet {
                        coord Coordinate {
                          point [
29.5 -28 -9.15E-06,-29.5 -28.00000052 1.59999085,-29.5 -28 -9.15E-06,29.5 -28.00000052 1.59999085,-29.942619 -25.466421 -8.32E-06,-31.514677 -27.222853 -8.9E-06,-31.621321 -27.121321 -8.86E-06,-29.98962 -25.418234 -8.31E-06,-31.722853 -27.014677 -8.83E-06,-31.819031 -26.903179 -8.79E-06,-29.893276 -25.512205 -8.34E-06,-31.403179 -27.319031 -8.93E-06,-30.034161 -25.367764 -8.29E-06,-31.909622 -26.787098 -8.75E-06,-29.841711 -25.555473 -8.35E-06,-31.16671 -27.49441 -8.99E-06,-31.287098 -27.409622 -8.96E-06,-30.076128 -25.315136 -8.27E-06,-31.99441 -26.66671 -8.71E-06,-32.073185 -26.542309 -8.67E-06,-29.788054 -25.596117 -8.36E-06,-31.042309 -27.573185 -9.01E-06,-30.115423 -25.260483 -8.25E-06,-32.145763 -26.41419 -8.63E-06,-29.732437 -25.634035 -8.38E-06,-30.782665 -27.711967 -9.06E-06,-30.91419 -27.645763 -9.03E-06,-30.151943 -25.203938 -8.24E-06,-32.211967 -26.282665 -8.59E-06,-29.674999 -25.669134 -8.39E-06,-30.64805 -27.771639 -9.08E-06,-30.185598 -25.145643 -8.22E-06,-32.271637 -26.14805 -8.55E-06,-32.324631 -26.01067 -8.5E-06,-29.615885 -25.701326 -8.4E-06,-30.51067 -27.824633 -9.09E-06,-30.216309 -25.085743 -8.2E-06,-32.370823 -25.870853 -8.45E-06,-29.555237 -25.730534 -8.41E-06,-30.228941 -27.910093 -9.12E-06,-30.370853 -27.870821 -9.11E-06,-30.243994 -25.024387 -8.18E-06,-32.410095 -25.728941 -8.41E-06,-29.49321 -25.75668 -8.42E-06,-30.085272 -27.942356 -9.13E-06,-30.268585 -24.961727 -8.16E-06,-32.442356 -25.585272 -8.36E-06,-32.467529 -25.440191 -8.31E-06,-29.429956 -25.779701 -8.42E-06,-29.794052 -27.985554 -9.15E-06,-29.940191 -27.967529 -9.14E-06,-30.290024 -24.897919 -8.14E-06,-32.485554 -25.294052 -8.27E-06,-29.365635 -25.799543 -8.43E-06,-29.647203 -27.996386 -9.15E-06,-30.308254 -24.833122 -8.12E-06,-32.496387 -25.147203 -8.22E-06,-32.5 -25 -8.17E-06,-29.300404 -25.816153 -8.44E-06,-30.323233 -24.767498 -8.09E-06,-29.234425 -25.829491 -8.44E-06,-30.334921 -24.701206 -8.07E-06,-29.167864 -25.839523 -8.44E-06,-30.343292 -24.634417 -8.05E-06,-29.100885 -25.846226 -8.45E-06,-30.348322 -24.567291 -8.03E-06,-29.033657 -25.849581 -8.45E-06,-30.35 -24.5 -8.01E-06,-28.966343 -25.849581 -8.45E-06,-30.348322 -24.432709 -7.98E-06,-28.899115 -25.846226 -8.45E-06,-30.343292 -24.365583 -7.96E-06,-28.832136 -25.839523 -8.44E-06,-30.334921 -24.298794 -7.94E-06,-28.765575 -25.829491 -8.44E-06,-30.323233 -24.232502 -7.92E-06,-28.699596 -25.816153 -8.44E-06,-30.308254 -24.166878 -7.9E-06,-28.634365 -25.799543 -8.43E-06,-30.290024 -24.102081 -7.88E-06,-28.570044 -25.779701 -8.42E-06,-30.268585 -24.038273 -7.86E-06,-28.50679 -25.75668 -8.42E-06,-30.243994 -23.975613 -7.84E-06,-28.444763 -25.730534 -8.41E-06,-30.216309 -23.914257 -7.82E-06,-28.384115 -25.701326 -8.4E-06,-30.185598 -23.854357 -7.8E-06,-28.325001 -25.669134 -8.39E-06,-30.151943 -23.796062 -7.78E-06,-28.267563 -25.634035 -8.38E-06,-30.115423 -23.739517 -7.76E-06,-28.211946 -25.596117 -8.36E-06,-30.076128 -23.684864 -7.74E-06,-28.158289 -25.555473 -8.35E-06,-30.034161 -23.632236 -7.72E-06,-28.106724 -25.512205 -8.34E-06,-29.98962 -23.581766 -7.71E-06,-28.057381 -25.466421 -8.32E-06,-29.942619 -23.533579 -7.69E-06,-28.01038 -25.418234 -8.31E-06,-29.893276 -23.487795 -7.68E-06,-27.965839 -25.367764 -8.29E-06,-29.841711 -23.444527 -7.66E-06,-27.923872 -25.315136 -8.27E-06,-29.788054 -23.403883 -7.65E-06,-27.884577 -25.260483 -8.25E-06,-29.732437 -23.365965 -7.64E-06,-29.98962 23.581766 7.71E-06,-29.942619 23.533579 7.69E-06,-32.5 25 8.17E-06,-29.893276 23.487795 7.68E-06,-30.034161 23.632236 7.72E-06,-29.841711 23.444527 7.66E-06,-30.076128 23.684864 7.74E-06,-29.788054 23.403883 7.65E-06,-30.115423 23.739517 7.76E-06,-29.732437 23.365965 7.64E-06,-29.674999 -23.330866 -7.62E-06,-30.151943 23.796062 7.78E-06,-29.674999 23.330866 7.62E-06,-29.615885 -23.298674 -7.61E-06,-30.185598 23.854357 7.8E-06,-29.615885 23.298674 7.61E-06,-30.216309 23.914257 7.82E-06,-29.555237 23.269466 7.6E-06,-29.555237 -23.269466 -7.6E-06,-30.243994 23.975613 7.84E-06,-29.49321 23.24332 7.6E-06,-29.49321 -23.24332 -7.6E-06,-30.268585 24.038273 7.86E-06,-29.429956 23.220299 7.59E-06,-29.365635 -23.200457 -7.58E-06,-29.429956 -23.220299 -7.59E-06,-30.290024 24.102081 7.88E-06,-29.365635 23.200457 7.58E-06,-30.308254 24.166878 7.9E-06,-29.300404 23.183847 7.58E-06,-29.234425 -23.170509 -7.57E-06,-29.300404 -23.183847 -7.58E-06,-30.323233 24.232502 7.92E-06,-29.234425 23.170509 7.57E-06,-30.334921 24.298794 7.94E-06,-29.167864 23.160477 7.57E-06,-29.100885 -23.153774 -7.57E-06,-29.167864 -23.160477 -7.57E-06,-30.343292 24.365583 7.96E-06,-29.100885 23.153774 7.57E-06,-30.348322 24.432709 7.98E-06,-29.033657 23.150419 7.57E-06,-29.033657 -23.150419 -7.57E-06,-30.35 24.5 8.01E-06,-28.966343 23.150419 7.57E-06,-28.899115 -23.153774 -7.57E-06,-28.966343 -23.150419 -7.57E-06,-30.348322 24.567291 8.03E-06,-28.899115 23.153774 7.57E-06,-28.832136 -23.160477 -7.57E-06,-30.343292 24.634417 8.05E-06,-28.832136 23.160477 7.57E-06,-30.334921 24.701206 8.07E-06,-28.765575 23.170509 7.57E-06,-28.765575 -23.170509 -7.57E-06,-30.323233 24.767498 8.09E-06,-28.699596 23.183847 7.58E-06,-28.699596 -23.183847 -7.58E-06,-30.308254 24.833122 8.12E-06,-32.496387 25.147203 8.22E-06,-32.485554 25.294052 8.27E-06,-28.634365 23.200457 7.58E-06,-28.570044 -23.220299 -7.59E-06,-28.634365 -23.200457 -7.58E-06,-30.290024 24.897919 8.14E-06,-32.467529 25.440191 8.31E-06,-28.570044 23.220299 7.59E-06,-30.268585 24.961727 8.16E-06,-32.442356 25.585272 8.36E-06,-32.410095 25.728941 8.41E-06,-28.50679 23.24332 7.6E-06,-28.50679 -23.24332 -7.6E-06,-30.243994 25.024387 8.18E-06,-32.370823 25.870853 8.45E-06,-28.444763 23.269466 7.6E-06,-28.444763 -23.269466 -7.6E-06,-30.216309 25.085743 8.2E-06,-32.324631 26.01067 8.5E-06,-28.384115 23.298674 7.61E-06,-28.325001 -23.330866 -7.62E-06,-28.384115 -23.298674 -7.61E-06,-30.185598 25.145643 8.22E-06,-32.271637 26.14805 8.55E-06,-32.211967 26.282665 8.59E-06,-28.325001 23.330866 7.62E-06,-30.151943 25.203938 8.24E-06,-32.145763 26.41419 8.63E-06,-28.267563 23.365965 7.64E-06,-28.211946 -23.403883 -7.65E-06,-28.267563 -23.365965 -7.64E-06,-30.115423 25.260483 8.25E-06,-32.073185 26.542309 8.67E-06,-28.211946 23.403883 7.65E-06,-30.076128 25.315136 8.27E-06,-31.99441 26.66671 8.71E-06,-31.909622 26.787098 8.75E-06,-28.158289 23.444527 7.66E-06,-28.158289 -23.444527 -7.66E-06,-30.034161 25.367764 8.29E-06,-31.819031 26.903179 8.79E-06,-28.106724 23.487795 7.68E-06,-28.057381 -23.533579 -7.69E-06,-28.106724 -23.487795 -7.68E-06,-29.98962 25.418234 8.31E-06,-31.722853 27.014677 8.83E-06,-28.057381 23.533579 7.69E-06,-31.621321 27.121321 8.86E-06,-29.942619 25.466421 8.32E-06,-28.01038 23.581766 7.71E-06,-27.965839 -23.632236 -7.72E-06,-28.01038 -23.581766 -7.71E-06,-27.965839 23.632236 7.72E-06,-31.514677 27.222853 8.9E-06,-29.893276 25.512205 8.34E-06,-31.403179 27.319031 8.93E-06,-29.841711 25.555473 8.35E-06,-31.287098 27.409622 8.96E-06,-31.16671 27.49441 8.99E-06,-29.788054 25.596117 8.36E-06,-31.042309 27.573185 9.01E-06,-29.732437 25.634035 8.38E-06,-30.91419 27.645763 9.03E-06,-30.782665 27.711967 9.06E-06,-29.674999 25.669134 8.39E-06,-30.64805 27.771639 9.08E-06,-29.615885 25.701326 8.4E-06,-30.51067 27.824633 9.09E-06,-29.555237 25.730534 8.41E-06,-30.370853 27.870821 9.11E-06,-30.228941 27.910093 9.12E-06,-29.49321 25.75668 8.42E-06,-30.085272 27.942356 9.13E-06,-29.429956 25.779701 8.42E-06,-29.940191 27.967529 9.14E-06,-29.794052 27.985554 9.15E-06,-29.365635 25.799543 8.43E-06,-29.647203 27.996386 9.15E-06,-29.300404 25.816153 8.44E-06,-29.5 28 9.15E-06,-28.211946 25.596117 8.36E-06,-28.267563 25.634035 8.38E-06,-28.325001 25.669134 8.39E-06,-28.384115 25.701326 8.4E-06,-28.444763 25.730534 8.41E-06,-28.50679 25.75668 8.42E-06,-28.570044 25.779701 8.42E-06,-28.634365 25.799543 8.43E-06,-28.699596 25.816153 8.44E-06,-28.765575 25.829491 8.44E-06,-28.832136 25.839523 8.44E-06,-28.899115 25.846226 8.45E-06,-28.966343 25.849581 8.45E-06,-29.033657 25.849581 8.45E-06,-29.100885 25.846226 8.45E-06,-29.167864 25.839523 8.44E-06,-29.234425 25.829491 8.44E-06,-27.884577 25.260483 8.25E-06,-27.923872 25.315136 8.27E-06,-27.965839 25.367764 8.29E-06,-28.01038 25.418234 8.31E-06,-28.057381 25.466421 8.32E-06,-28.106724 25.512205 8.34E-06,-28.158289 25.555473 8.35E-06,28.01038 -25.418234 -8.31E-06,28.057381 -25.466421 -8.32E-06,28.106724 -25.512205 -8.34E-06,27.965839 -25.367764 -8.29E-06,28.158289 -25.555473 -8.35E-06,27.923872 -25.315136 -8.27E-06,28.211946 -25.596117 -8.36E-06,27.884577 -25.260483 -8.25E-06,28.267563 -25.634035 -8.38E-06,27.848057 -25.203938 -8.24E-06,-27.848057 -25.203938 -8.24E-06,28.325001 -25.669134 -8.39E-06,27.814402 -25.145643 -8.22E-06,-27.814402 -25.145643 -8.22E-06,28.384115 -25.701326 -8.4E-06,27.783691 -25.085743 -8.2E-06,-27.783691 -25.085743 -8.2E-06,28.444763 -25.730534 -8.41E-06,27.756006 -25.024387 -8.18E-06,-27.756006 -25.024387 -8.18E-06,28.50679 -25.75668 -8.42E-06,27.731415 -24.961727 -8.16E-06,-27.731415 -24.961727 -8.16E-06,28.570044 -25.779701 -8.42E-06,27.709976 -24.897919 -8.14E-06,-27.709976 -24.897919 -8.14E-06,28.634365 -25.799543 -8.43E-06,27.691746 -24.833122 -8.12E-06,-27.691746 -24.833122 -8.12E-06,28.699596 -25.816153 -8.44E-06,27.676767 -24.767498 -8.09E-06,-27.676767 -24.767498 -8.09E-06,28.765575 -25.829491 -8.44E-06,27.665079 -24.701206 -8.07E-06,-27.665079 -24.701206 -8.07E-06,-27.656708 -24.634417 -8.05E-06,28.832136 -25.839523 -8.44E-06,27.656708 -24.634417 -8.05E-06,28.899115 -25.846226 -8.45E-06,27.651678 -24.567291 -8.03E-06,-27.651678 -24.567291 -8.03E-06,28.966343 -25.849581 -8.45E-06,27.65 -24.5 -8.01E-06,-27.65 -24.5 -8.01E-06,29.033657 -25.849581 -8.45E-06,27.651678 -24.432709 -7.98E-06,-27.651678 -24.432709 -7.98E-06,29.100885 -25.846226 -8.45E-06,27.656708 -24.365583 -7.96E-06,-27.656708 -24.365583 -7.96E-06,29.167864 -25.839523 -8.44E-06,27.665079 -24.298794 -7.94E-06,-27.665079 -24.298794 -7.94E-06,29.234425 -25.829491 -8.44E-06,27.676767 -24.232502 -7.92E-06,-27.676767 -24.232502 -7.92E-06,29.300404 -25.816153 -8.44E-06,29.647203 -27.996386 -9.15E-06,27.691746 -24.166878 -7.9E-06,-27.691746 -24.166878 -7.9E-06,-27.709976 -24.102081 -7.88E-06,29.365635 -25.799543 -8.43E-06,29.794052 -27.985554 -9.15E-06,27.709976 -24.102081 -7.88E-06,-27.731415 -24.038273 -7.86E-06,29.429956 -25.779701 -8.42E-06,29.940191 -27.967529 -9.14E-06,30.085272 -27.942356 -9.13E-06,27.731415 -24.038273 -7.86E-06,29.49321 -25.75668 -8.42E-06,30.228941 -27.910093 -9.12E-06,27.756006 -23.975613 -7.84E-06,-27.756006 -23.975613 -7.84E-06,29.555237 -25.730534 -8.41E-06,30.370853 -27.870821 -9.11E-06,30.51067 -27.824633 -9.09E-06,27.783691 -23.914257 -7.82E-06,-27.783691 -23.914257 -7.82E-06,29.615885 -25.701326 -8.4E-06,30.64805 -27.771639 -9.08E-06,27.814402 -23.854357 -7.8E-06,-27.814402 -23.854357 -7.8E-06,29.674999 -25.669134 -8.39E-06,30.782665 -27.711967 -9.06E-06,27.848057 -23.796062 -7.78E-06,-27.848057 -23.796062 -7.78E-06,29.732437 -25.634035 -8.38E-06,30.91419 -27.645763 -9.03E-06,31.042309 -27.573185 -9.01E-06,27.884577 -23.739517 -7.76E-06,-27.884577 -23.739517 -7.76E-06,29.788054 -25.596117 -8.36E-06,31.16671 -27.49441 -8.99E-06,27.923872 -23.684864 -7.74E-06,-27.923872 -23.684864 -7.74E-06,29.841711 -25.555473 -8.35E-06,31.287098 -27.409622 -8.96E-06,31.403179 -27.319031 -8.93E-06,27.965839 -23.632236 -7.72E-06,29.893276 -25.512205 -8.34E-06,31.514677 -27.222853 -8.9E-06,29.942619 -25.466421 -8.32E-06,31.621321 -27.121321 -8.86E-06,29.98962 -25.418234 -8.31E-06,31.722853 -27.014677 -8.83E-06,31.819031 -26.903179 -8.79E-06,30.034161 -25.367764 -8.29E-06,31.909622 -26.787098 -8.75E-06,30.076128 -25.315136 -8.27E-06,31.99441 -26.66671 -8.71E-06,32.073185 -26.542309 -8.67E-06,30.115423 -25.260483 -8.25E-06,32.145763 -26.41419 -8.63E-06,30.151943 -25.203938 -8.24E-06,32.211967 -26.282665 -8.59E-06,30.185598 -25.145643 -8.22E-06,32.271637 -26.14805 -8.55E-06,32.324631 -26.01067 -8.5E-06,30.216309 -25.085743 -8.2E-06,32.370823 -25.870853 -8.45E-06,30.243994 -25.024387 -8.18E-06,32.410095 -25.728941 -8.41E-06,30.268585 -24.961727 -8.16E-06,32.442356 -25.585272 -8.36E-06,32.467529 -25.440191 -8.31E-06,30.290024 -24.897919 -8.14E-06,32.485554 -25.294052 -8.27E-06,30.308254 -24.833122 -8.12E-06,32.496387 -25.147203 -8.22E-06,32.5 -25 -8.17E-06,30.35 -24.5 -8.01E-06,30.348322 -24.432709 -7.98E-06,30.343292 -24.365583 -7.96E-06,30.334921 -24.298794 -7.94E-06,30.323233 -24.232502 -7.92E-06,30.308254 -24.166878 -7.9E-06,30.290024 -24.102081 -7.88E-06,30.268585 -24.038273 -7.86E-06,30.243994 -23.975613 -7.84E-06,30.216309 -23.914257 -7.82E-06,30.185598 -23.854357 -7.8E-06,30.151943 -23.796062 -7.78E-06,30.115423 -23.739517 -7.76E-06,30.076128 -23.684864 -7.74E-06,30.034161 -23.632236 -7.72E-06,29.98962 -23.581766 -7.71E-06,29.942619 -23.533579 -7.69E-06,29.893276 -23.487795 -7.68E-06,29.841711 -23.444527 -7.66E-06,29.788054 -23.403883 -7.65E-06,29.732437 -23.365965 -7.64E-06,30.323233 -24.767498 -8.09E-06,30.334921 -24.701206 -8.07E-06,30.343292 -24.634417 -8.05E-06,30.348322 -24.567291 -8.03E-06,28.057381 23.533579 7.69E-06,28.057381 -23.533579 -7.69E-06,28.01038 -23.581766 -7.71E-06,28.01038 23.581766 7.71E-06,28.106724 23.487795 7.68E-06,28.106724 -23.487795 -7.68E-06,27.965839 23.632236 7.72E-06,28.158289 23.444527 7.66E-06,28.158289 -23.444527 -7.66E-06,27.923872 23.684864 7.74E-06,-27.923872 23.684864 7.74E-06,28.211946 23.403883 7.65E-06,28.211946 -23.403883 -7.65E-06,28.267563 -23.365965 -7.64E-06,27.884577 23.739517 7.76E-06,-27.884577 23.739517 7.76E-06,-27.848057 23.796062 7.78E-06,28.267563 23.365965 7.64E-06,27.848057 23.796062 7.78E-06,28.325001 23.330866 7.62E-06,28.325001 -23.330866 -7.62E-06,27.814402 23.854357 7.8E-06,-27.814402 23.854357 7.8E-06,28.384115 23.298674 7.61E-06,28.444763 -23.269466 -7.6E-06,28.384115 -23.298674 -7.61E-06,27.783691 23.914257 7.82E-06,-27.783691 23.914257 7.82E-06,-27.756006 23.975613 7.84E-06,28.444763 23.269466 7.6E-06,27.756006 23.975613 7.84E-06,28.50679 23.24332 7.6E-06,28.50679 -23.24332 -7.6E-06,27.731415 24.038273 7.86E-06,-27.731415 24.038273 7.86E-06,-27.709976 24.102081 7.88E-06,28.570044 23.220299 7.59E-06,28.570044 -23.220299 -7.59E-06,27.709976 24.102081 7.88E-06,28.634365 23.200457 7.58E-06,28.634365 -23.200457 -7.58E-06,27.691746 24.166878 7.9E-06,-27.691746 24.166878 7.9E-06,28.699596 23.183847 7.58E-06,28.699596 -23.183847 -7.58E-06,27.676767 24.232502 7.92E-06,-27.676767 24.232502 7.92E-06,28.765575 23.170509 7.57E-06,28.832136 -23.160477 -7.57E-06,28.765575 -23.170509 -7.57E-06,27.665079 24.298794 7.94E-06,-27.665079 24.298794 7.94E-06,28.832136 23.160477 7.57E-06,27.656708 24.365583 7.96E-06,-27.656708 24.365583 7.96E-06,28.899115 23.153774 7.57E-06,28.966343 -23.150419 -7.57E-06,28.899115 -23.153774 -7.57E-06,27.651678 24.432709 7.98E-06,-27.651678 24.432709 7.98E-06,28.966343 23.150419 7.57E-06,27.65 24.5 8.01E-06,-27.65 24.5 8.01E-06,-27.651678 24.567291 8.03E-06,29.033657 23.150419 7.57E-06,29.033657 -23.150419 -7.57E-06,27.651678 24.567291 8.03E-06,29.100885 23.153774 7.57E-06,29.100885 -23.153774 -7.57E-06,27.656708 24.634417 8.05E-06,-27.656708 24.634417 8.05E-06,-27.665079 24.701206 8.07E-06,29.167864 23.160477 7.57E-06,29.167864 -23.160477 -7.57E-06,27.665079 24.701206 8.07E-06,-27.676767 24.767498 8.09E-06,29.234425 23.170509 7.57E-06,29.234425 -23.170509 -7.57E-06,27.676767 24.767498 8.09E-06,29.300404 23.183847 7.58E-06,29.365635 -23.200457 -7.58E-06,29.300404 -23.183847 -7.58E-06,27.691746 24.833122 8.12E-06,-27.691746 24.833122 8.12E-06,-27.709976 24.897919 8.14E-06,29.365635 23.200457 7.58E-06,29.429956 -23.220299 -7.59E-06,27.709976 24.897919 8.14E-06,-27.731415 24.961727 8.16E-06,29.429956 23.220299 7.59E-06,29.49321 -23.24332 -7.6E-06,27.731415 24.961727 8.16E-06,29.49321 23.24332 7.6E-06,27.756006 25.024387 8.18E-06,-27.756006 25.024387 8.18E-06,29.555237 23.269466 7.6E-06,29.615885 -23.298674 -7.61E-06,29.555237 -23.269466 -7.6E-06,27.783691 25.085743 8.2E-06,-27.783691 25.085743 8.2E-06,29.615885 23.298674 7.61E-06,29.674999 -23.330866 -7.62E-06,27.814402 25.145643 8.22E-06,-27.814402 25.145643 8.22E-06,29.674999 23.330866 7.62E-06,27.848057 25.203938 8.24E-06,-27.848057 25.203938 8.24E-06,29.732437 23.365965 7.64E-06,27.884577 25.260483 8.25E-06,29.5 28 9.15E-06,29.300404 25.816153 8.44E-06,29.234425 25.829491 8.44E-06,29.167864 25.839523 8.44E-06,29.100885 25.846226 8.45E-06,29.033657 25.849581 8.45E-06,28.966343 25.849581 8.45E-06,28.899115 25.846226 8.45E-06,28.832136 25.839523 8.44E-06,28.765575 25.829491 8.44E-06,28.699596 25.816153 8.44E-06,28.634365 25.799543 8.43E-06,28.570044 25.779701 8.42E-06,28.50679 25.75668 8.42E-06,28.444763 25.730534 8.41E-06,28.384115 25.701326 8.4E-06,28.325001 25.669134 8.39E-06,28.267563 25.634035 8.38E-06,28.211946 25.596117 8.36E-06,28.158289 25.555473 8.35E-06,28.106724 25.512205 8.34E-06,28.057381 25.466421 8.32E-06,28.01038 25.418234 8.31E-06,27.965839 25.367764 8.29E-06,27.923872 25.315136 8.27E-06,32.5 25 8.17E-06,30.35 24.5 8.01E-06,30.348322 24.567291 8.03E-06,30.343292 24.634417 8.05E-06,30.334921 24.701206 8.07E-06,30.323233 24.767498 8.09E-06,30.308254 24.833122 8.12E-06,29.788054 23.403883 7.65E-06,29.841711 23.444527 7.66E-06,29.893276 23.487795 7.68E-06,29.942619 23.533579 7.69E-06,29.98962 23.581766 7.71E-06,30.034161 23.632236 7.72E-06,30.076128 23.684864 7.74E-06,30.115423 23.739517 7.76E-06,30.151943 23.796062 7.78E-06,30.185598 23.854357 7.8E-06,30.216309 23.914257 7.82E-06,30.243994 23.975613 7.84E-06,30.268585 24.038273 7.86E-06,30.290024 24.102081 7.88E-06,30.308254 24.166878 7.9E-06,30.323233 24.232502 7.92E-06,30.334921 24.298794 7.94E-06,30.343292 24.365583 7.96E-06,30.348322 24.432709 7.98E-06,32.496387 25.147203 8.22E-06,29.647203 27.996386 9.15E-06,29.365635 25.799543 8.43E-06,32.485554 25.294052 8.27E-06,30.290024 24.897919 8.14E-06,29.794052 27.985554 9.15E-06,29.429956 25.779701 8.42E-06,32.467529 25.440191 8.31E-06,30.268585 24.961727 8.16E-06,29.940191 27.967529 9.14E-06,32.442356 25.585272 8.36E-06,30.085272 27.942356 9.13E-06,29.49321 25.75668 8.42E-06,32.410095 25.728941 8.41E-06,30.243994 25.024387 8.18E-06,30.228941 27.910093 9.12E-06,29.555237 25.730534 8.41E-06,32.370823 25.870853 8.45E-06,30.216309 25.085743 8.2E-06,30.370853 27.870821 9.11E-06,30.51067 27.824633 9.09E-06,29.615885 25.701326 8.4E-06,32.324631 26.01067 8.5E-06,30.185598 25.145643 8.22E-06,32.271637 26.14805 8.55E-06,30.64805 27.771639 9.08E-06,29.674999 25.669134 8.39E-06,32.211967 26.282665 8.59E-06,30.151943 25.203938 8.24E-06,30.782665 27.711967 9.06E-06,29.732437 25.634035 8.38E-06,32.145763 26.41419 8.63E-06,30.115423 25.260483 8.25E-06,30.91419 27.645763 9.03E-06,31.042309 27.573185 9.01E-06,29.788054 25.596117 8.36E-06,32.073185 26.542309 8.67E-06,30.076128 25.315136 8.27E-06,31.16671 27.49441 8.99E-06,29.841711 25.555473 8.35E-06,31.99441 26.66671 8.71E-06,31.287098 27.409622 8.96E-06,31.909622 26.787098 8.75E-06,30.034161 25.367764 8.29E-06,31.403179 27.319031 8.93E-06,29.893276 25.512205 8.34E-06,31.819031 26.903179 8.79E-06,29.98962 25.418234 8.31E-06,31.722853 27.014677 8.83E-06,31.514677 27.222853 8.9E-06,29.942619 25.466421 8.32E-06,31.621321 27.121321 8.86E-06,-29.647203 -27.99638652 1.59999085,-29.794052 -27.98555452 1.59999085,-29.940191 -27.96752952 1.59999086,-30.085272 -27.94235652 1.59999087,-30.228941 -27.91009352 1.59999088,-30.370853 -27.87082152 1.59999089,-30.51067 -27.82463352 1.59999091,-30.64805 -27.77163952 1.59999092,-30.782665 -27.71196752 1.59999094,-30.91419 -27.64576352 1.59999097,-31.042309 -27.57318552 1.59999099,-31.16671 -27.49441052 1.59999101,-31.287098 -27.40962252 1.59999104,-31.403179 -27.31903152 1.59999107,-31.514677 -27.22285352 1.5999911,-31.621321 -27.12132152 1.59999114,-31.722853 -27.01467752 1.59999117,-31.819031 -26.90317952 1.59999121,-31.909622 -26.78709852 1.59999125,-31.99441 -26.66671052 1.59999129,-32.073185 -26.54230952 1.59999133,-32.145763 -26.41419052 1.59999137,-32.211967 -26.28266552 1.59999141,-32.271637 -26.14805052 1.59999145,-32.324631 -26.01067052 1.5999915,-32.370823 -25.87085352 1.59999155,-32.410095 -25.72894152 1.59999159,-32.442356 -25.58527252 1.59999164,-32.467529 -25.44019152 1.59999169,-32.485554 -25.29405252 1.59999173,-32.496387 -25.14720352 1.59999178,-32.5 -25.00000052 1.59999183,29.647203 -27.99638652 1.59999085,29.794052 -27.98555452 1.59999085,29.940191 -27.96752952 1.59999086,30.085272 -27.94235652 1.59999087,30.228941 -27.91009352 1.59999088,30.370853 -27.87082152 1.59999089,30.51067 -27.82463352 1.59999091,30.64805 -27.77163952 1.59999092,30.782665 -27.71196752 1.59999094,30.91419 -27.64576352 1.59999097,31.042309 -27.57318552 1.59999099,31.16671 -27.49441052 1.59999101,31.287098 -27.40962252 1.59999104,31.403179 -27.31903152 1.59999107,31.514677 -27.22285352 1.5999911,31.621321 -27.12132152 1.59999114,31.722853 -27.01467752 1.59999117,31.819031 -26.90317952 1.59999121,31.909622 -26.78709852 1.59999125,31.99441 -26.66671052 1.59999129,32.073185 -26.54230952 1.59999133,32.145763 -26.41419052 1.59999137,32.211967 -26.28266552 1.59999141,32.271637 -26.14805052 1.59999145,32.324631 -26.01067052 1.5999915,32.370823 -25.87085352 1.59999155,32.410095 -25.72894152 1.59999159,32.442356 -25.58527252 1.59999164,32.467529 -25.44019152 1.59999169,32.485554 -25.29405252 1.59999173,32.496387 -25.14720352 1.59999178,32.5 -25.00000052 1.59999183,-29.942619 -25.46642152 1.59999168,-29.98962 -25.41823452 1.59999169,-29.893276 -25.51220552 1.59999166,-30.034161 -25.36776452 1.59999171,-29.841711 -25.55547352 1.59999165,-30.076128 -25.31513652 1.59999173,-29.788054 -25.59611752 1.59999164,-30.115423 -25.26048352 1.59999175,-29.732437 -25.63403552 1.59999162,-30.151943 -25.20393852 1.59999176,-29.674999 -25.66913452 1.59999161,-30.185598 -25.14564352 1.59999178,-29.615885 -25.70132652 1.5999916,-30.216309 -25.08574352 1.5999918,-29.555237 -25.73053452 1.59999159,-30.243994 -25.02438752 1.59999182,-29.49321 -25.75668052 1.59999158,-30.268585 -24.96172752 1.59999184,-29.429956 -25.77970152 1.59999158,-30.290024 -24.89791952 1.59999186,-29.365635 -25.79954352 1.59999157,-30.308254 -24.83312252 1.59999188,-29.300404 -25.81615352 1.59999156,-30.323233 -24.76749852 1.59999191,-29.234425 -25.82949152 1.59999156,-30.334921 -24.70120652 1.59999193,-29.167864 -25.83952352 1.59999156,-30.343292 -24.63441752 1.59999195,-29.100885 -25.84622652 1.59999155,-30.348322 -24.56729152 1.59999197,-29.033657 -25.84958152 1.59999155,-30.35 -24.50000052 1.59999199,-28.966343 -25.84958152 1.59999155,-30.348322 -24.43270952 1.59999202,-28.899115 -25.84622652 1.59999155,-30.343292 -24.36558352 1.59999204,-28.832136 -25.83952352 1.59999156,-30.334921 -24.29879452 1.59999206,-28.765575 -25.82949152 1.59999156,-30.323233 -24.23250252 1.59999208,-28.699596 -25.81615352 1.59999156,-30.308254 -24.16687852 1.5999921,-28.634365 -25.79954352 1.59999157,-30.290024 -24.10208152 1.59999212,-28.570044 -25.77970152 1.59999158,-30.268585 -24.03827352 1.59999214,-28.50679 -25.75668052 1.59999158,-30.243994 -23.97561352 1.59999216,-28.444763 -25.73053452 1.59999159,-30.216309 -23.91425752 1.59999218,-28.384115 -25.70132652 1.5999916,-30.185598 -23.85435752 1.5999922,-28.325001 -25.66913452 1.59999161,-30.151943 -23.79606252 1.59999222,-28.267563 -25.63403552 1.59999162,-30.115423 -23.73951752 1.59999224,-28.211946 -25.59611752 1.59999164,-30.076128 -23.68486452 1.59999226,-28.158289 -25.55547352 1.59999165,-30.034161 -23.63223652 1.59999228,-28.106724 -25.51220552 1.59999166,-29.98962 -23.58176652 1.59999229,-28.057381 -25.46642152 1.59999168,-29.942619 -23.53357952 1.59999231,-28.01038 -25.41823452 1.59999169,-29.893276 -23.48779552 1.59999232,-27.965839 -25.36776452 1.59999171,-29.841711 -23.44452752 1.59999234,-27.923872 -25.31513652 1.59999173,-29.788054 -23.40388352 1.59999235,-27.884577 -25.26048352 1.59999175,-29.732437 -23.36596552 1.59999236,-18.360001 -18.37999952 1.59999399,-29.234425 -23.17050952 1.59999243,-29.167864 -23.16047752 1.59999243,-29.100885 -23.15377452 1.59999243,-29.033657 -23.15041952 1.59999243,-28.966343 -23.15041952 1.59999243,-28.899115 -23.15377452 1.59999243,-28.832136 -23.16047752 1.59999243,-28.765575 -23.17050952 1.59999243,-28.699596 -23.18384752 1.59999242,-28.634365 -23.20045752 1.59999242,-28.570044 -23.22029952 1.59999241,-27.65 -24.50000052 1.59999199,-27.651678 -24.56729152 1.59999197,-28.50679 -23.24332052 1.5999924,-27.656708 -24.63441752 1.59999195,-28.444763 -23.26946652 1.5999924,-27.665079 -24.70120652 1.59999193,-28.384115 -23.29867452 1.59999239,-27.676767 -24.76749852 1.59999191,-28.325001 -23.33086652 1.59999238,-27.691746 -24.83312252 1.59999188,-28.267563 -23.36596552 1.59999236,-27.709976 -24.89791952 1.59999186,-28.211946 -23.40388352 1.59999235,-27.731415 -24.96172752 1.59999184,-28.158289 -23.44452752 1.59999234,-27.756006 -25.02438752 1.59999182,-28.106724 -23.48779552 1.59999232,-27.783691 -25.08574352 1.5999918,-28.057381 -23.53357952 1.59999231,-27.814402 -25.14564352 1.59999178,-28.01038 -23.58176652 1.59999229,-27.848057 -25.20393852 1.59999176,-27.965839 -23.63223652 1.59999228,-27.923872 -23.68486452 1.59999226,-27.884577 -23.73951752 1.59999224,-27.848057 -23.79606252 1.59999222,-27.814402 -23.85435752 1.5999922,-27.783691 -23.91425752 1.59999218,-27.756006 -23.97561352 1.59999216,-27.731415 -24.03827352 1.59999214,-27.709976 -24.10208152 1.59999212,-27.691746 -24.16687852 1.5999921,-27.676767 -24.23250252 1.59999208,-27.665079 -24.29879452 1.59999206,-27.656708 -24.36558352 1.59999204,-27.651678 -24.43270952 1.59999202,-29.98962 23.58176548 1.60000771,-32.5 24.99999948 1.60000817,-29.942619 23.53357848 1.60000769,-29.893276 23.48779448 1.60000768,-30.034161 23.63223548 1.60000772,-29.841711 23.44452648 1.60000766,-30.076128 23.68486348 1.60000774,-29.788054 23.40388248 1.60000765,-30.115423 23.73951648 1.60000776,-29.732437 23.36596448 1.60000764,-29.674999 -23.33086652 1.59999238,-30.151943 23.79606148 1.60000778,-29.674999 23.33086548 1.60000762,-30.185598 23.85435648 1.6000078,-29.615885 23.29867348 1.60000761,-29.615885 -23.29867452 1.59999239,-29.555237 -23.26946652 1.5999924,-30.216309 23.91425648 1.60000782,-29.555237 23.26946548 1.6000076,-30.243994 23.97561248 1.60000784,-29.49321 23.24331948 1.6000076,-29.49321 -23.24332052 1.5999924,-30.268585 24.03827248 1.60000786,-29.429956 23.22029848 1.60000759,-29.429956 -23.22029952 1.59999241,-30.290024 24.10208048 1.60000788,-29.365635 23.20045648 1.60000758,-29.365635 -23.20045752 1.59999242,-30.308254 24.16687748 1.6000079,-29.300404 23.18384648 1.60000758,-29.300404 -23.18384752 1.59999242,-30.323233 24.23250148 1.60000792,-29.234425 23.17050848 1.60000757,-30.334921 24.29879348 1.60000794,-29.167864 23.16047648 1.60000757,-30.343292 24.36558248 1.60000796,-29.100885 23.15377348 1.60000757,-30.348322 24.43270848 1.60000798,-29.033657 23.15041848 1.60000757,-30.35 24.49999948 1.60000801,-28.966343 23.15041848 1.60000757,-30.348322 24.56729048 1.60000803,-28.899115 23.15377348 1.60000757,-30.343292 24.63441648 1.60000805,-28.832136 23.16047648 1.60000757,-30.334921 24.70120548 1.60000807,-28.765575 23.17050848 1.60000757,-30.323233 24.76749748 1.60000809,-28.699596 23.18384648 1.60000758,-30.308254 24.83312148 1.60000812,-32.485554 25.29405148 1.60000827,-32.496387 25.14720248 1.60000822,-28.634365 23.20045648 1.60000758,-30.290024 24.89791848 1.60000814,-32.467529 25.44019048 1.60000831,-28.570044 23.22029848 1.60000759,-30.268585 24.96172648 1.60000816,-32.410095 25.72894048 1.60000841,-32.442356 25.58527148 1.60000836,-28.50679 23.24331948 1.6000076,-30.243994 25.02438648 1.60000818,-32.370823 25.87085248 1.60000845,-28.444763 23.26946548 1.6000076,-30.216309 25.08574248 1.6000082,-32.324631 26.01066948 1.6000085,-28.384115 23.29867348 1.60000761,-30.185598 25.14564248 1.60000822,-32.211967 26.28266448 1.60000859,-32.271637 26.14804948 1.60000855,-28.325001 23.33086548 1.60000762,-30.151943 25.20393748 1.60000824,-32.145763 26.41418948 1.60000863,-28.267563 23.36596448 1.60000764,-30.115423 25.26048248 1.60000825,-32.073185 26.54230848 1.60000867,-28.211946 23.40388248 1.60000765,-30.076128 25.31513548 1.60000827,-31.909622 26.78709748 1.60000875,-31.99441 26.66670948 1.60000871,-28.158289 23.44452648 1.60000766,-30.034161 25.36776348 1.60000829,-31.819031 26.90317848 1.60000879,-29.98962 25.41823348 1.60000831,-31.722853 27.01467648 1.60000883,-31.621321 27.12132048 1.60000886,-29.942619 25.46642048 1.60000832,-31.514677 27.22285248 1.6000089,-29.893276 25.51220448 1.60000834,-31.403179 27.31903048 1.60000893,-29.841711 25.55547248 1.60000835,-31.287098 27.40962148 1.60000896,-31.16671 27.49440948 1.60000899,-29.788054 25.59611648 1.60000836,-31.042309 27.57318448 1.60000901,-29.732437 25.63403448 1.60000838,-30.91419 27.64576248 1.60000903,-30.782665 27.71196648 1.60000906,-29.674999 25.66913348 1.60000839,-30.64805 27.77163848 1.60000908,-29.615885 25.70132548 1.6000084,-30.51067 27.82463248 1.60000909,-29.555237 25.73053348 1.60000841,-30.370853 27.87082048 1.60000911,-30.228941 27.91009248 1.60000912,-29.49321 25.75667948 1.60000842,-30.085272 27.94235548 1.60000913,-29.429956 25.77970048 1.60000842,-29.940191 27.96752848 1.60000914,-29.794052 27.98555348 1.60000915,-29.365635 25.79954248 1.60000843,-29.647203 27.99638548 1.60000915,-29.300404 25.81615248 1.60000844,-29.5 27.99999948 1.60000915,-29.234425 25.82949048 1.60000844,-29.167864 25.83952248 1.60000844,-29.100885 25.84622548 1.60000845,-29.033657 25.84958048 1.60000845,-28.966343 25.84958048 1.60000845,-28.899115 25.84622548 1.60000845,-28.832136 25.83952248 1.60000844,-28.765575 25.82949048 1.60000844,-28.699596 25.81615248 1.60000844,-28.634365 25.79954248 1.60000843,-28.570044 25.77970048 1.60000842,-28.50679 25.75667948 1.60000842,-28.444763 25.73053348 1.60000841,-28.384115 25.70132548 1.6000084,-28.325001 25.66913348 1.60000839,-28.267563 25.63403448 1.60000838,-28.211946 25.59611648 1.60000836,-28.158289 25.55547248 1.60000835,-28.106724 25.51220448 1.60000834,-28.057381 25.46642048 1.60000832,18.360001 -18.37999952 1.59999399,28.01038 -25.41823452 1.59999169,28.057381 -25.46642152 1.59999168,28.106724 -25.51220552 1.59999166,27.965839 -25.36776452 1.59999171,28.158289 -25.55547352 1.59999165,27.923872 -25.31513652 1.59999173,28.211946 -25.59611752 1.59999164,27.884577 -25.26048352 1.59999175,28.267563 -25.63403552 1.59999162,27.848057 -25.20393852 1.59999176,28.325001 -25.66913452 1.59999161,27.814402 -25.14564352 1.59999178,28.384115 -25.70132652 1.5999916,27.783691 -25.08574352 1.5999918,28.444763 -25.73053452 1.59999159,27.756006 -25.02438752 1.59999182,28.50679 -25.75668052 1.59999158,27.731415 -24.96172752 1.59999184,28.570044 -25.77970152 1.59999158,27.709976 -24.89791952 1.59999186,28.634365 -25.79954352 1.59999157,27.691746 -24.83312252 1.59999188,28.699596 -25.81615352 1.59999156,27.676767 -24.76749852 1.59999191,28.765575 -25.82949152 1.59999156,27.665079 -24.70120652 1.59999193,28.832136 -25.83952352 1.59999156,27.656708 -24.63441752 1.59999195,28.899115 -25.84622652 1.59999155,27.651678 -24.56729152 1.59999197,28.966343 -25.84958152 1.59999155,27.65 -24.50000052 1.59999199,29.033657 -25.84958152 1.59999155,27.651678 -24.43270952 1.59999202,29.100885 -25.84622652 1.59999155,27.656708 -24.36558352 1.59999204,29.167864 -25.83952352 1.59999156,27.665079 -24.29879452 1.59999206,29.234425 -25.82949152 1.59999156,27.676767 -24.23250252 1.59999208,29.300404 -25.81615352 1.59999156,27.691746 -24.16687852 1.5999921,29.365635 -25.79954352 1.59999157,27.709976 -24.10208152 1.59999212,29.429956 -25.77970152 1.59999158,27.731415 -24.03827352 1.59999214,29.49321 -25.75668052 1.59999158,27.756006 -23.97561352 1.59999216,29.555237 -25.73053452 1.59999159,27.783691 -23.91425752 1.59999218,29.615885 -25.70132652 1.5999916,27.814402 -23.85435752 1.5999922,29.674999 -25.66913452 1.59999161,27.848057 -23.79606252 1.59999222,29.732437 -25.63403552 1.59999162,27.884577 -23.73951752 1.59999224,29.788054 -25.59611752 1.59999164,27.923872 -23.68486452 1.59999226,29.841711 -25.55547352 1.59999165,27.965839 -23.63223652 1.59999228,29.893276 -25.51220552 1.59999166,28.01038 -23.58176652 1.59999229,29.942619 -25.46642152 1.59999168,28.057381 -23.53357952 1.59999231,29.98962 -25.41823452 1.59999169,28.106724 -23.48779552 1.59999232,28.158289 -23.44452752 1.59999234,28.211946 -23.40388352 1.59999235,28.267563 -23.36596552 1.59999236,30.034161 -25.36776452 1.59999171,28.325001 -23.33086652 1.59999238,28.384115 -23.29867452 1.59999239,30.076128 -25.31513652 1.59999173,28.444763 -23.26946652 1.5999924,28.50679 -23.24332052 1.5999924,28.570044 -23.22029952 1.59999241,28.634365 -23.20045752 1.59999242,28.699596 -23.18384752 1.59999242,30.115423 -25.26048352 1.59999175,28.765575 -23.17050952 1.59999243,28.832136 -23.16047752 1.59999243,30.151943 -25.20393852 1.59999176,28.899115 -23.15377452 1.59999243,28.966343 -23.15041952 1.59999243,29.033657 -23.15041952 1.59999243,30.185598 -25.14564352 1.59999178,29.100885 -23.15377452 1.59999243,29.167864 -23.16047752 1.59999243,29.234425 -23.17050952 1.59999243,30.216309 -25.08574352 1.5999918,30.243994 -25.02438752 1.59999182,30.268585 -24.96172752 1.59999184,30.290024 -24.89791952 1.59999186,30.308254 -24.83312252 1.59999188,30.185598 -23.85435752 1.5999922,30.216309 -23.91425752 1.59999218,30.243994 -23.97561352 1.59999216,30.268585 -24.03827352 1.59999214,30.290024 -24.10208152 1.59999212,30.308254 -24.16687852 1.5999921,30.323233 -24.23250252 1.59999208,30.334921 -24.29879452 1.59999206,30.343292 -24.36558352 1.59999204,30.348322 -24.43270952 1.59999202,30.35 -24.50000052 1.59999199,30.348322 -24.56729152 1.59999197,30.343292 -24.63441752 1.59999195,30.334921 -24.70120652 1.59999193,30.323233 -24.76749852 1.59999191,29.732437 -23.36596552 1.59999236,29.788054 -23.40388352 1.59999235,29.841711 -23.44452752 1.59999234,29.893276 -23.48779552 1.59999232,29.942619 -23.53357952 1.59999231,29.98962 -23.58176652 1.59999229,30.034161 -23.63223652 1.59999228,30.076128 -23.68486452 1.59999226,30.115423 -23.73951752 1.59999224,30.151943 -23.79606252 1.59999222,-18.360001 27.99999948 1.60000915,-27.65 24.49999948 1.60000801,-27.651678 24.43270848 1.60000798,-27.656708 24.36558248 1.60000796,-27.665079 24.29879348 1.60000794,-27.676767 24.23250148 1.60000792,-27.691746 24.16687748 1.6000079,-27.709976 24.10208048 1.60000788,-27.731415 24.03827248 1.60000786,-27.756006 23.97561248 1.60000784,-27.783691 23.91425648 1.60000782,-28.01038 25.41823348 1.60000831,-27.814402 23.85435648 1.6000078,-27.848057 23.79606148 1.60000778,-27.965839 25.36776348 1.60000829,-27.884577 23.73951648 1.60000776,-27.923872 25.31513548 1.60000827,-27.923872 23.68486348 1.60000774,-27.884577 25.26048248 1.60000825,-27.965839 23.63223548 1.60000772,-27.848057 25.20393748 1.60000824,-28.01038 23.58176548 1.60000771,-27.814402 25.14564248 1.60000822,-28.057381 23.53357848 1.60000769,-27.783691 25.08574248 1.6000082,-28.106724 23.48779448 1.60000768,-27.756006 25.02438648 1.60000818,-27.731415 24.96172648 1.60000816,-27.709976 24.89791848 1.60000814,-27.691746 24.83312148 1.60000812,-27.676767 24.76749748 1.60000809,-27.665079 24.70120548 1.60000807,-27.656708 24.63441648 1.60000805,-27.651678 24.56729048 1.60000803,28.01038 23.58176548 1.60000771,18.360001 27.99999948 1.60000915,28.057381 23.53357848 1.60000769,28.106724 23.48779448 1.60000768,27.965839 23.63223548 1.60000772,28.158289 23.44452648 1.60000766,27.923872 23.68486348 1.60000774,28.211946 23.40388248 1.60000765,27.884577 23.73951648 1.60000776,28.267563 23.36596448 1.60000764,27.848057 23.79606148 1.60000778,28.325001 23.33086548 1.60000762,27.814402 23.85435648 1.6000078,28.384115 23.29867348 1.60000761,27.783691 23.91425648 1.60000782,28.444763 23.26946548 1.6000076,27.756006 23.97561248 1.60000784,28.50679 23.24331948 1.6000076,27.731415 24.03827248 1.60000786,28.570044 23.22029848 1.60000759,27.709976 24.10208048 1.60000788,28.634365 23.20045648 1.60000758,27.691746 24.16687748 1.6000079,28.699596 23.18384648 1.60000758,27.676767 24.23250148 1.60000792,28.765575 23.17050848 1.60000757,27.665079 24.29879348 1.60000794,28.832136 23.16047648 1.60000757,27.656708 24.36558248 1.60000796,28.899115 23.15377348 1.60000757,27.651678 24.43270848 1.60000798,28.966343 23.15041848 1.60000757,27.65 24.49999948 1.60000801,29.033657 23.15041848 1.60000757,27.651678 24.56729048 1.60000803,29.100885 23.15377348 1.60000757,27.656708 24.63441648 1.60000805,29.167864 23.16047648 1.60000757,27.665079 24.70120548 1.60000807,29.234425 23.17050848 1.60000757,27.676767 24.76749748 1.60000809,29.300404 23.18384648 1.60000758,29.300404 -23.18384752 1.59999242,27.691746 24.83312148 1.60000812,29.365635 23.20045648 1.60000758,29.365635 -23.20045752 1.59999242,29.429956 -23.22029952 1.59999241,27.709976 24.89791848 1.60000814,29.429956 23.22029848 1.60000759,27.731415 24.96172648 1.60000816,29.49321 23.24331948 1.6000076,29.49321 -23.24332052 1.5999924,27.756006 25.02438648 1.60000818,29.555237 23.26946548 1.6000076,29.555237 -23.26946652 1.5999924,27.783691 25.08574248 1.6000082,29.615885 23.29867348 1.60000761,29.615885 -23.29867452 1.59999239,29.674999 -23.33086652 1.59999238,27.814402 25.14564248 1.60000822,29.674999 23.33086548 1.60000762,27.848057 25.20393748 1.60000824,29.732437 23.36596448 1.60000764,27.884577 25.26048248 1.60000825,27.923872 25.31513548 1.60000827,27.965839 25.36776348 1.60000829,28.01038 25.41823348 1.60000831,28.057381 25.46642048 1.60000832,32.5 24.99999948 1.60000817,30.35 24.49999948 1.60000801,30.348322 24.43270848 1.60000798,30.343292 24.36558248 1.60000796,30.334921 24.29879348 1.60000794,30.323233 24.23250148 1.60000792,30.308254 24.16687748 1.6000079,30.290024 24.10208048 1.60000788,30.268585 24.03827248 1.60000786,30.243994 23.97561248 1.60000784,30.216309 23.91425648 1.60000782,30.185598 23.85435648 1.6000078,30.151943 23.79606148 1.60000778,30.115423 23.73951648 1.60000776,30.076128 23.68486348 1.60000774,30.034161 23.63223548 1.60000772,29.98962 23.58176548 1.60000771,29.942619 23.53357848 1.60000769,29.893276 23.48779448 1.60000768,29.841711 23.44452648 1.60000766,29.788054 23.40388248 1.60000765,30.308254 24.83312148 1.60000812,30.323233 24.76749748 1.60000809,30.334921 24.70120548 1.60000807,30.343292 24.63441648 1.60000805,30.348322 24.56729048 1.60000803,29.5 27.99999948 1.60000915,28.106724 25.51220448 1.60000834,28.158289 25.55547248 1.60000835,28.211946 25.59611648 1.60000836,28.267563 25.63403448 1.60000838,28.325001 25.66913348 1.60000839,28.384115 25.70132548 1.6000084,28.444763 25.73053348 1.60000841,28.50679 25.75667948 1.60000842,28.570044 25.77970048 1.60000842,28.634365 25.79954248 1.60000843,28.699596 25.81615248 1.60000844,28.765575 25.82949048 1.60000844,28.832136 25.83952248 1.60000844,28.899115 25.84622548 1.60000845,28.966343 25.84958048 1.60000845,29.033657 25.84958048 1.60000845,29.100885 25.84622548 1.60000845,29.167864 25.83952248 1.60000844,29.234425 25.82949048 1.60000844,29.300404 25.81615248 1.60000844,32.496387 25.14720248 1.60000822,29.647203 27.99638548 1.60000915,29.365635 25.79954248 1.60000843,32.485554 25.29405148 1.60000827,30.290024 24.89791848 1.60000814,29.794052 27.98555348 1.60000915,29.429956 25.77970048 1.60000842,32.467529 25.44019048 1.60000831,30.268585 24.96172648 1.60000816,29.940191 27.96752848 1.60000914,32.442356 25.58527148 1.60000836,30.085272 27.94235548 1.60000913,29.49321 25.75667948 1.60000842,32.410095 25.72894048 1.60000841,30.243994 25.02438648 1.60000818,30.228941 27.91009248 1.60000912,29.555237 25.73053348 1.60000841,32.370823 25.87085248 1.60000845,30.216309 25.08574248 1.6000082,30.370853 27.87082048 1.60000911,30.51067 27.82463248 1.60000909,29.615885 25.70132548 1.6000084,32.324631 26.01066948 1.6000085,30.185598 25.14564248 1.60000822,32.271637 26.14804948 1.60000855,30.64805 27.77163848 1.60000908,29.674999 25.66913348 1.60000839,32.211967 26.28266448 1.60000859,30.151943 25.20393748 1.60000824,30.782665 27.71196648 1.60000906,29.732437 25.63403448 1.60000838,32.145763 26.41418948 1.60000863,30.115423 25.26048248 1.60000825,30.91419 27.64576248 1.60000903,31.042309 27.57318448 1.60000901,29.788054 25.59611648 1.60000836,32.073185 26.54230848 1.60000867,30.076128 25.31513548 1.60000827,31.16671 27.49440948 1.60000899,29.841711 25.55547248 1.60000835,31.99441 26.66670948 1.60000871,31.287098 27.40962148 1.60000896,31.909622 26.78709748 1.60000875,30.034161 25.36776348 1.60000829,31.403179 27.31903048 1.60000893,29.893276 25.51220448 1.60000834,31.819031 26.90317848 1.60000879,29.98962 25.41823348 1.60000831,31.722853 27.01467648 1.60000883,31.514677 27.22285248 1.6000089,29.942619 25.46642048 1.60000832,31.621321 27.12132048 1.60000886,18.360001 27.99999954 1.40000915,-18.360001 27.99999954 1.40000915,-18.360001 -18.37999946 1.39999399,18.360001 -18.37999946 1.39999399                          ]
                        }
                        coordIndex [
0,1,2,-1,0,3,1,-1,4,5,6,-1,7,6,8,-1,7,8,9,-1,7,4,6,-1,10,11,5,-1,10,5,4,-1,12,9,13,-1,12,7,9,-1,14,15,16,-1,14,16,11,-1,14,11,10,-1,17,12,13,-1,17,13,18,-1,17,18,19,-1,20,21,15,-1,20,15,14,-1,22,19,23,-1,22,17,19,-1,24,25,26,-1,24,26,21,-1,24,21,20,-1,27,23,28,-1,27,22,23,-1,29,30,25,-1,29,25,24,-1,31,27,28,-1,31,28,32,-1,31,32,33,-1,34,35,30,-1,34,30,29,-1,36,33,37,-1,36,31,33,-1,38,39,40,-1,38,40,35,-1,38,35,34,-1,41,36,37,-1,41,37,42,-1,43,44,39,-1,43,39,38,-1,45,41,42,-1,45,42,46,-1,45,46,47,-1,48,49,50,-1,48,50,44,-1,48,44,43,-1,51,47,52,-1,51,45,47,-1,53,54,49,-1,53,49,48,-1,55,52,56,-1,55,56,57,-1,55,51,52,-1,58,2,54,-1,58,54,53,-1,59,55,57,-1,60,2,58,-1,61,59,57,-1,62,2,60,-1,63,61,57,-1,64,2,62,-1,65,63,57,-1,66,2,64,-1,67,65,57,-1,68,2,66,-1,69,67,57,-1,70,2,68,-1,71,69,57,-1,72,2,70,-1,73,71,57,-1,74,2,72,-1,75,73,57,-1,76,2,74,-1,77,75,57,-1,78,2,76,-1,79,77,57,-1,80,2,78,-1,81,79,57,-1,82,2,80,-1,83,81,57,-1,84,2,82,-1,85,83,57,-1,86,2,84,-1,87,85,57,-1,88,2,86,-1,89,87,57,-1,90,2,88,-1,91,89,57,-1,92,2,90,-1,93,91,57,-1,94,2,92,-1,95,93,57,-1,96,2,94,-1,97,95,57,-1,98,2,96,-1,99,97,57,-1,100,2,98,-1,101,99,57,-1,102,2,100,-1,103,101,57,-1,104,2,102,-1,105,103,57,-1,106,2,104,-1,107,105,57,-1,108,109,110,-1,111,110,109,-1,112,108,110,-1,113,110,111,-1,114,112,110,-1,115,110,113,-1,116,114,110,-1,117,107,57,-1,117,110,115,-1,117,118,107,-1,117,57,110,-1,119,116,110,-1,120,121,118,-1,120,118,117,-1,122,119,110,-1,123,121,120,-1,124,122,110,-1,125,126,121,-1,125,121,123,-1,127,124,110,-1,128,129,126,-1,128,126,125,-1,130,127,110,-1,131,132,133,-1,131,133,129,-1,131,129,128,-1,134,130,110,-1,135,132,131,-1,136,134,110,-1,137,138,139,-1,137,139,132,-1,137,132,135,-1,140,136,110,-1,141,138,137,-1,142,140,110,-1,143,138,141,-1,143,144,145,-1,143,145,138,-1,146,142,110,-1,147,144,143,-1,148,146,110,-1,149,144,147,-1,149,150,144,-1,151,148,110,-1,152,150,149,-1,152,153,154,-1,152,154,150,-1,155,151,110,-1,156,153,152,-1,156,157,153,-1,158,155,110,-1,159,157,156,-1,160,158,110,-1,161,157,159,-1,161,162,157,-1,163,160,110,-1,164,162,161,-1,164,165,162,-1,166,163,110,-1,166,167,168,-1,166,110,167,-1,169,165,164,-1,169,170,171,-1,169,171,165,-1,172,166,168,-1,172,168,173,-1,174,170,169,-1,175,172,173,-1,175,176,177,-1,175,173,176,-1,178,179,170,-1,178,170,174,-1,180,175,177,-1,180,177,181,-1,182,179,178,-1,182,183,179,-1,184,180,181,-1,184,181,185,-1,186,187,188,-1,186,188,183,-1,186,183,182,-1,189,184,185,-1,189,190,191,-1,189,185,190,-1,192,187,186,-1,193,189,191,-1,193,191,194,-1,195,196,197,-1,195,197,187,-1,195,187,192,-1,198,193,194,-1,198,194,199,-1,200,196,195,-1,201,202,203,-1,201,199,202,-1,201,198,199,-1,204,205,196,-1,204,196,200,-1,206,201,203,-1,206,203,207,-1,208,209,210,-1,208,210,205,-1,208,205,204,-1,211,206,207,-1,211,207,212,-1,213,209,208,-1,214,211,212,-1,215,211,214,-1,216,217,218,-1,216,218,209,-1,216,209,213,-1,219,217,216,-1,220,221,215,-1,220,215,214,-1,222,221,220,-1,222,223,221,-1,224,223,222,-1,225,226,223,-1,225,223,224,-1,227,228,226,-1,227,226,225,-1,229,228,227,-1,230,231,228,-1,230,228,229,-1,232,233,231,-1,232,231,230,-1,234,233,232,-1,234,235,233,-1,236,235,234,-1,237,238,235,-1,237,235,236,-1,239,240,238,-1,239,238,237,-1,241,240,239,-1,242,240,241,-1,242,243,240,-1,244,243,242,-1,244,245,243,-1,246,247,248,-1,246,248,249,-1,246,249,250,-1,246,250,251,-1,246,251,252,-1,246,252,253,-1,246,253,254,-1,246,254,255,-1,246,255,256,-1,246,256,257,-1,246,257,258,-1,246,258,259,-1,246,259,260,-1,246,260,261,-1,246,261,262,-1,246,262,263,-1,246,263,245,-1,246,245,244,-1,246,264,265,-1,246,265,266,-1,246,266,267,-1,246,267,268,-1,246,268,269,-1,246,269,270,-1,246,270,247,-1,271,272,0,-1,273,0,272,-1,274,271,0,-1,275,0,273,-1,276,274,0,-1,277,0,275,-1,278,0,2,-1,278,2,106,-1,278,276,0,-1,279,0,277,-1,280,106,281,-1,280,278,106,-1,282,0,279,-1,283,280,281,-1,283,281,284,-1,285,0,282,-1,286,284,287,-1,286,283,284,-1,288,0,285,-1,289,287,290,-1,289,286,287,-1,291,0,288,-1,292,290,293,-1,292,289,290,-1,294,0,291,-1,295,293,296,-1,295,292,293,-1,297,0,294,-1,298,296,299,-1,298,295,296,-1,300,0,297,-1,301,299,302,-1,301,298,299,-1,303,0,300,-1,304,301,302,-1,304,302,305,-1,304,305,306,-1,307,0,303,-1,308,304,306,-1,309,0,307,-1,310,306,311,-1,310,308,306,-1,312,0,309,-1,313,310,311,-1,313,311,314,-1,315,0,312,-1,316,313,314,-1,316,314,317,-1,318,0,315,-1,319,316,317,-1,319,317,320,-1,321,0,318,-1,322,319,320,-1,322,320,323,-1,324,0,321,-1,325,323,326,-1,325,322,323,-1,327,328,0,-1,327,0,324,-1,329,326,330,-1,329,330,331,-1,329,325,326,-1,332,333,328,-1,332,328,327,-1,334,331,335,-1,334,329,331,-1,336,337,333,-1,336,338,337,-1,336,333,332,-1,339,334,335,-1,340,338,336,-1,340,341,338,-1,342,335,343,-1,342,339,335,-1,344,345,341,-1,344,346,345,-1,344,341,340,-1,347,343,348,-1,347,342,343,-1,349,350,346,-1,349,346,344,-1,351,347,348,-1,351,348,352,-1,353,354,350,-1,353,350,349,-1,355,352,356,-1,355,351,352,-1,357,358,354,-1,357,359,358,-1,357,354,353,-1,360,356,361,-1,360,355,356,-1,362,363,359,-1,362,359,357,-1,364,361,365,-1,364,360,361,-1,366,367,363,-1,366,368,367,-1,366,363,362,-1,369,364,365,-1,369,365,217,-1,370,371,368,-1,370,368,366,-1,372,371,370,-1,373,371,372,-1,374,373,372,-1,375,373,374,-1,376,375,374,-1,376,374,377,-1,378,376,377,-1,378,377,379,-1,380,378,379,-1,381,380,379,-1,381,379,382,-1,383,381,382,-1,383,382,384,-1,385,383,384,-1,385,384,386,-1,387,385,386,-1,388,387,386,-1,388,386,389,-1,390,388,389,-1,390,389,391,-1,392,390,391,-1,392,391,393,-1,394,392,393,-1,395,394,393,-1,395,393,396,-1,397,396,398,-1,397,395,396,-1,399,397,398,-1,400,401,402,-1,400,402,403,-1,400,403,404,-1,400,404,405,-1,400,405,406,-1,400,406,407,-1,400,407,408,-1,400,408,409,-1,400,409,410,-1,400,410,411,-1,400,411,412,-1,400,412,413,-1,400,413,414,-1,400,414,415,-1,400,415,416,-1,400,416,417,-1,400,417,418,-1,400,418,419,-1,400,419,420,-1,400,420,421,-1,400,398,422,-1,400,422,423,-1,400,423,424,-1,400,424,425,-1,400,425,401,-1,400,399,398,-1,426,427,428,-1,429,426,428,-1,430,431,427,-1,430,427,426,-1,432,428,369,-1,432,429,428,-1,432,217,219,-1,432,369,217,-1,433,434,431,-1,433,431,430,-1,435,432,219,-1,435,219,436,-1,437,438,434,-1,437,434,433,-1,437,439,438,-1,440,435,436,-1,440,436,441,-1,440,441,442,-1,443,439,437,-1,444,440,442,-1,445,439,443,-1,445,446,439,-1,447,444,442,-1,447,442,448,-1,449,446,445,-1,449,450,451,-1,449,451,446,-1,452,447,448,-1,452,448,453,-1,452,453,454,-1,455,450,449,-1,456,452,454,-1,457,450,455,-1,457,458,450,-1,459,456,454,-1,459,454,460,-1,459,460,461,-1,462,458,457,-1,462,463,458,-1,464,459,461,-1,465,463,462,-1,465,466,463,-1,467,461,468,-1,467,464,461,-1,469,466,465,-1,469,470,466,-1,471,468,472,-1,471,467,468,-1,473,470,469,-1,473,474,475,-1,473,475,470,-1,476,472,477,-1,476,471,472,-1,478,474,473,-1,479,477,480,-1,479,476,477,-1,481,474,478,-1,481,482,483,-1,481,483,474,-1,484,480,485,-1,484,479,480,-1,486,482,481,-1,487,485,488,-1,487,484,485,-1,487,488,489,-1,490,482,486,-1,490,491,482,-1,492,487,489,-1,493,491,490,-1,493,494,491,-1,495,492,489,-1,495,489,496,-1,495,496,497,-1,498,494,493,-1,498,499,494,-1,500,495,497,-1,500,497,501,-1,502,499,498,-1,502,503,499,-1,504,500,501,-1,505,503,502,-1,505,506,507,-1,505,507,503,-1,508,504,501,-1,508,501,509,-1,508,509,510,-1,511,506,505,-1,511,512,506,-1,513,508,510,-1,513,510,514,-1,515,512,511,-1,515,516,512,-1,517,513,514,-1,518,516,515,-1,519,517,514,-1,519,514,520,-1,521,516,518,-1,521,522,523,-1,521,523,516,-1,524,519,520,-1,524,520,525,-1,526,522,521,-1,526,527,522,-1,528,524,525,-1,528,525,529,-1,530,421,527,-1,530,527,526,-1,531,528,529,-1,531,529,532,-1,531,532,264,-1,533,421,530,-1,534,531,264,-1,535,536,537,-1,535,537,538,-1,535,538,539,-1,535,539,540,-1,535,540,541,-1,535,541,542,-1,535,542,543,-1,535,543,544,-1,535,544,545,-1,535,545,546,-1,535,546,547,-1,535,547,548,-1,535,548,549,-1,535,549,550,-1,535,550,551,-1,535,551,552,-1,535,552,553,-1,535,264,246,-1,535,553,554,-1,535,554,555,-1,535,555,556,-1,535,556,557,-1,535,557,558,-1,535,558,559,-1,535,559,534,-1,535,534,264,-1,560,561,562,-1,560,562,563,-1,560,563,564,-1,560,564,565,-1,560,565,566,-1,560,533,567,-1,560,567,568,-1,560,568,569,-1,560,569,570,-1,560,570,571,-1,560,571,572,-1,560,572,573,-1,560,573,574,-1,560,574,575,-1,560,575,576,-1,560,576,577,-1,560,577,578,-1,560,578,579,-1,560,579,580,-1,560,580,581,-1,560,581,582,-1,560,582,583,-1,560,583,584,-1,560,584,585,-1,560,585,561,-1,560,400,421,-1,560,421,533,-1,586,560,566,-1,587,588,536,-1,587,536,535,-1,589,566,590,-1,589,586,566,-1,591,592,588,-1,591,588,587,-1,593,590,594,-1,593,589,590,-1,595,592,591,-1,596,593,594,-1,597,598,592,-1,597,592,595,-1,599,594,600,-1,599,596,594,-1,601,602,598,-1,601,598,597,-1,603,600,604,-1,603,599,600,-1,605,602,601,-1,606,602,605,-1,606,607,602,-1,608,604,609,-1,608,603,604,-1,610,608,609,-1,611,612,607,-1,611,607,606,-1,613,610,609,-1,613,609,614,-1,615,616,612,-1,615,612,611,-1,617,614,618,-1,617,613,614,-1,619,616,615,-1,620,616,619,-1,620,621,616,-1,622,618,623,-1,622,617,618,-1,624,625,621,-1,624,621,620,-1,626,622,623,-1,627,625,624,-1,628,623,629,-1,628,626,623,-1,630,631,625,-1,630,625,627,-1,632,629,633,-1,632,628,629,-1,634,632,633,-1,635,636,631,-1,635,631,630,-1,637,633,636,-1,637,634,633,-1,637,636,635,-1,638,54,2,-1,638,2,1,-1,639,49,54,-1,639,54,638,-1,640,50,49,-1,640,49,639,-1,641,44,50,-1,641,50,640,-1,642,39,44,-1,642,44,641,-1,643,40,39,-1,643,39,642,-1,644,35,40,-1,644,40,643,-1,645,30,35,-1,645,35,644,-1,646,30,645,-1,646,25,30,-1,647,26,25,-1,647,25,646,-1,648,21,26,-1,648,26,647,-1,649,15,21,-1,649,21,648,-1,650,16,15,-1,650,15,649,-1,651,11,16,-1,651,5,11,-1,651,16,650,-1,652,5,651,-1,653,6,5,-1,653,8,6,-1,653,5,652,-1,654,8,653,-1,655,9,8,-1,655,8,654,-1,656,13,9,-1,656,9,655,-1,657,18,13,-1,657,13,656,-1,658,19,18,-1,658,18,657,-1,659,23,19,-1,659,19,658,-1,660,28,23,-1,660,32,28,-1,660,23,659,-1,661,33,32,-1,661,32,660,-1,662,33,661,-1,663,37,33,-1,663,42,37,-1,663,33,662,-1,664,42,663,-1,665,46,42,-1,665,42,664,-1,666,47,46,-1,666,46,665,-1,667,52,47,-1,667,56,52,-1,667,47,666,-1,668,56,667,-1,669,57,56,-1,669,56,668,-1,670,0,328,-1,670,3,0,-1,671,328,333,-1,671,670,328,-1,672,333,337,-1,672,671,333,-1,673,337,338,-1,673,672,337,-1,674,338,341,-1,674,673,338,-1,675,341,345,-1,675,674,341,-1,676,345,346,-1,676,675,345,-1,677,346,350,-1,677,676,346,-1,678,677,350,-1,678,350,354,-1,679,354,358,-1,679,678,354,-1,680,358,359,-1,680,679,358,-1,681,359,363,-1,681,680,359,-1,682,363,367,-1,682,681,363,-1,683,367,368,-1,683,368,371,-1,683,682,367,-1,684,683,371,-1,685,371,373,-1,685,373,375,-1,685,684,371,-1,686,685,375,-1,687,375,376,-1,687,686,375,-1,688,376,378,-1,688,687,376,-1,689,378,380,-1,689,688,378,-1,690,380,381,-1,690,689,380,-1,691,381,383,-1,691,690,381,-1,692,383,385,-1,692,385,387,-1,692,691,383,-1,693,387,388,-1,693,692,387,-1,694,693,388,-1,695,388,390,-1,695,390,392,-1,695,694,388,-1,696,695,392,-1,697,392,394,-1,697,696,392,-1,698,394,395,-1,698,697,394,-1,699,395,397,-1,699,397,399,-1,699,698,395,-1,700,699,399,-1,701,399,400,-1,701,700,399,-1,702,653,652,-1,703,654,653,-1,703,655,654,-1,703,653,702,-1,704,652,651,-1,704,702,652,-1,705,655,703,-1,705,656,655,-1,706,704,651,-1,706,650,649,-1,706,651,650,-1,707,657,656,-1,707,658,657,-1,707,656,705,-1,708,649,648,-1,708,706,649,-1,709,659,658,-1,709,658,707,-1,710,647,646,-1,710,648,647,-1,710,708,648,-1,711,659,709,-1,711,660,659,-1,712,646,645,-1,712,710,646,-1,713,660,711,-1,713,661,660,-1,713,662,661,-1,714,712,645,-1,714,645,644,-1,715,663,662,-1,715,662,713,-1,716,714,644,-1,716,643,642,-1,716,644,643,-1,717,664,663,-1,717,663,715,-1,718,716,642,-1,718,642,641,-1,719,664,717,-1,719,665,664,-1,719,666,665,-1,720,640,639,-1,720,641,640,-1,720,718,641,-1,721,666,719,-1,721,667,666,-1,722,639,638,-1,722,720,639,-1,723,667,721,-1,723,668,667,-1,723,669,668,-1,724,638,1,-1,724,722,638,-1,725,669,723,-1,726,724,1,-1,727,669,725,-1,728,726,1,-1,729,669,727,-1,730,728,1,-1,731,669,729,-1,732,730,1,-1,733,669,731,-1,734,732,1,-1,735,669,733,-1,736,734,1,-1,737,669,735,-1,738,736,1,-1,739,669,737,-1,740,738,1,-1,741,669,739,-1,742,740,1,-1,743,669,741,-1,744,742,1,-1,745,669,743,-1,746,744,1,-1,747,669,745,-1,748,746,1,-1,749,669,747,-1,750,748,1,-1,751,669,749,-1,752,750,1,-1,753,669,751,-1,754,752,1,-1,755,669,753,-1,756,754,1,-1,757,669,755,-1,758,756,1,-1,759,669,757,-1,760,758,1,-1,761,669,759,-1,762,760,1,-1,763,669,761,-1,764,762,1,-1,765,669,763,-1,766,764,1,-1,767,669,765,-1,768,766,1,-1,769,669,767,-1,770,768,1,-1,771,669,769,-1,772,770,1,-1,773,669,771,-1,774,772,1,-1,774,775,776,-1,774,776,777,-1,774,777,778,-1,774,778,779,-1,774,779,780,-1,774,780,781,-1,774,781,782,-1,774,782,783,-1,774,783,784,-1,774,784,785,-1,774,786,787,-1,774,785,788,-1,774,787,789,-1,774,788,790,-1,774,789,791,-1,774,790,792,-1,774,791,793,-1,774,792,794,-1,774,793,795,-1,774,794,796,-1,774,795,797,-1,774,796,798,-1,774,797,799,-1,774,798,800,-1,774,799,801,-1,774,800,802,-1,774,801,803,-1,774,802,804,-1,774,803,805,-1,774,804,806,-1,774,805,807,-1,774,806,808,-1,774,807,772,-1,774,808,809,-1,774,809,810,-1,774,810,811,-1,774,811,812,-1,774,812,813,-1,774,813,814,-1,774,814,815,-1,774,815,816,-1,774,816,817,-1,774,817,818,-1,774,818,819,-1,774,819,820,-1,774,820,821,-1,774,821,786,-1,822,823,824,-1,825,824,823,-1,826,823,822,-1,827,825,823,-1,828,823,826,-1,829,827,823,-1,830,823,828,-1,831,773,832,-1,831,669,773,-1,831,829,823,-1,831,823,669,-1,833,823,830,-1,834,831,832,-1,835,823,833,-1,836,834,832,-1,836,832,837,-1,836,837,838,-1,839,823,835,-1,840,836,838,-1,841,823,839,-1,842,838,843,-1,842,840,838,-1,844,823,841,-1,845,843,846,-1,845,842,843,-1,847,823,844,-1,848,846,849,-1,848,845,846,-1,850,823,847,-1,851,848,849,-1,851,849,852,-1,853,823,850,-1,854,851,852,-1,854,775,774,-1,854,852,775,-1,855,823,853,-1,856,854,774,-1,857,823,855,-1,858,856,774,-1,859,823,857,-1,860,858,774,-1,861,823,859,-1,862,860,774,-1,863,823,861,-1,864,862,774,-1,865,823,863,-1,866,864,774,-1,867,823,865,-1,868,866,774,-1,869,823,867,-1,870,868,774,-1,871,823,869,-1,871,872,873,-1,871,873,823,-1,874,870,774,-1,875,872,871,-1,875,876,872,-1,877,874,774,-1,878,876,875,-1,878,879,880,-1,878,880,876,-1,881,877,774,-1,882,879,878,-1,882,883,879,-1,884,881,774,-1,885,886,883,-1,885,883,882,-1,887,884,774,-1,888,889,890,-1,888,890,886,-1,888,886,885,-1,891,887,774,-1,892,893,889,-1,892,889,888,-1,894,891,774,-1,895,893,892,-1,895,896,893,-1,897,894,774,-1,898,899,900,-1,898,900,896,-1,898,896,895,-1,901,897,774,-1,902,903,899,-1,902,899,898,-1,904,903,902,-1,904,905,903,-1,906,905,904,-1,907,906,904,-1,908,907,909,-1,908,906,907,-1,910,908,909,-1,910,909,911,-1,912,910,911,-1,913,912,911,-1,913,911,914,-1,915,913,914,-1,915,914,916,-1,917,915,916,-1,918,917,916,-1,918,916,919,-1,920,918,919,-1,920,919,921,-1,922,920,921,-1,922,921,923,-1,924,922,923,-1,925,924,923,-1,925,923,926,-1,927,925,926,-1,927,926,928,-1,929,927,928,-1,930,929,928,-1,930,928,931,-1,932,930,931,-1,932,931,933,-1,934,935,936,-1,934,936,937,-1,934,937,938,-1,934,938,939,-1,934,939,940,-1,934,940,941,-1,934,941,942,-1,934,942,943,-1,934,943,944,-1,934,944,945,-1,934,945,946,-1,934,946,947,-1,934,947,948,-1,934,948,949,-1,934,949,950,-1,934,950,951,-1,934,951,952,-1,934,952,953,-1,934,953,954,-1,934,932,933,-1,934,933,935,-1,3,955,774,-1,3,774,1,-1,956,3,957,-1,958,957,3,-1,959,3,956,-1,960,958,3,-1,961,3,959,-1,962,960,3,-1,963,955,3,-1,963,3,961,-1,964,962,3,-1,965,955,963,-1,966,964,3,-1,967,955,965,-1,968,966,3,-1,969,955,967,-1,970,968,3,-1,971,955,969,-1,972,970,3,-1,973,955,971,-1,974,972,3,-1,975,955,973,-1,976,974,3,-1,977,955,975,-1,978,976,3,-1,979,955,977,-1,980,978,3,-1,981,955,979,-1,982,980,3,-1,983,955,981,-1,984,982,3,-1,985,955,983,-1,986,984,3,-1,987,955,985,-1,988,986,3,-1,989,955,987,-1,990,988,3,-1,991,955,989,-1,992,990,3,-1,993,955,991,-1,994,992,3,-1,995,955,993,-1,996,3,670,-1,996,994,3,-1,997,955,995,-1,998,996,670,-1,998,670,671,-1,999,955,997,-1,1000,671,672,-1,1000,672,673,-1,1000,998,671,-1,1001,955,999,-1,1002,1000,673,-1,1002,673,674,-1,1003,955,1001,-1,1004,674,675,-1,1004,675,676,-1,1004,1002,674,-1,1005,955,1003,-1,1006,1004,676,-1,1006,676,677,-1,1007,955,1005,-1,1008,677,678,-1,1008,1006,677,-1,1009,955,1007,-1,1010,1008,678,-1,1010,678,679,-1,1010,679,680,-1,1011,955,1009,-1,1012,1010,680,-1,1012,680,681,-1,1013,955,1011,-1,1014,1012,681,-1,1014,681,682,-1,1014,682,683,-1,1015,955,1013,-1,1016,683,684,-1,1016,1014,683,-1,1017,955,1015,-1,1018,1016,684,-1,685,1018,684,-1,1019,955,1017,-1,1020,1018,685,-1,1021,955,1019,-1,686,1020,685,-1,1022,955,1021,-1,1023,955,1022,-1,1024,955,1023,-1,687,1020,686,-1,687,1025,1020,-1,1026,955,1024,-1,1027,955,1026,-1,688,1025,687,-1,688,1028,1025,-1,1029,955,1027,-1,1030,955,1029,-1,689,1028,688,-1,1031,955,1030,-1,1032,955,1031,-1,1033,955,1032,-1,690,1028,689,-1,690,1034,1028,-1,1035,955,1033,-1,1036,955,1035,-1,691,1034,690,-1,691,1037,1034,-1,1038,955,1036,-1,1039,955,1038,-1,1040,955,1039,-1,692,1041,1037,-1,692,1037,691,-1,1042,955,1040,-1,1043,955,1042,-1,1044,955,1043,-1,693,1041,692,-1,694,1045,1041,-1,694,1041,693,-1,695,1045,694,-1,695,1046,1045,-1,696,1046,695,-1,696,1047,1046,-1,697,1047,696,-1,698,1047,697,-1,698,1048,1047,-1,699,1048,698,-1,699,1049,1048,-1,700,1049,699,-1,701,1050,1051,-1,701,1051,1052,-1,701,1052,1053,-1,701,1053,1054,-1,701,1054,1055,-1,701,1055,1056,-1,701,1056,1057,-1,701,1057,1058,-1,701,1058,1059,-1,701,1059,1060,-1,701,1049,700,-1,701,1060,1061,-1,701,1061,1062,-1,701,1062,1063,-1,701,1063,1064,-1,701,1064,1049,-1,701,1065,1066,-1,701,1066,1067,-1,701,1067,1068,-1,701,1068,1069,-1,701,1069,1070,-1,701,1070,1071,-1,701,1071,1072,-1,701,1072,1073,-1,701,1073,1074,-1,701,1074,1050,-1,1075,1076,1077,-1,1075,1077,1078,-1,1075,1078,1079,-1,1075,1079,1080,-1,1075,1080,1081,-1,1075,1081,1082,-1,1075,1082,1083,-1,1075,1083,1084,-1,1075,1084,1085,-1,1075,954,1086,-1,1075,934,954,-1,1075,1085,1087,-1,1075,1087,1088,-1,1075,1086,1089,-1,1075,1088,1090,-1,1075,1089,1091,-1,1075,1090,1092,-1,1075,1091,1093,-1,1075,1092,1094,-1,1075,1093,1095,-1,1075,1094,1096,-1,1075,1095,1097,-1,1075,1096,1098,-1,1075,1097,1099,-1,1075,1098,1100,-1,1075,1099,1101,-1,1075,1100,901,-1,1075,1101,1102,-1,1075,1102,1103,-1,1075,1103,1104,-1,1075,1104,1105,-1,1075,1105,1106,-1,1075,1106,1107,-1,1075,1107,1108,-1,1075,1108,1076,-1,1075,901,774,-1,1109,1110,1111,-1,1112,1111,1110,-1,1113,1110,1109,-1,1114,1110,955,-1,1114,1112,1110,-1,1115,1110,1113,-1,1116,1114,955,-1,1117,1110,1115,-1,1118,1116,955,-1,1119,1110,1117,-1,1120,1118,955,-1,1121,1110,1119,-1,1122,1120,955,-1,1123,1110,1121,-1,1124,1122,955,-1,1125,1110,1123,-1,1126,1124,955,-1,1127,1110,1125,-1,1128,1126,955,-1,1129,1110,1127,-1,1130,1128,955,-1,1131,1110,1129,-1,1132,1130,955,-1,1133,1110,1131,-1,1134,1132,955,-1,1135,1110,1133,-1,1136,1134,955,-1,1137,1110,1135,-1,1138,1136,955,-1,1139,1110,1137,-1,1140,1138,955,-1,1141,1110,1139,-1,1142,1140,955,-1,1143,1110,1141,-1,1144,1142,955,-1,1145,1110,1143,-1,1146,1144,955,-1,1147,1110,1145,-1,1148,955,1044,-1,1148,1146,955,-1,1149,1110,1147,-1,1150,1148,1044,-1,1150,1044,1151,-1,1152,1110,1149,-1,1153,1150,1151,-1,1153,1151,1154,-1,1153,1154,1155,-1,1156,1110,1152,-1,1157,1153,1155,-1,1158,1110,1156,-1,1159,1157,1155,-1,1159,1155,1160,-1,1161,1110,1158,-1,1162,1159,1160,-1,1162,1160,1163,-1,1164,1110,1161,-1,1165,1162,1163,-1,1165,1163,1166,-1,1165,1166,1167,-1,1168,1110,1164,-1,1169,1165,1167,-1,1170,1110,1168,-1,1171,1065,701,-1,1171,1167,1065,-1,1171,1169,1167,-1,1172,1110,1170,-1,1173,1110,1172,-1,1174,1110,1173,-1,1175,1110,1174,-1,1176,1110,1175,-1,1177,1178,1179,-1,1177,1179,1180,-1,1177,1180,1181,-1,1177,1181,1182,-1,1177,1182,1183,-1,1177,1183,1184,-1,1177,1184,1185,-1,1177,1185,1186,-1,1177,1186,1187,-1,1177,1187,1188,-1,1177,1188,1189,-1,1177,1189,1190,-1,1177,1190,1191,-1,1177,1191,1192,-1,1177,1192,1193,-1,1177,1193,1194,-1,1177,1194,1195,-1,1177,1195,1196,-1,1177,1196,1197,-1,1177,1197,1171,-1,1177,1198,1199,-1,1177,1199,1200,-1,1177,1200,1201,-1,1177,1201,1202,-1,1177,1202,1178,-1,1177,1171,701,-1,1203,1110,1176,-1,1203,1176,1204,-1,1203,1204,1205,-1,1203,1205,1206,-1,1203,1206,1207,-1,1203,1207,1208,-1,1203,1208,1209,-1,1203,1209,1210,-1,1203,1210,1211,-1,1203,1211,1212,-1,1203,1212,1213,-1,1203,1213,1214,-1,1203,1214,1215,-1,1203,1215,1216,-1,1203,1216,1217,-1,1203,1217,1218,-1,1203,1218,1219,-1,1203,1219,1220,-1,1203,1220,1221,-1,1203,1221,1222,-1,1203,1222,1223,-1,1224,1198,1177,-1,1225,1203,1223,-1,1225,1223,1226,-1,1227,1228,1198,-1,1227,1198,1224,-1,1229,1226,1230,-1,1229,1225,1226,-1,1231,1232,1228,-1,1231,1228,1227,-1,1233,1229,1230,-1,1234,1232,1231,-1,1235,1230,1236,-1,1235,1233,1230,-1,1237,1238,1232,-1,1237,1232,1234,-1,1239,1236,1240,-1,1239,1235,1236,-1,1241,1242,1238,-1,1241,1238,1237,-1,1243,1239,1240,-1,1244,1240,1245,-1,1244,1243,1240,-1,1246,1247,1242,-1,1246,1242,1241,-1,1248,1247,1246,-1,1249,1245,1250,-1,1249,1244,1245,-1,1251,1252,1247,-1,1251,1247,1248,-1,1253,1250,1254,-1,1253,1249,1250,-1,1255,1256,1252,-1,1255,1252,1251,-1,1257,1253,1254,-1,1258,1254,1259,-1,1258,1257,1254,-1,1260,1261,1256,-1,1260,1256,1255,-1,1262,1259,1263,-1,1262,1258,1259,-1,1264,1261,1260,-1,1265,1262,1263,-1,1266,1267,1261,-1,1266,1261,1264,-1,1268,1263,1269,-1,1268,1265,1263,-1,1270,1271,1267,-1,1270,1267,1266,-1,1272,1271,1270,-1,1273,1269,1274,-1,1273,1268,1269,-1,1275,1273,1274,-1,1275,1274,1271,-1,1275,1271,1272,-1,560,701,400,-1,560,1177,701,-1,1224,560,586,-1,1224,1177,560,-1,1227,586,589,-1,1227,1224,586,-1,1231,589,593,-1,1231,1227,589,-1,1234,593,596,-1,1234,596,599,-1,1234,1231,593,-1,1237,1234,599,-1,1241,599,603,-1,1241,603,608,-1,1241,1237,599,-1,1246,1241,608,-1,1248,1246,608,-1,1248,608,610,-1,1248,610,613,-1,1251,1248,613,-1,1255,613,617,-1,1255,617,622,-1,1255,1251,613,-1,1260,1255,622,-1,1264,622,626,-1,1264,1260,622,-1,1266,626,628,-1,1266,628,632,-1,1266,1264,626,-1,1270,1266,632,-1,1272,632,634,-1,1272,1270,632,-1,1275,634,637,-1,1275,1272,634,-1,1273,637,635,-1,1273,1275,637,-1,1268,635,630,-1,1268,1273,635,-1,1265,630,627,-1,1265,1268,630,-1,1262,627,624,-1,1262,1265,627,-1,1258,624,620,-1,1258,1262,624,-1,1257,620,619,-1,1257,619,615,-1,1257,1258,620,-1,1253,1257,615,-1,1249,1253,615,-1,1249,615,611,-1,1244,611,606,-1,1244,606,605,-1,1244,1249,611,-1,1243,1244,605,-1,1239,605,601,-1,1239,1243,605,-1,1235,601,597,-1,1235,597,595,-1,1235,1239,601,-1,1233,1235,595,-1,1229,595,591,-1,1229,591,587,-1,1229,1233,595,-1,1225,1229,587,-1,1203,587,535,-1,1203,1225,587,-1,1276,1203,535,-1,1276,1110,1203,-1,934,1075,1277,-1,246,934,1277,-1,246,1276,535,-1,246,1277,1276,-1,932,246,244,-1,932,934,246,-1,930,244,242,-1,930,932,244,-1,929,242,241,-1,929,930,242,-1,927,241,239,-1,927,929,241,-1,925,239,237,-1,925,927,239,-1,924,237,236,-1,924,925,237,-1,922,236,234,-1,922,924,236,-1,920,234,232,-1,920,922,234,-1,918,920,232,-1,918,232,230,-1,917,230,229,-1,917,918,230,-1,915,229,227,-1,915,917,229,-1,913,227,225,-1,913,915,227,-1,912,225,224,-1,912,224,222,-1,912,913,225,-1,910,912,222,-1,908,222,220,-1,908,910,222,-1,906,220,214,-1,906,908,220,-1,905,214,212,-1,905,212,207,-1,905,906,214,-1,903,207,203,-1,903,905,207,-1,899,903,203,-1,900,203,202,-1,900,899,203,-1,896,202,199,-1,896,199,194,-1,896,900,202,-1,893,896,194,-1,889,194,191,-1,889,191,190,-1,889,893,194,-1,890,190,185,-1,890,889,190,-1,886,890,185,-1,883,185,181,-1,883,886,185,-1,879,181,177,-1,879,177,176,-1,879,883,181,-1,880,879,176,-1,876,176,173,-1,876,173,168,-1,876,880,176,-1,872,876,168,-1,873,168,167,-1,873,167,110,-1,873,872,168,-1,823,873,110,-1,57,823,110,-1,57,669,823,-1,314,786,821,-1,317,821,820,-1,317,314,821,-1,320,820,819,-1,320,317,820,-1,323,819,818,-1,323,320,819,-1,326,818,817,-1,326,323,818,-1,330,817,816,-1,330,326,817,-1,331,816,815,-1,331,330,816,-1,335,815,814,-1,335,331,815,-1,343,814,813,-1,343,335,814,-1,348,813,812,-1,348,343,813,-1,352,812,811,-1,352,348,812,-1,356,352,811,-1,356,811,810,-1,361,356,810,-1,361,810,809,-1,365,361,809,-1,365,809,808,-1,217,365,808,-1,217,808,806,-1,218,217,806,-1,218,806,804,-1,209,218,804,-1,209,804,802,-1,210,209,802,-1,210,802,800,-1,205,210,800,-1,205,800,798,-1,196,798,796,-1,196,205,798,-1,197,196,796,-1,197,796,794,-1,187,794,792,-1,187,197,794,-1,188,792,790,-1,188,187,792,-1,183,790,788,-1,183,188,790,-1,179,788,785,-1,179,183,788,-1,170,785,784,-1,170,179,785,-1,171,784,783,-1,171,170,784,-1,165,783,782,-1,165,171,783,-1,162,782,781,-1,162,165,782,-1,157,781,780,-1,157,162,781,-1,153,780,779,-1,153,157,780,-1,154,779,778,-1,154,153,779,-1,150,778,777,-1,150,154,778,-1,144,777,776,-1,144,150,777,-1,145,776,775,-1,145,144,776,-1,138,775,852,-1,138,145,775,-1,139,138,852,-1,132,139,852,-1,132,849,846,-1,132,852,849,-1,133,132,846,-1,133,846,843,-1,129,133,843,-1,126,838,837,-1,126,843,838,-1,126,129,843,-1,121,837,832,-1,121,126,837,-1,118,832,773,-1,118,121,832,-1,107,773,771,-1,107,118,773,-1,105,771,769,-1,105,107,771,-1,103,769,767,-1,103,105,769,-1,101,767,765,-1,101,103,767,-1,99,765,763,-1,99,101,765,-1,97,763,761,-1,97,99,763,-1,95,761,759,-1,95,97,761,-1,93,95,759,-1,91,757,755,-1,91,759,757,-1,91,93,759,-1,89,91,755,-1,89,755,753,-1,87,89,753,-1,87,753,751,-1,85,87,751,-1,85,751,749,-1,83,85,749,-1,81,83,749,-1,81,747,745,-1,81,749,747,-1,79,81,745,-1,79,745,743,-1,77,79,743,-1,77,743,741,-1,75,741,739,-1,75,77,741,-1,73,739,737,-1,73,75,739,-1,71,737,735,-1,71,73,737,-1,69,735,733,-1,69,71,735,-1,67,69,733,-1,65,67,733,-1,65,731,729,-1,65,733,731,-1,63,65,729,-1,61,63,729,-1,61,729,727,-1,59,61,727,-1,59,725,723,-1,59,727,725,-1,55,59,723,-1,55,723,721,-1,51,55,721,-1,51,721,719,-1,45,51,719,-1,41,45,719,-1,41,719,717,-1,36,41,717,-1,36,715,713,-1,36,717,715,-1,31,36,713,-1,31,713,711,-1,27,31,711,-1,27,711,709,-1,22,27,709,-1,22,709,707,-1,17,22,707,-1,17,707,705,-1,12,17,705,-1,7,12,705,-1,7,703,702,-1,7,705,703,-1,4,7,702,-1,4,702,704,-1,10,704,706,-1,10,4,704,-1,14,706,708,-1,14,10,706,-1,20,14,708,-1,24,708,710,-1,24,20,708,-1,29,710,712,-1,29,24,710,-1,34,712,714,-1,34,29,712,-1,38,714,716,-1,38,34,714,-1,43,38,716,-1,43,716,718,-1,48,43,718,-1,48,720,722,-1,48,718,720,-1,53,722,724,-1,53,48,722,-1,58,53,724,-1,60,58,724,-1,60,724,726,-1,62,60,726,-1,62,726,728,-1,64,62,728,-1,64,730,732,-1,64,728,730,-1,66,64,732,-1,66,732,734,-1,68,66,734,-1,70,68,734,-1,70,734,736,-1,72,70,736,-1,72,738,740,-1,72,736,738,-1,74,72,740,-1,74,740,742,-1,76,74,742,-1,78,76,742,-1,78,742,744,-1,80,78,744,-1,80,744,746,-1,82,746,748,-1,82,80,746,-1,84,750,752,-1,84,748,750,-1,84,82,748,-1,86,752,754,-1,86,84,752,-1,88,86,754,-1,90,754,756,-1,90,88,754,-1,92,756,758,-1,92,90,756,-1,94,758,760,-1,94,92,758,-1,96,760,762,-1,96,94,760,-1,98,764,766,-1,98,762,764,-1,98,96,762,-1,100,98,766,-1,102,768,770,-1,102,766,768,-1,102,100,766,-1,104,102,770,-1,106,104,770,-1,106,772,807,-1,106,770,772,-1,281,106,807,-1,284,281,807,-1,284,805,803,-1,284,807,805,-1,287,284,803,-1,290,287,803,-1,290,801,799,-1,290,803,801,-1,293,290,799,-1,296,293,799,-1,296,797,795,-1,296,799,797,-1,299,795,793,-1,299,296,795,-1,302,793,791,-1,302,299,793,-1,305,302,791,-1,306,789,787,-1,306,791,789,-1,306,305,791,-1,311,306,787,-1,314,787,786,-1,314,311,787,-1,401,1060,1059,-1,402,1059,1058,-1,402,401,1059,-1,403,1058,1057,-1,403,402,1058,-1,404,1057,1056,-1,404,403,1057,-1,405,1056,1055,-1,405,404,1056,-1,406,1055,1054,-1,406,405,1055,-1,407,1054,1053,-1,407,406,1054,-1,408,1053,1052,-1,408,407,1053,-1,409,1052,1051,-1,409,408,1052,-1,410,1051,1050,-1,410,409,1051,-1,411,1050,1074,-1,411,410,1050,-1,412,411,1074,-1,412,1074,1073,-1,413,412,1073,-1,413,1073,1072,-1,414,413,1072,-1,414,1072,1071,-1,415,414,1071,-1,415,1071,1070,-1,416,415,1070,-1,416,1070,1069,-1,417,416,1069,-1,417,1069,1068,-1,418,417,1068,-1,418,1068,1067,-1,419,418,1067,-1,419,1067,1066,-1,420,1066,1065,-1,420,419,1066,-1,421,420,1065,-1,421,1065,1167,-1,527,1167,1166,-1,527,421,1167,-1,522,1166,1163,-1,522,527,1166,-1,523,1163,1160,-1,523,522,1163,-1,516,1160,1155,-1,516,523,1160,-1,512,1155,1154,-1,512,516,1155,-1,506,1154,1151,-1,506,512,1154,-1,507,1151,1044,-1,507,506,1151,-1,503,1044,1043,-1,503,507,1044,-1,499,1043,1042,-1,499,503,1043,-1,494,1042,1040,-1,494,499,1042,-1,491,1040,1039,-1,491,494,1040,-1,482,1039,1038,-1,482,491,1039,-1,483,1038,1036,-1,483,482,1038,-1,474,1036,1035,-1,474,483,1036,-1,475,1035,1033,-1,475,474,1035,-1,470,475,1033,-1,466,470,1033,-1,466,1032,1031,-1,466,1033,1032,-1,463,466,1031,-1,463,1031,1030,-1,458,463,1030,-1,450,1029,1027,-1,450,1030,1029,-1,450,458,1030,-1,451,1027,1026,-1,451,450,1027,-1,446,1026,1024,-1,446,451,1026,-1,439,1024,1023,-1,439,446,1024,-1,438,1023,1022,-1,438,439,1023,-1,434,1022,1021,-1,434,438,1022,-1,431,1021,1019,-1,431,434,1021,-1,427,1019,1017,-1,427,431,1019,-1,428,1017,1015,-1,428,427,1017,-1,369,1015,1013,-1,369,428,1015,-1,364,369,1013,-1,360,1011,1009,-1,360,1013,1011,-1,360,364,1013,-1,355,360,1009,-1,355,1009,1007,-1,351,355,1007,-1,351,1007,1005,-1,347,351,1005,-1,347,1005,1003,-1,342,347,1003,-1,339,342,1003,-1,339,1001,999,-1,339,1003,1001,-1,334,339,999,-1,334,999,997,-1,329,334,997,-1,329,997,995,-1,325,995,993,-1,325,329,995,-1,322,993,991,-1,322,325,993,-1,319,991,989,-1,319,322,991,-1,316,989,987,-1,316,319,989,-1,313,316,987,-1,310,313,987,-1,310,985,983,-1,310,987,985,-1,308,310,983,-1,304,308,983,-1,304,983,981,-1,301,304,981,-1,301,979,977,-1,301,981,979,-1,298,301,977,-1,298,977,975,-1,295,298,975,-1,295,975,973,-1,292,295,973,-1,289,292,973,-1,289,973,971,-1,286,289,971,-1,286,969,967,-1,286,971,969,-1,283,286,967,-1,283,967,965,-1,280,283,965,-1,280,965,963,-1,278,280,963,-1,278,963,961,-1,276,278,961,-1,276,961,959,-1,274,276,959,-1,271,274,959,-1,271,956,957,-1,271,959,956,-1,272,271,957,-1,272,957,958,-1,273,958,960,-1,273,272,958,-1,275,960,962,-1,275,273,960,-1,277,275,962,-1,279,962,964,-1,279,277,962,-1,282,964,966,-1,282,279,964,-1,285,966,968,-1,285,282,966,-1,288,968,970,-1,288,285,968,-1,291,288,970,-1,291,970,972,-1,294,291,972,-1,294,974,976,-1,294,972,974,-1,297,976,978,-1,297,294,976,-1,300,297,978,-1,303,300,978,-1,303,978,980,-1,307,303,980,-1,307,980,982,-1,309,307,982,-1,309,984,986,-1,309,982,984,-1,312,309,986,-1,312,986,988,-1,315,312,988,-1,318,315,988,-1,318,988,990,-1,321,318,990,-1,321,992,994,-1,321,990,992,-1,324,321,994,-1,324,994,996,-1,327,324,996,-1,332,327,996,-1,332,996,998,-1,336,332,998,-1,336,998,1000,-1,340,1000,1002,-1,340,336,1000,-1,344,1004,1006,-1,344,1002,1004,-1,344,340,1002,-1,349,1006,1008,-1,349,344,1006,-1,353,349,1008,-1,357,1008,1010,-1,357,353,1008,-1,362,1010,1012,-1,362,357,1010,-1,366,1012,1014,-1,366,362,1012,-1,370,1014,1016,-1,370,366,1014,-1,372,1018,1020,-1,372,1016,1018,-1,372,370,1016,-1,374,372,1020,-1,377,1025,1028,-1,377,1020,1025,-1,377,374,1020,-1,379,377,1028,-1,382,379,1028,-1,382,1034,1037,-1,382,1028,1034,-1,384,382,1037,-1,386,384,1037,-1,386,1041,1045,-1,386,1037,1041,-1,389,386,1045,-1,391,389,1045,-1,391,1046,1047,-1,391,1045,1046,-1,393,391,1047,-1,396,393,1047,-1,396,1048,1049,-1,396,1047,1048,-1,398,1049,1064,-1,398,396,1049,-1,422,1064,1063,-1,422,398,1064,-1,423,422,1063,-1,424,1062,1061,-1,424,1063,1062,-1,424,423,1063,-1,425,424,1061,-1,401,1061,1060,-1,401,425,1061,-1,488,1076,1108,-1,489,1108,1107,-1,489,488,1108,-1,496,1107,1106,-1,496,489,1107,-1,497,1106,1105,-1,497,496,1106,-1,501,1105,1104,-1,501,497,1105,-1,509,1104,1103,-1,509,501,1104,-1,510,1103,1102,-1,510,509,1103,-1,514,1102,1101,-1,514,510,1102,-1,520,1101,1099,-1,520,514,1101,-1,525,1099,1097,-1,525,520,1099,-1,529,1097,1095,-1,529,525,1097,-1,532,529,1095,-1,532,1095,1093,-1,264,532,1093,-1,264,1093,1091,-1,265,264,1091,-1,265,1091,1089,-1,266,265,1089,-1,266,1089,1086,-1,267,266,1086,-1,267,1086,954,-1,268,267,954,-1,268,954,953,-1,269,268,953,-1,269,953,952,-1,270,269,952,-1,270,952,951,-1,247,951,950,-1,247,270,951,-1,248,247,950,-1,248,950,949,-1,249,949,948,-1,249,248,949,-1,250,948,947,-1,250,249,948,-1,251,947,946,-1,251,250,947,-1,252,946,945,-1,252,251,946,-1,253,945,944,-1,253,252,945,-1,254,944,943,-1,254,253,944,-1,255,943,942,-1,255,254,943,-1,256,942,941,-1,256,255,942,-1,257,941,940,-1,257,256,941,-1,258,940,939,-1,258,257,940,-1,259,939,938,-1,259,258,939,-1,260,938,937,-1,260,259,938,-1,261,937,936,-1,261,260,937,-1,262,936,935,-1,262,261,936,-1,263,935,933,-1,263,262,935,-1,245,263,933,-1,243,245,933,-1,243,931,928,-1,243,933,931,-1,240,243,928,-1,240,928,926,-1,238,240,926,-1,235,923,921,-1,235,926,923,-1,235,238,926,-1,233,921,919,-1,233,235,921,-1,231,919,916,-1,231,233,919,-1,228,916,914,-1,228,231,916,-1,226,914,911,-1,226,228,914,-1,223,911,909,-1,223,226,911,-1,221,909,907,-1,221,223,909,-1,215,907,904,-1,215,221,907,-1,211,904,902,-1,211,215,904,-1,206,902,898,-1,206,211,902,-1,201,206,898,-1,198,895,892,-1,198,898,895,-1,198,201,898,-1,193,198,892,-1,193,892,888,-1,189,193,888,-1,189,888,885,-1,184,189,885,-1,184,885,882,-1,180,184,882,-1,175,180,882,-1,175,878,875,-1,175,882,878,-1,172,175,875,-1,172,875,871,-1,166,172,871,-1,166,871,869,-1,163,869,867,-1,163,166,869,-1,160,867,865,-1,160,163,867,-1,158,865,863,-1,158,160,865,-1,155,863,861,-1,155,158,863,-1,151,155,861,-1,148,151,861,-1,148,859,857,-1,148,861,859,-1,146,148,857,-1,142,146,857,-1,142,857,855,-1,140,142,855,-1,140,853,850,-1,140,855,853,-1,136,140,850,-1,136,850,847,-1,134,136,847,-1,134,847,844,-1,130,134,844,-1,127,130,844,-1,127,844,841,-1,124,127,841,-1,124,839,835,-1,124,841,839,-1,122,124,835,-1,122,835,833,-1,119,122,833,-1,119,833,830,-1,116,119,830,-1,116,830,828,-1,114,116,828,-1,114,828,826,-1,112,114,826,-1,108,112,826,-1,108,822,824,-1,108,826,822,-1,109,108,824,-1,109,824,825,-1,111,825,827,-1,111,109,825,-1,113,827,829,-1,113,111,827,-1,115,113,829,-1,117,829,831,-1,117,115,829,-1,120,831,834,-1,120,117,831,-1,123,834,836,-1,123,120,834,-1,125,836,840,-1,125,123,836,-1,128,125,840,-1,128,840,842,-1,131,128,842,-1,131,845,848,-1,131,842,845,-1,135,848,851,-1,135,131,848,-1,137,135,851,-1,141,137,851,-1,141,851,854,-1,143,141,854,-1,143,854,856,-1,147,143,856,-1,147,858,860,-1,147,856,858,-1,149,147,860,-1,149,860,862,-1,152,149,862,-1,156,152,862,-1,156,862,864,-1,159,156,864,-1,159,866,868,-1,159,864,866,-1,161,159,868,-1,161,868,870,-1,164,161,870,-1,169,164,870,-1,169,870,874,-1,174,169,874,-1,174,874,877,-1,178,877,881,-1,178,174,877,-1,182,884,887,-1,182,881,884,-1,182,178,881,-1,186,887,891,-1,186,182,887,-1,192,186,891,-1,195,891,894,-1,195,192,891,-1,200,894,897,-1,200,195,894,-1,204,897,901,-1,204,200,897,-1,208,901,1100,-1,208,204,901,-1,213,1098,1096,-1,213,1100,1098,-1,213,208,1100,-1,216,213,1096,-1,219,1094,1092,-1,219,1096,1094,-1,219,216,1096,-1,436,219,1092,-1,441,436,1092,-1,441,1090,1088,-1,441,1092,1090,-1,442,441,1088,-1,448,442,1088,-1,448,1087,1085,-1,448,1088,1087,-1,453,448,1085,-1,454,453,1085,-1,454,1084,1083,-1,454,1085,1084,-1,460,454,1083,-1,461,460,1083,-1,461,1082,1081,-1,461,1083,1082,-1,468,1081,1080,-1,468,461,1081,-1,472,1080,1079,-1,472,468,1080,-1,477,472,1079,-1,480,1078,1077,-1,480,1079,1078,-1,480,477,1079,-1,485,480,1077,-1,488,1077,1076,-1,488,485,1077,-1,561,1178,1202,-1,562,1202,1201,-1,562,561,1202,-1,563,1201,1200,-1,563,562,1201,-1,564,1200,1199,-1,564,563,1200,-1,565,1199,1198,-1,565,564,1199,-1,566,1198,1228,-1,566,565,1198,-1,590,1228,1232,-1,590,566,1228,-1,594,1232,1238,-1,594,590,1232,-1,600,1238,1242,-1,600,594,1238,-1,604,1242,1247,-1,604,600,1242,-1,609,1247,1252,-1,609,604,1247,-1,614,609,1252,-1,614,1252,1256,-1,618,614,1256,-1,618,1256,1261,-1,623,618,1261,-1,623,1261,1267,-1,629,623,1267,-1,629,1267,1271,-1,633,629,1271,-1,633,1271,1274,-1,636,633,1274,-1,636,1274,1269,-1,631,636,1269,-1,631,1269,1263,-1,625,631,1263,-1,625,1263,1259,-1,621,1259,1254,-1,621,625,1259,-1,616,621,1254,-1,616,1254,1250,-1,612,1250,1245,-1,612,616,1250,-1,607,1245,1240,-1,607,612,1245,-1,602,1240,1236,-1,602,607,1240,-1,598,1236,1230,-1,598,602,1236,-1,592,1230,1226,-1,592,598,1230,-1,588,1226,1223,-1,588,592,1226,-1,536,1223,1222,-1,536,588,1223,-1,537,1222,1221,-1,537,536,1222,-1,538,1221,1220,-1,538,537,1221,-1,539,1220,1219,-1,539,538,1220,-1,540,1219,1218,-1,540,539,1219,-1,541,1218,1217,-1,541,540,1218,-1,542,1217,1216,-1,542,541,1217,-1,543,1216,1215,-1,543,542,1216,-1,544,1215,1214,-1,544,543,1215,-1,545,544,1214,-1,546,545,1214,-1,546,1213,1212,-1,546,1214,1213,-1,547,546,1212,-1,547,1212,1211,-1,548,547,1211,-1,549,1210,1209,-1,549,1211,1210,-1,549,548,1211,-1,550,1209,1208,-1,550,549,1209,-1,551,1208,1207,-1,551,550,1208,-1,552,1207,1206,-1,552,551,1207,-1,553,1206,1205,-1,553,552,1206,-1,554,1205,1204,-1,554,553,1205,-1,555,1204,1176,-1,555,554,1204,-1,556,1176,1175,-1,556,555,1176,-1,557,1175,1174,-1,557,556,1175,-1,558,1174,1173,-1,558,557,1174,-1,559,558,1173,-1,534,1172,1170,-1,534,1173,1172,-1,534,559,1173,-1,531,534,1170,-1,531,1170,1168,-1,528,531,1168,-1,528,1168,1164,-1,524,528,1164,-1,524,1164,1161,-1,519,524,1161,-1,517,519,1161,-1,517,1158,1156,-1,517,1161,1158,-1,513,517,1156,-1,513,1156,1152,-1,508,513,1152,-1,508,1152,1149,-1,504,1149,1147,-1,504,508,1149,-1,500,1147,1145,-1,500,504,1147,-1,495,1145,1143,-1,495,500,1145,-1,492,1143,1141,-1,492,495,1143,-1,487,492,1141,-1,484,487,1141,-1,484,1139,1137,-1,484,1141,1139,-1,479,484,1137,-1,476,479,1137,-1,476,1137,1135,-1,471,476,1135,-1,471,1133,1131,-1,471,1135,1133,-1,467,471,1131,-1,467,1131,1129,-1,464,467,1129,-1,464,1129,1127,-1,459,464,1127,-1,456,459,1127,-1,456,1127,1125,-1,452,456,1125,-1,452,1123,1121,-1,452,1125,1123,-1,447,452,1121,-1,447,1121,1119,-1,444,447,1119,-1,444,1119,1117,-1,440,444,1117,-1,440,1117,1115,-1,435,440,1115,-1,435,1115,1113,-1,432,435,1113,-1,429,432,1113,-1,429,1109,1111,-1,429,1113,1109,-1,426,429,1111,-1,426,1111,1112,-1,430,1112,1114,-1,430,426,1112,-1,433,1114,1116,-1,433,430,1114,-1,437,433,1116,-1,443,1116,1118,-1,443,437,1116,-1,445,1118,1120,-1,445,443,1118,-1,449,1120,1122,-1,449,445,1120,-1,455,1122,1124,-1,455,449,1122,-1,457,455,1124,-1,457,1124,1126,-1,462,457,1126,-1,462,1128,1130,-1,462,1126,1128,-1,465,1130,1132,-1,465,462,1130,-1,469,465,1132,-1,473,469,1132,-1,473,1132,1134,-1,478,473,1134,-1,478,1134,1136,-1,481,478,1136,-1,481,1138,1140,-1,481,1136,1138,-1,486,481,1140,-1,486,1140,1142,-1,490,486,1142,-1,493,490,1142,-1,493,1142,1144,-1,498,493,1144,-1,498,1146,1148,-1,498,1144,1146,-1,502,498,1148,-1,502,1148,1150,-1,505,502,1150,-1,511,505,1150,-1,511,1150,1153,-1,515,511,1153,-1,515,1153,1157,-1,518,1157,1159,-1,518,515,1157,-1,521,1162,1165,-1,521,1159,1162,-1,521,518,1159,-1,526,1165,1169,-1,526,521,1165,-1,530,526,1169,-1,533,1169,1171,-1,533,530,1169,-1,567,1171,1197,-1,567,533,1171,-1,568,1197,1196,-1,568,567,1197,-1,569,1196,1195,-1,569,568,1196,-1,570,1194,1193,-1,570,1195,1194,-1,570,569,1195,-1,571,570,1193,-1,572,1192,1191,-1,572,1193,1192,-1,572,571,1193,-1,573,572,1191,-1,574,573,1191,-1,574,1190,1189,-1,574,1191,1190,-1,575,574,1189,-1,576,575,1189,-1,576,1188,1187,-1,576,1189,1188,-1,577,576,1187,-1,578,577,1187,-1,578,1186,1185,-1,578,1187,1186,-1,579,578,1185,-1,580,579,1185,-1,580,1184,1183,-1,580,1185,1184,-1,581,1183,1182,-1,581,580,1183,-1,582,1182,1181,-1,582,581,1182,-1,583,582,1181,-1,584,1180,1179,-1,584,1181,1180,-1,584,583,1181,-1,585,584,1179,-1,561,1179,1178,-1,561,585,1179,-1,1278,1277,1075,-1,1278,1075,774,-1,1279,1278,774,-1,1279,774,955,-1,1276,1279,955,-1,1276,955,1110,-1,1276,1277,1278,-1,1276,1278,1279                        ]
                        ccw TRUE
                        colorPerVertex TRUE
                        color Color {
                          color [
0.8 0.8 0.8,0.271 0.396 0.565,                          ]
                        }
                        colorIndex [
1,1,1,-1,1,1,1,-1,1,1,1,-1,1,1,1,-1,1,1,1,-1,1,1,1,-1,1,1,1,-1,1,1,1,-1,1,1,1,-1,1,1,1,-1,1,1,1,-1,1,1,1,-1,1,1,1,-1,1,1,1,-1,1,1,1,-1,1,1,1,-1,1,1,1,-1,1,1,1,-1,1,1,1,-1,1,1,1,-1,1,1,1,-1,1,1,1,-1,1,1,1,-1,1,1,1,-1,1,1,1,-1,1,1,1,-1,1,1,1,-1,1,1,1,-1,1,1,1,-1,1,1,1,-1,1,1,1,-1,1,1,1,-1,1,1,1,-1,1,1,1,-1,1,1,1,-1,1,1,1,-1,1,1,1,-1,1,1,1,-1,1,1,1,-1,1,1,1,-1,1,1,1,-1,1,1,1,-1,1,1,1,-1,1,1,1,-1,1,1,1,-1,1,1,1,-1,1,1,1,-1,1,1,1,-1,1,1,1,-1,1,1,1,-1,1,1,1,-1,1,1,1,-1,1,1,1,-1,1,1,1,-1,1,1,1,-1,1,1,1,-1,1,1,1,-1,1,1,1,-1,1,1,1,-1,1,1,1,-1,1,1,1,-1,1,1,1,-1,1,1,1,-1,1,1,1,-1,1,1,1,-1,1,1,1,-1,1,1,1,-1,1,1,1,-1,1,1,1,-1,1,1,1,-1,1,1,1,-1,1,1,1,-1,1,1,1,-1,1,1,1,-1,1,1,1,-1,1,1,1,-1,1,1,1,-1,1,1,1,-1,1,1,1,-1,1,1,1,-1,1,1,1,-1,1,1,1,-1,1,1,1,-1,1,1,1,-1,1,1,1,-1,1,1,1,-1,1,1,1,-1,1,1,1,-1,1,1,1,-1,1,1,1,-1,1,1,1,-1,1,1,1,-1,1,1,1,-1,1,1,1,-1,1,1,1,-1,1,1,1,-1,1,1,1,-1,1,1,1,-1,1,1,1,-1,1,1,1,-1,1,1,1,-1,1,1,1,-1,1,1,1,-1,1,1,1,-1,1,1,1,-1,1,1,1,-1,1,1,1,-1,1,1,1,-1,1,1,1,-1,1,1,1,-1,1,1,1,-1,1,1,1,-1,1,1,1,-1,1,1,1,-1,1,1,1,-1,1,1,1,-1,1,1,1,-1,1,1,1,-1,1,1,1,-1,1,1,1,-1,1,1,1,-1,1,1,1,-1,1,1,1,-1,1,1,1,-1,1,1,1,-1,1,1,1,-1,1,1,1,-1,1,1,1,-1,1,1,1,-1,1,1,1,-1,1,1,1,-1,1,1,1,-1,1,1,1,-1,1,1,1,-1,1,1,1,-1,1,1,1,-1,1,1,1,-1,1,1,1,-1,1,1,1,-1,1,1,1,-1,1,1,1,-1,1,1,1,-1,1,1,1,-1,1,1,1,-1,1,1,1,-1,1,1,1,-1,1,1,1,-1,1,1,1,-1,1,1,1,-1,1,1,1,-1,1,1,1,-1,1,1,1,-1,1,1,1,-1,1,1,1,-1,1,1,1,-1,1,1,1,-1,1,1,1,-1,1,1,1,-1,1,1,1,-1,1,1,1,-1,1,1,1,-1,1,1,1,-1,1,1,1,-1,1,1,1,-1,1,1,1,-1,1,1,1,-1,1,1,1,-1,1,1,1,-1,1,1,1,-1,1,1,1,-1,1,1,1,-1,1,1,1,-1,1,1,1,-1,1,1,1,-1,1,1,1,-1,1,1,1,-1,1,1,1,-1,1,1,1,-1,1,1,1,-1,1,1,1,-1,1,1,1,-1,1,1,1,-1,1,1,1,-1,1,1,1,-1,1,1,1,-1,1,1,1,-1,1,1,1,-1,1,1,1,-1,1,1,1,-1,1,1,1,-1,1,1,1,-1,1,1,1,-1,1,1,1,-1,1,1,1,-1,1,1,1,-1,1,1,1,-1,1,1,1,-1,1,1,1,-1,1,1,1,-1,1,1,1,-1,1,1,1,-1,1,1,1,-1,1,1,1,-1,1,1,1,-1,1,1,1,-1,1,1,1,-1,1,1,1,-1,1,1,1,-1,1,1,1,-1,1,1,1,-1,1,1,1,-1,1,1,1,-1,1,1,1,-1,1,1,1,-1,1,1,1,-1,1,1,1,-1,1,1,1,-1,1,1,1,-1,1,1,1,-1,1,1,1,-1,1,1,1,-1,1,1,1,-1,1,1,1,-1,1,1,1,-1,1,1,1,-1,1,1,1,-1,1,1,1,-1,1,1,1,-1,1,1,1,-1,1,1,1,-1,1,1,1,-1,1,1,1,-1,1,1,1,-1,1,1,1,-1,1,1,1,-1,1,1,1,-1,1,1,1,-1,1,1,1,-1,1,1,1,-1,1,1,1,-1,1,1,1,-1,1,1,1,-1,1,1,1,-1,1,1,1,-1,1,1,1,-1,1,1,1,-1,1,1,1,-1,1,1,1,-1,1,1,1,-1,1,1,1,-1,1,1,1,-1,1,1,1,-1,1,1,1,-1,1,1,1,-1,1,1,1,-1,1,1,1,-1,1,1,1,-1,1,1,1,-1,1,1,1,-1,1,1,1,-1,1,1,1,-1,1,1,1,-1,1,1,1,-1,1,1,1,-1,1,1,1,-1,1,1,1,-1,1,1,1,-1,1,1,1,-1,1,1,1,-1,1,1,1,-1,1,1,1,-1,1,1,1,-1,1,1,1,-1,1,1,1,-1,1,1,1,-1,1,1,1,-1,1,1,1,-1,1,1,1,-1,1,1,1,-1,1,1,1,-1,1,1,1,-1,1,1,1,-1,1,1,1,-1,1,1,1,-1,1,1,1,-1,1,1,1,-1,1,1,1,-1,1,1,1,-1,1,1,1,-1,1,1,1,-1,1,1,1,-1,1,1,1,-1,1,1,1,-1,1,1,1,-1,1,1,1,-1,1,1,1,-1,1,1,1,-1,1,1,1,-1,1,1,1,-1,1,1,1,-1,1,1,1,-1,1,1,1,-1,1,1,1,-1,1,1,1,-1,1,1,1,-1,1,1,1,-1,1,1,1,-1,1,1,1,-1,1,1,1,-1,1,1,1,-1,1,1,1,-1,1,1,1,-1,1,1,1,-1,1,1,1,-1,1,1,1,-1,1,1,1,-1,1,1,1,-1,1,1,1,-1,1,1,1,-1,1,1,1,-1,1,1,1,-1,1,1,1,-1,1,1,1,-1,1,1,1,-1,1,1,1,-1,1,1,1,-1,1,1,1,-1,1,1,1,-1,1,1,1,-1,1,1,1,-1,1,1,1,-1,1,1,1,-1,1,1,1,-1,1,1,1,-1,1,1,1,-1,1,1,1,-1,1,1,1,-1,1,1,1,-1,1,1,1,-1,1,1,1,-1,1,1,1,-1,1,1,1,-1,1,1,1,-1,1,1,1,-1,1,1,1,-1,1,1,1,-1,1,1,1,-1,1,1,1,-1,1,1,1,-1,1,1,1,-1,1,1,1,-1,1,1,1,-1,1,1,1,-1,1,1,1,-1,1,1,1,-1,1,1,1,-1,1,1,1,-1,1,1,1,-1,1,1,1,-1,1,1,1,-1,1,1,1,-1,1,1,1,-1,1,1,1,-1,1,1,1,-1,1,1,1,-1,1,1,1,-1,1,1,1,-1,1,1,1,-1,1,1,1,-1,1,1,1,-1,1,1,1,-1,1,1,1,-1,1,1,1,-1,1,1,1,-1,1,1,1,-1,1,1,1,-1,1,1,1,-1,1,1,1,-1,1,1,1,-1,1,1,1,-1,1,1,1,-1,1,1,1,-1,1,1,1,-1,1,1,1,-1,1,1,1,-1,1,1,1,-1,1,1,1,-1,1,1,1,-1,1,1,1,-1,1,1,1,-1,1,1,1,-1,1,1,1,-1,1,1,1,-1,1,1,1,-1,1,1,1,-1,1,1,1,-1,1,1,1,-1,1,1,1,-1,1,1,1,-1,1,1,1,-1,1,1,1,-1,1,1,1,-1,1,1,1,-1,1,1,1,-1,1,1,1,-1,1,1,1,-1,1,1,1,-1,1,1,1,-1,1,1,1,-1,1,1,1,-1,1,1,1,-1,1,1,1,-1,1,1,1,-1,1,1,1,-1,1,1,1,-1,1,1,1,-1,1,1,1,-1,1,1,1,-1,1,1,1,-1,1,1,1,-1,1,1,1,-1,1,1,1,-1,1,1,1,-1,1,1,1,-1,1,1,1,-1,1,1,1,-1,1,1,1,-1,1,1,1,-1,1,1,1,-1,1,1,1,-1,1,1,1,-1,1,1,1,-1,1,1,1,-1,1,1,1,-1,1,1,1,-1,1,1,1,-1,1,1,1,-1,1,1,1,-1,1,1,1,-1,1,1,1,-1,1,1,1,-1,1,1,1,-1,1,1,1,-1,1,1,1,-1,1,1,1,-1,1,1,1,-1,1,1,1,-1,1,1,1,-1,1,1,1,-1,1,1,1,-1,1,1,1,-1,1,1,1,-1,1,1,1,-1,1,1,1,-1,1,1,1,-1,1,1,1,-1,1,1,1,-1,1,1,1,-1,1,1,1,-1,1,1,1,-1,1,1,1,-1,1,1,1,-1,1,1,1,-1,1,1,1,-1,1,1,1,-1,1,1,1,-1,1,1,1,-1,1,1,1,-1,1,1,1,-1,1,1,1,-1,1,1,1,-1,1,1,1,-1,1,1,1,-1,1,1,1,-1,1,1,1,-1,1,1,1,-1,1,1,1,-1,1,1,1,-1,1,1,1,-1,1,1,1,-1,1,1,1,-1,1,1,1,-1,1,1,1,-1,1,1,1,-1,1,1,1,-1,1,1,1,-1,1,1,1,-1,1,1,1,-1,1,1,1,-1,1,1,1,-1,1,1,1,-1,1,1,1,-1,1,1,1,-1,1,1,1,-1,1,1,1,-1,1,1,1,-1,1,1,1,-1,1,1,1,-1,1,1,1,-1,1,1,1,-1,1,1,1,-1,1,1,1,-1,1,1,1,-1,1,1,1,-1,1,1,1,-1,1,1,1,-1,1,1,1,-1,1,1,1,-1,1,1,1,-1,1,1,1,-1,1,1,1,-1,1,1,1,-1,1,1,1,-1,1,1,1,-1,1,1,1,-1,1,1,1,-1,1,1,1,-1,1,1,1,-1,1,1,1,-1,1,1,1,-1,1,1,1,-1,1,1,1,-1,1,1,1,-1,1,1,1,-1,1,1,1,-1,1,1,1,-1,1,1,1,-1,1,1,1,-1,1,1,1,-1,1,1,1,-1,1,1,1,-1,1,1,1,-1,1,1,1,-1,1,1,1,-1,1,1,1,-1,1,1,1,-1,1,1,1,-1,1,1,1,-1,1,1,1,-1,1,1,1,-1,1,1,1,-1,1,1,1,-1,1,1,1,-1,1,1,1,-1,1,1,1,-1,1,1,1,-1,1,1,1,-1,1,1,1,-1,1,1,1,-1,1,1,1,-1,1,1,1,-1,1,1,1,-1,1,1,1,-1,1,1,1,-1,1,1,1,-1,1,1,1,-1,1,1,1,-1,1,1,1,-1,1,1,1,-1,1,1,1,-1,1,1,1,-1,1,1,1,-1,1,1,1,-1,1,1,1,-1,1,1,1,-1,1,1,1,-1,1,1,1,-1,1,1,1,-1,1,1,1,-1,1,1,1,-1,1,1,1,-1,1,1,1,-1,1,1,1,-1,1,1,1,-1,1,1,1,-1,1,1,1,-1,1,1,1,-1,1,1,1,-1,1,1,1,-1,1,1,1,-1,1,1,1,-1,1,1,1,-1,1,1,1,-1,1,1,1,-1,1,1,1,-1,1,1,1,-1,1,1,1,-1,1,1,1,-1,1,1,1,-1,1,1,1,-1,1,1,1,-1,1,1,1,-1,1,1,1,-1,1,1,1,-1,1,1,1,-1,1,1,1,-1,1,1,1,-1,1,1,1,-1,1,1,1,-1,1,1,1,-1,1,1,1,-1,1,1,1,-1,1,1,1,-1,1,1,1,-1,1,1,1,-1,1,1,1,-1,1,1,1,-1,1,1,1,-1,1,1,1,-1,1,1,1,-1,1,1,1,-1,1,1,1,-1,1,1,1,-1,1,1,1,-1,1,1,1,-1,1,1,1,-1,1,1,1,-1,1,1,1,-1,1,1,1,-1,1,1,1,-1,1,1,1,-1,1,1,1,-1,1,1,1,-1,1,1,1,-1,1,1,1,-1,1,1,1,-1,1,1,1,-1,1,1,1,-1,1,1,1,-1,1,1,1,-1,1,1,1,-1,1,1,1,-1,1,1,1,-1,1,1,1,-1,1,1,1,-1,1,1,1,-1,1,1,1,-1,1,1,1,-1,1,1,1,-1,1,1,1,-1,1,1,1,-1,1,1,1,-1,1,1,1,-1,1,1,1,-1,1,1,1,-1,1,1,1,-1,1,1,1,-1,1,1,1,-1,1,1,1,-1,1,1,1,-1,1,1,1,-1,1,1,1,-1,1,1,1,-1,1,1,1,-1,1,1,1,-1,1,1,1,-1,1,1,1,-1,1,1,1,-1,1,1,1,-1,1,1,1,-1,1,1,1,-1,1,1,1,-1,1,1,1,-1,1,1,1,-1,1,1,1,-1,1,1,1,-1,1,1,1,-1,1,1,1,-1,1,1,1,-1,1,1,1,-1,1,1,1,-1,1,1,1,-1,1,1,1,-1,1,1,1,-1,1,1,1,-1,1,1,1,-1,1,1,1,-1,1,1,1,-1,1,1,1,-1,1,1,1,-1,1,1,1,-1,1,1,1,-1,1,1,1,-1,1,1,1,-1,1,1,1,-1,1,1,1,-1,1,1,1,-1,1,1,1,-1,1,1,1,-1,1,1,1,-1,1,1,1,-1,1,1,1,-1,1,1,1,-1,1,1,1,-1,1,1,1,-1,1,1,1,-1,1,1,1,-1,1,1,1,-1,1,1,1,-1,1,1,1,-1,1,1,1,-1,1,1,1,-1,1,1,1,-1,1,1,1,-1,1,1,1,-1,1,1,1,-1,1,1,1,-1,1,1,1,-1,1,1,1,-1,1,1,1,-1,1,1,1,-1,1,1,1,-1,1,1,1,-1,1,1,1,-1,1,1,1,-1,1,1,1,-1,1,1,1,-1,1,1,1,-1,1,1,1,-1,1,1,1,-1,1,1,1,-1,1,1,1,-1,1,1,1,-1,1,1,1,-1,1,1,1,-1,1,1,1,-1,1,1,1,-1,1,1,1,-1,1,1,1,-1,1,1,1,-1,1,1,1,-1,1,1,1,-1,1,1,1,-1,1,1,1,-1,1,1,1,-1,1,1,1,-1,1,1,1,-1,1,1,1,-1,1,1,1,-1,1,1,1,-1,1,1,1,-1,1,1,1,-1,1,1,1,-1,1,1,1,-1,1,1,1,-1,1,1,1,-1,1,1,1,-1,1,1,1,-1,1,1,1,-1,1,1,1,-1,1,1,1,-1,1,1,1,-1,1,1,1,-1,1,1,1,-1,1,1,1,-1,1,1,1,-1,1,1,1,-1,1,1,1,-1,1,1,1,-1,1,1,1,-1,1,1,1,-1,1,1,1,-1,1,1,1,-1,1,1,1,-1,1,1,1,-1,1,1,1,-1,1,1,1,-1,1,1,1,-1,1,1,1,-1,1,1,1,-1,1,1,1,-1,1,1,1,-1,1,1,1,-1,1,1,1,-1,1,1,1,-1,1,1,1,-1,1,1,1,-1,1,1,1,-1,1,1,1,-1,1,1,1,-1,1,1,1,-1,1,1,1,-1,1,1,1,-1,1,1,1,-1,1,1,1,-1,1,1,1,-1,1,1,1,-1,1,1,1,-1,1,1,1,-1,1,1,1,-1,1,1,1,-1,1,1,1,-1,1,1,1,-1,1,1,1,-1,1,1,1,-1,1,1,1,-1,1,1,1,-1,1,1,1,-1,1,1,1,-1,1,1,1,-1,1,1,1,-1,1,1,1,-1,1,1,1,-1,1,1,1,-1,1,1,1,-1,1,1,1,-1,1,1,1,-1,1,1,1,-1,1,1,1,-1,1,1,1,-1,1,1,1,-1,1,1,1,-1,1,1,1,-1,1,1,1,-1,1,1,1,-1,1,1,1,-1,1,1,1,-1,1,1,1,-1,1,1,1,-1,1,1,1,-1,1,1,1,-1,1,1,1,-1,1,1,1,-1,1,1,1,-1,1,1,1,-1,1,1,1,-1,1,1,1,-1,1,1,1,-1,1,1,1,-1,1,1,1,-1,1,1,1,-1,1,1,1,-1,1,1,1,-1,1,1,1,-1,1,1,1,-1,1,1,1,-1,1,1,1,-1,1,1,1,-1,1,1,1,-1,1,1,1,-1,1,1,1,-1,1,1,1,-1,1,1,1,-1,1,1,1,-1,1,1,1,-1,1,1,1,-1,1,1,1,-1,1,1,1,-1,1,1,1,-1,1,1,1,-1,1,1,1,-1,1,1,1,-1,1,1,1,-1,1,1,1,-1,1,1,1,-1,1,1,1,-1,1,1,1,-1,1,1,1,-1,1,1,1,-1,1,1,1,-1,1,1,1,-1,1,1,1,-1,1,1,1,-1,1,1,1,-1,1,1,1,-1,1,1,1,-1,1,1,1,-1,1,1,1,-1,1,1,1,-1,1,1,1,-1,1,1,1,-1,1,1,1,-1,1,1,1,-1,1,1,1,-1,1,1,1,-1,1,1,1,-1,1,1,1,-1,1,1,1,-1,1,1,1,-1,1,1,1,-1,1,1,1,-1,1,1,1,-1,1,1,1,-1,1,1,1,-1,1,1,1,-1,1,1,1,-1,1,1,1,-1,1,1,1,-1,1,1,1,-1,1,1,1,-1,1,1,1,-1,1,1,1,-1,1,1,1,-1,1,1,1,-1,1,1,1,-1,1,1,1,-1,1,1,1,-1,1,1,1,-1,1,1,1,-1,1,1,1,-1,1,1,1,-1,1,1,1,-1,1,1,1,-1,1,1,1,-1,1,1,1,-1,1,1,1,-1,1,1,1,-1,1,1,1,-1,1,1,1,-1,1,1,1,-1,1,1,1,-1,1,1,1,-1,1,1,1,-1,1,1,1,-1,1,1,1,-1,1,1,1,-1,1,1,1,-1,1,1,1,-1,1,1,1,-1,1,1,1,-1,1,1,1,-1,1,1,1,-1,1,1,1,-1,1,1,1,-1,1,1,1,-1,1,1,1,-1,1,1,1,-1,1,1,1,-1,1,1,1,-1,1,1,1,-1,1,1,1,-1,1,1,1,-1,1,1,1,-1,1,1,1,-1,1,1,1,-1,1,1,1,-1,1,1,1,-1,1,1,1,-1,1,1,1,-1,1,1,1,-1,1,1,1,-1,1,1,1,-1,1,1,1,-1,1,1,1,-1,1,1,1,-1,1,1,1,-1,1,1,1,-1,1,1,1,-1,1,1,1,-1,1,1,1,-1,1,1,1,-1,1,1,1,-1,1,1,1,-1,1,1,1,-1,1,1,1,-1,1,1,1,-1,1,1,1,-1,1,1,1,-1,1,1,1,-1,1,1,1,-1,1,1,1,-1,1,1,1,-1,1,1,1,-1,1,1,1,-1,1,1,1,-1,1,1,1,-1,1,1,1,-1,1,1,1,-1,1,1,1,-1,1,1,1,-1,1,1,1,-1,1,1,1,-1,1,1,1,-1,1,1,1,-1,1,1,1,-1,1,1,1,-1,1,1,1,-1,1,1,1,-1,1,1,1,-1,1,1,1,-1,1,1,1,-1,1,1,1,-1,1,1,1,-1,1,1,1,-1,1,1,1,-1,1,1,1,-1,1,1,1,-1,1,1,1,-1,1,1,1,-1,1,1,1,-1,1,1,1,-1,1,1,1,-1,1,1,1,-1,1,1,1,-1,1,1,1,-1,1,1,1,-1,1,1,1,-1,1,1,1,-1,1,1,1,-1,1,1,1,-1,1,1,1,-1,1,1,1,-1,1,1,1,-1,1,1,1,-1,1,1,1,-1,1,1,1,-1,1,1,1,-1,1,1,1,-1,1,1,1,-1,1,1,1,-1,1,1,1,-1,1,1,1,-1,1,1,1,-1,1,1,1,-1,1,1,1,-1,1,1,1,-1,1,1,1,-1,1,1,1,-1,1,1,1,-1,1,1,1,-1,1,1,1,-1,1,1,1,-1,1,1,1,-1,1,1,1,-1,1,1,1,-1,1,1,1,-1,1,1,1,-1,1,1,1,-1,1,1,1,-1,1,1,1,-1,1,1,1,-1,1,1,1,-1,1,1,1,-1,1,1,1,-1,1,1,1,-1,1,1,1,-1,1,1,1,-1,1,1,1,-1,1,1,1,-1,1,1,1,-1,1,1,1,-1,1,1,1,-1,1,1,1,-1,1,1,1,-1,1,1,1,-1,1,1,1,-1,1,1,1,-1,1,1,1,-1,1,1,1,-1,1,1,1,-1,1,1,1,-1,1,1,1,-1,1,1,1,-1,1,1,1,-1,1,1,1,-1,1,1,1,-1,1,1,1,-1,1,1,1,-1,1,1,1,-1,1,1,1,-1,1,1,1,-1,1,1,1,-1,1,1,1,-1,1,1,1,-1,1,1,1,-1,1,1,1,-1,1,1,1,-1,1,1,1,-1,1,1,1,-1,1,1,1,-1,1,1,1,-1,1,1,1,-1,1,1,1,-1,1,1,1,-1,1,1,1,-1,1,1,1,-1,1,1,1,-1,1,1,1,-1,1,1,1,-1,1,1,1,-1,1,1,1,-1,1,1,1,-1,1,1,1,-1,1,1,1,-1,1,1,1,-1,1,1,1,-1,1,1,1,-1,1,1,1,-1,1,1,1,-1,1,1,1,-1,1,1,1,-1,1,1,1,-1,1,1,1,-1,1,1,1,-1,1,1,1,-1,1,1,1,-1,1,1,1,-1,1,1,1,-1,1,1,1,-1,1,1,1,-1,1,1,1,-1,1,1,1,-1,1,1,1,-1,1,1,1,-1,1,1,1,-1,1,1,1,-1,1,1,1,-1,1,1,1,-1,1,1,1,-1,1,1,1,-1,1,1,1,-1,1,1,1,-1,1,1,1,-1,1,1,1,-1,1,1,1,-1,1,1,1,-1,1,1,1,-1,1,1,1,-1,1,1,1,-1,1,1,1,-1,1,1,1,-1,1,1,1,-1,1,1,1,-1,1,1,1,-1,1,1,1,-1,1,1,1,-1,1,1,1,-1,1,1,1,-1,1,1,1,-1,1,1,1,-1,1,1,1,-1,1,1,1,-1,1,1,1,-1,1,1,1,-1,1,1,1,-1,1,1,1,-1,1,1,1,-1,1,1,1,-1,1,1,1,-1,1,1,1,-1,1,1,1,-1,1,1,1,-1,1,1,1,-1,1,1,1,-1,1,1,1,-1,1,1,1,-1,1,1,1,-1,1,1,1,-1,1,1,1,-1,1,1,1,-1,1,1,1,-1,1,1,1,-1,1,1,1,-1,1,1,1,-1,1,1,1,-1,1,1,1,-1,1,1,1,-1,1,1,1,-1,1,1,1,-1,1,1,1,-1,1,1,1,-1,1,1,1,-1,1,1,1,-1,1,1,1,-1,1,1,1,-1,1,1,1,-1,1,1,1,-1,1,1,1,-1,1,1,1,-1,1,1,1,-1,1,1,1,-1,1,1,1,-1,1,1,1,-1,1,1,1,-1,1,1,1,-1,1,1,1,-1,1,1,1,-1,1,1,1,-1,1,1,1,-1,1,1,1,-1,1,1,1,-1,1,1,1,-1,1,1,1,-1,1,1,1,-1,1,1,1,-1,1,1,1,-1,1,1,1,-1,1,1,1,-1,1,1,1,-1,1,1,1,-1,1,1,1,-1,1,1,1,-1,1,1,1,-1,1,1,1,-1,1,1,1,-1,1,1,1,-1,1,1,1,-1,1,1,1,-1,1,1,1,-1,1,1,1,-1,1,1,1,-1,1,1,1,-1,1,1,1,-1,1,1,1,-1,1,1,1,-1,1,1,1,-1,1,1,1,-1,1,1,1,-1,1,1,1,-1,1,1,1,-1,1,1,1,-1,1,1,1,-1,1,1,1,-1,1,1,1,-1,1,1,1,-1,1,1,1,-1,1,1,1,-1,1,1,1,-1,1,1,1,-1,1,1,1,-1,1,1,1,-1,1,1,1,-1,1,1,1,-1,1,1,1,-1,1,1,1,-1,1,1,1,-1,1,1,1,-1,1,1,1,-1,1,1,1,-1,1,1,1,-1,1,1,1,-1,1,1,1,-1,1,1,1,-1,1,1,1,-1,1,1,1,-1,1,1,1,-1,1,1,1,-1,1,1,1,-1,1,1,1,-1,1,1,1,-1,1,1,1,-1,1,1,1,-1,1,1,1,-1,1,1,1,-1,1,1,1,-1,1,1,1,-1,1,1,1,-1,1,1,1,-1,1,1,1,-1,1,1,1,-1,1,1,1,-1,1,1,1,-1,1,1,1,-1,1,1,1,-1,1,1,1,-1,1,1,1,-1,1,1,1,-1,1,1,1,-1,1,1,1,-1,1,1,1,-1,1,1,1,-1,1,1,1,-1,1,1,1,-1,1,1,1,-1,1,1,1,-1,1,1,1,-1,1,1,1,-1,1,1,1,-1,1,1,1,-1,1,1,1,-1,1,1,1,-1,1,1,1,-1,1,1,1,-1,1,1,1,-1,1,1,1,-1,1,1,1,-1,1,1,1,-1,1,1,1,-1,1,1,1,-1,1,1,1,-1,1,1,1,-1,1,1,1,-1,1,1,1,-1,1,1,1,-1,1,1,1,-1,1,1,1,-1,1,1,1,-1,1,1,1,-1,1,1,1,-1,1,1,1,-1,1,1,1,-1,1,1,1,-1,1,1,1,-1,1,1,1,-1,1,1,1,-1,1,1,1,-1,1,1,1,-1,1,1,1,-1,1,1,1,-1,1,1,1,-1,1,1,1,-1,1,1,1,-1,1,1,1,-1,1,1,1,-1,1,1,1,-1,1,1,1,-1,1,1,1,-1,1,1,1,-1,1,1,1,-1,1,1,1,-1,1,1,1,-1,1,1,1,-1,1,1,1,-1,1,1,1,-1,1,1,1,-1,1,1,1,-1,1,1,1,-1,1,1,1,-1,1,1,1,-1,1,1,1,-1,1,1,1,-1,1,1,1,-1,1,1,1,-1,1,1,1,-1,1,1,1,-1,1,1,1,-1,1,1,1,-1,1,1,1,-1,1,1,1,-1,1,1,1,-1,1,1,1,-1,1,1,1,-1,1,1,1,-1,1,1,1,-1,1,1,1,-1,1,1,1,-1,1,1,1,-1,1,1,1,-1,1,1,1,-1,1,1,1,-1,1,1,1,-1,1,1,1,-1,1,1,1,-1,1,1,1,-1,1,1,1,-1,1,1,1,-1,1,1,1,-1,1,1,1,-1,1,1,1,-1,1,1,1,-1,1,1,1,-1,1,1,1,-1,1,1,1,-1,1,1,1,-1,1,1,1,-1,1,1,1,-1,1,1,1,-1,1,1,1,-1,1,1,1,-1,1,1,1,-1,1,1,1,-1,1,1,1,-1,1,1,1,-1,1,1,1,-1,1,1,1,-1,1,1,1,-1,1,1,1,-1,1,1,1,-1,1,1,1,-1,1,1,1,-1,1,1,1,-1,1,1,1,-1,1,1,1,-1,1,1,1,-1,1,1,1,-1,1,1,1,-1,1,1,1,-1,1,1,1,-1,1,1,1,-1,1,1,1,-1,1,1,1,-1,1,1,1,-1,1,1,1,-1,1,1,1,-1,1,1,1,-1,1,1,1,-1,1,1,1,-1,1,1,1,-1,1,1,1,-1,1,1,1,-1,1,1,1,-1,1,1,1,-1,1,1,1,-1,1,1,1,-1,1,1,1,-1,1,1,1,-1,1,1,1,-1,1,1,1,-1,1,1,1,-1,1,1,1,-1,1,1,1,-1,1,1,1,-1,1,1,1,-1,1,1,1,-1,1,1,1,-1,1,1,1,-1,1,1,1,-1,1,1,1,-1,1,1,1,-1,1,1,1,-1,1,1,1,-1,1,1,1,-1,1,1,1,-1,1,1,1,-1,1,1,1,-1,1,1,1,-1,1,1,1,-1,1,1,1,-1,1,1,1,-1,1,1,1,-1,1,1,1,-1,1,1,1,-1,1,1,1,-1,1,1,1,-1,1,1,1,-1,1,1,1,-1,1,1,1,-1,1,1,1,-1,1,1,1,-1,1,1,1,-1,1,1,1,-1,1,1,1,-1,1,1,1,-1,1,1,1,-1,1,1,1,-1,1,1,1,-1,1,1,1,-1,1,1,1,-1,1,1,1,-1,1,1,1,-1,1,1,1,-1,1,1,1,-1,1,1,1,-1,1,1,1,-1,1,1,1,-1,1,1,1,-1,1,1,1,-1,1,1,1,-1,1,1,1,-1,1,1,1,-1,1,1,1,-1,1,1,1,-1,1,1,1,-1,1,1,1,-1,1,1,1,-1,1,1,1,-1,1,1,1,-1,1,1,1,-1,1,1,1,-1,1,1,1,-1,1,1,1,-1,1,1,1,-1,1,1,1,-1,1,1,1,-1,1,1,1,-1,1,1,1,-1,1,1,1,-1,1,1,1,-1,1,1,1,-1,1,1,1,-1,1,1,1,-1,1,1,1,-1,1,1,1,-1,1,1,1,-1,1,1,1,-1,1,1,1,-1,1,1,1,-1,1,1,1,-1,1,1,1,-1,1,1,1,-1,1,1,1,-1,1,1,1,-1,1,1,1,-1,1,1,1,-1,1,1,1,-1,1,1,1,-1,1,1,1,-1,1,1,1,-1,1,1,1,-1,1,1,1,-1,1,1,1,-1,1,1,1,-1,1,1,1,-1,1,1,1,-1,1,1,1,-1,1,1,1,-1,1,1,1,-1,1,1,1,-1,1,1,1,-1,1,1,1,-1,1,1,1,-1,1,1,1,-1,1,1,1,-1,1,1,1,-1,1,1,1,-1,1,1,1,-1,1,1,1,-1,1,1,1,-1,1,1,1,-1,1,1,1,-1,1,1,1,-1,1,1,1,-1,1,1,1,-1,1,1,1,-1,1,1,1,-1,1,1,1,-1,1,1,1,-1,1,1,1,-1,1,1,1,-1,1,1,1,-1,1,1,1,-1,1,1,1,-1,1,1,1,-1,1,1,1,-1,1,1,1,-1,1,1,1,-1,1,1,1,-1,1,1,1,-1,1,1,1,-1,1,1,1,-1,1,1,1,-1,1,1,1,-1,1,1,1,-1,1,1,1,-1,1,1,1,-1,1,1,1,-1,1,1,1,-1,1,1,1,-1,1,1,1,-1,1,1,1,-1,1,1,1,-1,1,1,1,-1,1,1,1,-1,1,1,1,-1,1,1,1,-1,1,1,1,-1,1,1,1,-1,1,1,1,-1,1,1,1,-1,1,1,1,-1,1,1,1,-1,1,1,1,-1,1,1,1,-1,1,1,1,-1,1,1,1,-1,1,1,1,-1,1,1,1,-1,1,1,1,-1,1,1,1,-1,1,1,1,-1,1,1,1,-1,1,1,1,-1,1,1,1,-1,1,1,1,-1,1,1,1,-1,1,1,1,-1,1,1,1,-1,1,1,1,-1,1,1,1,-1,1,1,1,-1,1,1,1,-1,1,1,1,-1,1,1,1,-1,1,1,1,-1,1,1,1,-1,1,1,1,-1,1,1,1,-1,1,1,1,-1,1,1,1,-1,1,1,1,-1,1,1,1,-1,1,1,1,-1,1,1,1,-1,1,1,1,-1,1,1,1,-1,1,1,1,-1,1,1,1,-1,1,1,1,-1,1,1,1,-1,1,1,1,-1,1,1,1,-1,1,1,1,-1,1,1,1,-1,1,1,1,-1,1,1,1,-1,1,1,1,-1,1,1,1,-1,1,1,1,-1,1,1,1,-1,1,1,1,-1,1,1,1,-1,1,1,1,-1,1,1,1,-1,1,1,1,-1,1,1,1,-1,1,1,1,-1,1,1,1,-1,1,1,1,-1,1,1,1,-1,1,1,1,-1,1,1,1,-1,1,1,1,-1,1,1,1,-1,1,1,1,-1,1,1,1,-1,1,1,1,-1,1,1,1,-1,1,1,1,-1,1,1,1,-1,1,1,1,-1,1,1,1,-1,1,1,1,-1,1,1,1,-1,1,1,1,-1,1,1,1,-1,1,1,1,-1,1,1,1,-1,1,1,1,-1,1,1,1,-1,1,1,1,-1,1,1,1,-1,1,1,1,-1,1,1,1,-1,1,1,1,-1,1,1,1,-1,1,1,1,-1,1,1,1,-1,1,1,1,-1,1,1,1,-1,1,1,1,-1,1,1,1,-1,1,1,1,-1,1,1,1,-1,1,1,1,-1,1,1,1,-1,1,1,1,-1,1,1,1,-1,1,1,1,-1,1,1,1,-1,1,1,1,-1,1,1,1,-1,1,1,1,-1,1,1,1,-1,1,1,1,-1,1,1,1,-1,1,1,1,-1,1,1,1,-1,1,1,1,-1,1,1,1,-1,1,1,1,-1,1,1,1,-1,1,1,1,-1,1,1,1,-1,1,1,1,-1,1,1,1,-1,1,1,1,-1,1,1,1,-1,1,1,1,-1,1,1,1,-1,1,1,1,-1,1,1,1,-1,1,1,1,-1,1,1,1,-1,1,1,1,-1,1,1,1,-1,1,1,1,-1,1,1,1,-1,1,1,1,-1,1,1,1,-1,1,1,1,-1,1,1,1,-1,1,1,1,-1,1,1,1,-1,1,1,1,-1,1,1,1,-1,1,1,1,-1,1,1,1,-1,1,1,1,-1,1,1,1,-1,1,1,1,-1,1,1,1,-1,1,1,1,-1,1,1,1,-1,1,1,1,-1,1,1,1,-1,1,1,1,-1,1,1,1,-1,1,1,1,-1,1,1,1,-1,1,1,1,-1,1,1,1,-1,1,1,1,-1,1,1,1,-1,1,1,1,-1,1,1,1,-1,1,1,1,-1,1,1,1,-1,1,1,1,-1,1,1,1,-1,1,1,1,-1,1,1,1,-1,1,1,1,-1,1,1,1,-1,1,1,1,-1,1,1,1,-1,1,1,1,-1,1,1,1,-1,1,1,1,-1,1,1,1,-1,1,1,1,-1,1,1,1,-1,1,1,1,-1,1,1,1,-1,1,1,1,-1,1,1,1,-1,1,1,1,-1,1,1,1,-1,1,1,1,-1,1,1,1,-1,1,1,1,-1,1,1,1,-1,1,1,1,-1,1,1,1,-1,1,1,1,-1,1,1,1,-1,1,1,1,-1,1,1,1,-1,1,1,1,-1,1,1,1,-1,1,1,1,-1,1,1,1,-1,1,1,1,-1,1,1,1,-1,1,1,1,-1,1,1,1,-1,1,1,1,-1,1,1,1,-1,1,1,1,-1,1,1,1,-1,1,1,1,-1,1,1,1,-1,1,1,1,-1,1,1,1,-1,1,1,1,-1,1,1,1,-1,1,1,1,-1,1,1,1,-1,1,1,1,-1,1,1,1,-1,1,1,1,-1,1,1,1,-1,1,1,1,-1,1,1,1,-1,1,1,1,-1,1,1,1,-1,1,1,1,-1,1,1,1,-1,1,1,1,-1,1,1,1,-1,1,1,1,-1,1,1,1,-1,1,1,1,-1,1,1,1,-1,1,1,1,-1,1,1,1,-1,1,1,1,-1,1,1,1,-1,1,1,1,-1,1,1,1,-1,1,1,1,-1,1,1,1,-1,1,1,1,-1,1,1,1,-1,1,1,1,-1,1,1,1,-1,1,1,1,-1,1,1,1,-1,1,1,1,-1,1,1,1,-1,1,1,1,-1,1,1,1,-1,1,1,1,-1,1,1,1,-1,1,1,1,-1,1,1,1,-1,1,1,1,-1,1,1,1,-1,1,1,1,-1,1,1,1,-1,1,1,1,-1,1,1,1,-1,1,1,1,-1,1,1,1,-1,1,1,1,-1,1,1,1,-1,1,1,1,-1,1,1,1,-1,1,1,1,-1,1,1,1,-1,1,1,1,-1,1,1,1,-1,1,1,1,-1,1,1,1,-1,1,1,1,-1,1,1,1,-1,1,1,1,-1,1,1,1,-1,1,1,1,-1,1,1,1,-1,1,1,1,-1,1,1,1,-1,1,1,1,-1,1,1,1,-1,1,1,1,-1,1,1,1,-1,1,1,1,-1,1,1,1,-1,1,1,1,-1,1,1,1,-1,1,1,1,-1,1,1,1,-1,1,1,1,-1,1,1,1,-1,1,1,1,-1,1,1,1,-1,1,1,1,-1,1,1,1,-1,1,1,1,-1,1,1,1,-1,1,1,1,-1,1,1,1,-1,1,1,1,-1,1,1,1,-1,1,1,1,-1,1,1,1,-1,1,1,1,-1,1,1,1,-1,1,1,1,-1,1,1,1,-1,1,1,1,-1,1,1,1,-1,1,1,1,-1,1,1,1,-1,1,1,1,-1,1,1,1,-1,1,1,1,-1,1,1,1,-1,1,1,1,-1,1,1,1,-1,1,1,1,-1,1,1,1,-1,1,1,1,-1,1,1,1,-1,1,1,1,-1,1,1,1,-1,1,1,1,-1,1,1,1,-1,1,1,1,-1,1,1,1,-1,1,1,1,-1,1,1,1,-1,1,1,1,-1,1,1,1,-1,1,1,1,-1,1,1,1,-1,1,1,1,-1,1,1,1,-1,1,1,1,-1,1,1,1,-1,1,1,1,-1,1,1,1,-1,1,1,1,-1,1,1,1,-1,1,1,1,-1,1,1,1,-1,1,1,1,-1,1,1,1,-1,1,1,1,-1,1,1,1,-1,1,1,1,-1,1,1,1,-1,1,1,1,-1,1,1,1,-1,1,1,1,-1,1,1,1,-1,1,1,1,-1,1,1,1,-1,1,1,1,-1,1,1,1,-1,1,1,1,-1,1,1,1,-1,1,1,1,-1,1,1,1,-1,1,1,1,-1,1,1,1,-1,1,1,1,-1,1,1,1,-1,1,1,1,-1,1,1,1,-1,1,1,1,-1,1,1,1,-1,1,1,1,-1,1,1,1,-1,1,1,1,-1,1,1,1,-1,1,1,1,-1,1,1,1,-1,1,1,1,-1,1,1,1,-1,1,1,1,-1,1,1,1,-1,1,1,1,-1,1,1,1,-1,1,1,1,-1,1,1,1,-1,1,1,1,-1,1,1,1,-1,1,1,1,-1,1,1,1,-1,1,1,1,-1,1,1,1,-1,1,1,1,-1,1,1,1,-1,1,1,1,-1,1,1,1,-1,1,1,1,-1,1,1,1,-1,1,1,1,-1,1,1,1,-1,1,1,1,-1,1,1,1,-1,1,1,1,-1,1,1,1,-1,1,1,1,-1,1,1,1,-1,1,1,1,-1,1,1,1,-1,1,1,1,-1,1,1,1,-1,1,1,1,-1,1,1,1,-1,1,1,1,-1,1,1,1,-1,1,1,1,-1,1,1,1,-1,1,1,1,-1,1,1,1,-1,1,1,1,-1,1,1,1,-1,1,1,1,-1,1,1,1,-1,1,1,1,-1,1,1,1,-1,1,1,1,-1,1,1,1,-1,1,1,1,-1,1,1,1,-1,1,1,1,-1,1,1,1,-1,1,1,1,-1,1,1,1,-1,1,1,1,-1,1,1,1,-1,1,1,1,-1,1,1,1,-1,1,1,1,-1,1,1,1,-1,1,1,1,-1,1,1,1,-1,1,1,1,-1,1,1,1,-1,1,1,1,-1,1,1,1,-1,1,1,1,-1,1,1,1,-1,1,1,1,-1,1,1,1,-1,1,1,1,-1,1,1,1,-1,1,1,1,-1,1,1,1,-1,1,1,1,-1,1,1,1,-1,1,1,1,-1,1,1,1,-1,1,1,1,-1,1,1,1,-1,1,1,1,-1,1,1,1,-1,1,1,1,-1,1,1,1,-1,1,1,1,-1,1,1,1,-1,1,1,1,-1,1,1,1,-1,1,1,1,-1,1,1,1,-1,1,1,1,-1,1,1,1,-1,1,1,1,-1,1,1,1,-1,1,1,1,-1,1,1,1,-1,1,1,1,-1,1,1,1,-1,1,1,1,-1,1,1,1,-1,1,1,1,-1,1,1,1,-1,1,1,1,-1,1,1,1,-1,1,1,1,-1,1,1,1,-1,1,1,1,-1,1,1,1,-1,1,1,1,-1,1,1,1,-1,1,1,1,-1,1,1,1,-1,1,1,1,-1,1,1,1,-1,1,1,1,-1,1,1,1,-1,1,1,1,-1,1,1,1,-1,1,1,1,-1,1,1,1,-1,1,1,1,-1,1,1,1,-1,1,1,1,-1,1,1,1,-1,1,1,1,-1,1,1,1,-1,1,1,1,-1,1,1,1,-1,1,1,1,-1,1,1,1,-1,1,1,1,-1,1,1,1,-1,1,1,1,-1,1,1,1,-1,1,1,1,-1,1,1,1,-1,1,1,1,-1,1,1,1,-1,1,1,1,-1,1,1,1,-1,1,1,1,-1,1,1,1,-1,1,1,1,-1,1,1,1,-1,1,1,1,-1,1,1,1,-1,1,1,1,-1,1,1,1,-1,1,1,1,-1,1,1,1,-1,1,1,1,-1,1,1,1,-1,1,1,1,-1,1,1,1,-1,1,1,1,-1,1,1,1,-1,1,1,1,-1,1,1,1,-1,1,1,1,-1,1,1,1,-1,1,1,1,-1,1,1,1,-1,1,1,1,-1,1,1,1,-1,1,1,1,-1,1,1,1,-1,1,1,1,-1,1,1,1,-1,1,1,1,-1,1,1,1,-1,1,1,1,-1,1,1,1,-1,1,1,1,-1,1,1,1,-1,1,1,1,-1,1,1,1,-1,1,1,1,-1,1,1,1,-1,1,1,1,-1,1,1,1,-1,1,1,1,-1,1,1,1,-1,1,1,1,-1,1,1,1,-1,1,1,1,-1,1,1,1,-1,1,1,1,-1,1,1,1,-1,1,1,1,-1,1,1,1,-1,1,1,1,-1,1,1,1,-1,1,1,1,-1,1,1,1,-1,1,1,1,-1,1,1,1,-1,1,1,1,-1,1,1,1,-1,1,1,1,-1,1,1,1,-1,1,1,1,-1,1,1,1,-1,1,1,1,-1,1,1,1,-1,1,1,1,-1,1,1,1,-1,1,1,1,-1,1,1,1,-1,1,1,1,-1,1,1,1,-1,1,1,1,-1,1,1,1,-1,1,1,1,-1,1,1,1,-1,1,1,1,-1,1,1,1,-1,1,1,1,-1,1,1,1,-1,1,1,1,-1,1,1,1,-1,1,1,1,-1,1,1,1,-1,1,1,1,-1,1,1,1,-1,1,1,1,-1,1,1,1,-1,1,1,1,-1,1,1,1,-1,1,1,1,-1,1,1,1,-1,1,1,1,-1,1,1,1,-1,1,1,1,-1,1,1,1,-1,1,1,1,-1,1,1,1,-1,1,1,1,-1,1,1,1,-1,1,1,1,-1,1,1,1,-1,1,1,1,-1,1,1,1,-1,1,1,1,-1,1,1,1,-1,1,1,1,-1,1,1,1,-1,1,1,1,-1,1,1,1,-1,1,1,1,-1,1,1,1,-1,1,1,1,-1,1,1,1,-1,1,1,1,-1,1,1,1,-1,1,1,1,-1,1,1,1,-1,1,1,1,-1,1,1,1,-1,1,1,1,-1,1,1,1,-1,1,1,1,-1,1,1,1,-1,1,1,1,-1,1,1,1,-1,1,1,1,-1,1,1,1,-1,1,1,1,-1,1,1,1,-1,1,1,1,-1,1,1,1,-1,1,1,1,-1,1,1,1,-1,1,1,1,-1,1,1,1,-1,1,1,1,-1,1,1,1,-1,1,1,1,-1,1,1,1,-1,1,1,1,-1,1,1,1,-1,1,1,1,-1,1,1,1,-1,1,1,1,-1,1,1,1,-1,1,1,1,-1,1,1,1,-1,1,1,1,-1,1,1,1,-1,1,1,1,-1,1,1,1,-1,1,1,1,-1,1,1,1,-1,1,1,1,-1,1,1,1,-1,1,1,1,-1,1,1,1,-1,1,1,1,-1,1,1,1,-1,1,1,1,-1,1,1,1,-1,1,1,1,-1,1,1,1,-1,1,1,1,-1,1,1,1,-1,1,1,1,-1,1,1,1,-1,1,1,1,-1,1,1,1,-1,1,1,1,-1,1,1,1,-1,1,1,1,-1,1,1,1,-1,1,1,1,-1,1,1,1,-1,1,1,1,-1,1,1,1,-1,1,1,1,-1,1,1,1,-1,1,1,1,-1,1,1,1,-1,1,1,1,-1,1,1,1,-1,1,1,1,-1,1,1,1,-1,1,1,1,-1,1,1,1,-1,1,1,1,-1,1,1,1,-1,1,1,1,-1,1,1,1,-1,1,1,1,-1,1,1,1,-1,1,1,1,-1,1,1,1,-1,1,1,1,-1,1,1,1,-1,1,1,1,-1,1,1,1,-1,1,1,1,-1,1,1,1,-1,1,1,1,-1,1,1,1,-1,1,1,1,-1,1,1,1,-1,1,1,1,-1,1,1,1,-1,1,1,1,-1,1,1,1,-1,1,1,1,-1,1,1,1,-1,1,1,1,-1,1,1,1,-1,1,1,1,-1,1,1,1,-1,1,1,1,-1,1,1,1,-1,1,1,1,-1,1,1,1,-1,1,1,1,-1,1,1,1,-1,1,1,1,-1,1,1,1,-1,1,1,1,-1,1,1,1,-1,1,1,1,-1,1,1,1,-1,1,1,1,-1,1,1,1,-1,1,1,1,-1,1,1,1,-1,1,1,1,-1,1,1,1,-1,1,1,1,-1,1,1,1,-1,1,1,1,-1,1,1,1,-1,1,1,1,-1,1,1,1,-1,1,1,1,-1,1,1,1,-1,1,1,1,-1,1,1,1,-1,1,1,1,-1,1,1,1,-1,1,1,1,-1,1,1,1,-1,1,1,1,-1,1,1,1,-1,1,1,1,-1,1,1,1,-1,1,1,1,-1,1,1,1,-1,1,1,1,-1,1,1,1,-1,1,1,1,-1,1,1,1,-1,1,1,1,-1,1,1,1,-1,1,1,1,-1,1,1,1,-1,1,1,1,-1,1,1,1,-1,1,1,1,-1,1,1,1,-1,1,1,1,-1,1,1,1,-1,1,1,1,-1,1,1,1,-1,1,1,1,-1,1,1,1,-1,1,1,1,-1,1,1,1,-1,1,1,1,-1,1,1,1,-1,1,1,1,-1,1,1,1,-1,1,1,1,-1,1,1,1,-1,1,1,1,-1,1,1,1,-1,1,1,1,-1,1,1,1,-1,1,1,1,-1,1,1,1,-1,1,1,1,-1,1,1,1,-1,1,1,1,-1,1,1,1,-1,1,1,1,-1,1,1,1,-1,1,1,1,-1,1,1,1,-1,1,1,1,-1,1,1,1,-1,1,1,1,-1,1,1,1,-1,1,1,1,-1,1,1,1,-1,1,1,1,-1,1,1,1,-1,1,1,1,-1,1,1,1,-1,1,1,1,-1,1,1,1,-1,1,1,1,-1,1,1,1,-1,1,1,1,-1,1,1,1,-1,1,1,1,-1,1,1,1,-1,1,1,1,-1,1,1,1,-1,1,1,1,-1,1,1,1,-1,1,1,1,-1,1,1,1,-1,1,1,1,-1,1,1,1,-1,1,1,1,-1,1,1,1,-1,1,1,1,-1,1,1,1,-1,1,1,1,-1,1,1,1,-1,1,1,1,-1,1,1,1,-1,1,1,1,-1,1,1,1,-1,1,1,1,-1,1,1,1,-1,1,1,1,-1,1,1,1,-1,1,1,1,-1,1,1,1,-1,1,1,1,-1,1,1,1,-1,1,1,1,-1,1,1,1,-1,1,1,1,-1,1,1,1,-1,1,1,1,-1,1,1,1,-1,1,1,1,-1,1,1,1,-1,1,1,1,-1,1,1,1,-1,1,1,1,-1,1,1,1,-1,1,1,1,-1,1,1,1,-1,1,1,1,-1,1,1,1,-1,1,1,1,-1,1,1,1,-1,1,1,1,-1,1,1,1,-1,1,1,1,-1,1,1,1,-1,1,1,1,-1,1,1,1,-1,1,1,1,-1,1,1,1,-1,1,1,1,-1,1,1,1,-1,1,1,1,-1,1,1,1,-1,1,1,1,-1,1,1,1,-1,1,1,1,-1,1,1,1,-1,1,1,1,-1,1,1,1,-1,1,1,1,-1,1,1,1,-1,1,1,1,-1,1,1,1,-1,1,1,1,-1,1,1,1,-1,1,1,1,-1,1,1,1,-1,1,1,1,-1,1,1,1,-1,1,1,1,-1,1,1,1,-1,1,1,1,-1,1,1,1,-1,1,1,1,-1,1,1,1,-1,1,1,1,-1,1,1,1,-1,1,1,1,-1,1,1,1,-1,1,1,1,-1,1,1,1,-1,1,1,1,-1,1,1,1,-1,1,1,1,-1,1,1,1,-1,1,1,1,-1,1,1,1,-1,1,1,1,-1,1,1,1,-1,1,1,1,-1,1,1,1,-1,1,1,1,-1,1,1,1,-1,1,1,1,-1,1,1,1,-1,1,1,1,-1,1,1,1,-1,1,1,1,-1,1,1,1,-1,1,1,1,-1,1,1,1,-1,1,1,1,-1,1,1,1,-1,1,1,1,-1,1,1,1,-1,1,1,1,-1,1,1,1,-1,1,1,1,-1,1,1,1,-1,1,1,1,-1,1,1,1,-1,1,1,1,-1,1,1,1,-1,1,1,1,-1,1,1,1,-1,1,1,1,-1,1,1,1,-1,1,1,1,-1,1,1,1,-1,1,1,1,-1,1,1,1,-1,1,1,1,-1,1,1,1,-1,1,1,1,-1,1,1,1,-1,1,1,1,-1,1,1,1,-1,1,1,1,-1,1,1,1,-1,1,1,1,-1,1,1,1,-1,1,1,1,-1,1,1,1,-1,1,1,1,-1,1,1,1,-1,1,1,1,-1,1,1,1,-1,1,1,1,-1,1,1,1,-1,1,1,1,-1,1,1,1,-1,1,1,1,-1,1,1,1,-1,1,1,1,-1,1,1,1,-1,1,1,1,-1,1,1,1,-1,1,1,1,-1,1,1,1,-1,1,1,1,-1,1,1,1,-1,1,1,1,-1,1,1,1,-1,1,1,1,-1,1,1,1,-1,1,1,1,-1,1,1,1,-1,1,1,1,-1,1,1,1,-1,1,1,1,-1,1,1,1,-1,1,1,1,-1,1,1,1,-1,1,1,1,-1,1,1,1,-1,1,1,1,-1,1,1,1,-1,1,1,1,-1,1,1,1,-1,1,1,1,-1,1,1,1,-1,1,1,1,-1,1,1,1,-1,1,1,1,-1,1,1,1,-1,1,1,1,-1,1,1,1,-1,1,1,1,-1,1,1,1,-1,1,1,1,-1,1,1,1,-1,1,1,1,-1,1,1,1,-1,1,1,1,-1,1,1,1,-1,1,1,1,-1,1,1,1,-1,1,1,1,-1,1,1,1,-1,1,1,1,-1,1,1,1,-1,1,1,1,-1,1,1,1,-1,1,1,1,-1,1,1,1,-1,1,1,1,-1,1,1,1,-1,1,1,1,-1,1,1,1,-1,1,1,1,-1,1,1,1,-1,1,1,1                        ]
                      }
                    }
                  ]
                }
              ]
            }
          ]
        }
      ]
    }
    Group {
      children [
        Group {
          children [
            Group {
              children [
                Group {
                  children [
                    Shape {
                      appearance DEF M8 Appearance {
                        material Material {
                          diffuseColor 0.8 0.8 0.8
                          specularColor 0.401 0.401 0.401
                          emissiveColor 0 0 0
                          ambientIntensity 0
                          shininess 0.5
                        }
                      }
                      geometry IndexedFaceSet {
                        coord Coordinate {
                          point [
-25.67291199 -18.25486992 -0.60000756,-25.4634747 18.46453476 -0.39999998,-25.46347466 18.4645348 -0.59999998,-25.67291203 -18.25486996 -0.40000756,23.28629064 -18.53411967 -0.59999751,23.28629059 -18.53411972 -0.39999751,23.49572797 18.18528504 -0.59998994,23.49572793 18.185285 -0.39998994                          ]
                        }
                        coordIndex [
0,1,2,-1,0,3,1,-1,4,3,0,-1,4,5,3,-1,6,5,4,-1,6,7,5,-1,2,7,6,-1,2,1,7,-1,4,0,2,-1,4,2,6,-1,5,1,3,-1,5,7,1                        ]
                        ccw TRUE
                        colorPerVertex TRUE
                        color Color {
                          color [
0.8 0.8 0.8,0.196 0.196 0.22,                          ]
                        }
                        colorIndex [
1,1,1,-1,1,1,1,-1,1,1,1,-1,1,1,1,-1,1,1,1,-1,1,1,1,-1,1,1,1,-1,1,1,1,-1,1,1,1,-1,1,1,1,-1,1,1,1,-1,1,1,1                        ]
                      }
                    }
                  ]
                }
              ]
            }
          ]
        }
      ]
    }
  ]
}
